
INSERT INTO `clubploeg` (`ID`, `ReeksID`, `ClubID`, `Code`) VALUES
	(1085, 255, 24, 'E'),
	(1084, 255, 48, 'G'),
	(1083, 255, 49, 'K'),
	(1082, 255, 15, 'D'),
	(1081, 255, 1, 'F'),
	(1080, 255, 21, 'E'),
	(1079, 255, 55, 'F'),
	(1078, 255, 54, 'J'),
	(1077, 255, 60, 'B'),
	(1076, 255, 59, 'C'),
	(1075, 255, 29, 'D'),
	(1074, 255, 28, 'C'),
	(1073, 254, 22, 'F'),
	(1072, 254, 24, 'F'),
	(1071, 254, 61, 'C'),
	(1070, 254, 13, 'C'),
	(1069, 254, 25, 'C'),
	(1068, 254, 14, 'F'),
	(1067, 254, 18, 'C'),
	(1066, 254, 60, 'D'),
	(1065, 254, 25, 'B'),
	(1064, 254, 1, 'E'),
	(1063, 254, 60, 'C'),
	(1062, 254, 59, 'B'),
	(1061, 253, 61, 'B'),
	(1060, 253, 60, 'A'),
	(1059, 253, 15, 'B'),
	(1058, 253, 22, 'E'),
	(1057, 253, 12, 'C'),
	(1056, 253, 55, 'E'),
	(1055, 253, 14, 'D'),
	(1054, 253, 18, 'B'),
	(1053, 253, 1, 'D'),
	(1052, 253, 46, 'G'),
	(1051, 253, 59, 'A'),
	(1050, 252, 14, 'C'),
	(1049, 252, 54, 'E'),
	(1048, 252, 13, 'B'),
	(1047, 252, 7, 'E'),
	(1046, 252, 36, 'A'),
	(1045, 252, 21, 'B'),
	(1044, 252, 55, 'C'),
	(1043, 252, 48, 'E'),
	(1042, 252, 17, 'B'),
	(1041, 252, 23, 'A'),
	(1040, 252, 1, 'C'),
	(1039, 252, 28, 'A'),
	(1038, 251, 14, 'B'),
	(1037, 251, 18, 'A'),
	(1036, 251, 1, 'B'),
	(1035, 251, 66, 'A'),
	(1034, 251, 25, 'A'),
	(1033, 251, 22, 'C'),
	(1032, 251, 55, 'D'),
	(1031, 251, 15, 'A'),
	(1030, 251, 21, 'C'),
	(1029, 251, 7, 'C'),
	(1028, 251, 61, 'A'),
	(1027, 251, 28, 'B'),
	(1026, 250, 24, 'A'),
	(1025, 250, 47, 'B'),
	(1024, 250, 1, 'A'),
	(1023, 250, 53, 'B'),
	(1022, 250, 42, 'B'),
	(1021, 250, 17, 'A'),
	(1020, 250, 55, 'B'),
	(1019, 250, 48, 'C'),
	(1018, 250, 22, 'B'),
	(1017, 250, 9, 'B'),
	(1016, 250, 29, 'B'),
	(1015, 250, 10, 'C'),
	(1014, 249, 12, 'H'),
	(1013, 249, 63, 'D'),
	(1012, 249, 28, 'F'),
	(1011, 249, 26, 'F'),
	(1010, 249, 63, 'E'),
	(1009, 249, 36, 'D'),
	(1008, 249, 1, 'F'),
	(1007, 249, 43, 'I'),
	(1006, 249, 40, 'E'),
	(1005, 249, 12, 'G'),
	(1004, 249, 40, 'F'),
	(1003, 248, 1, 'E'),
	(1002, 248, 63, 'B'),
	(1001, 248, 29, 'D'),
	(1000, 248, 26, 'E'),
	(999, 248, 41, 'D'),
	(998, 248, 43, 'H'),
	(997, 248, 10, 'E'),
	(996, 248, 40, 'D'),
	(995, 248, 30, 'B'),
	(994, 248, 28, 'E'),
	(993, 247, 52, 'B'),
	(992, 247, 12, 'B'),
	(991, 247, 1, 'D'),
	(990, 247, 26, 'D'),
	(989, 247, 12, 'C'),
	(988, 247, 48, 'B'),
	(987, 247, 40, 'B'),
	(986, 247, 36, 'C'),
	(985, 247, 8, 'D'),
	(984, 247, 28, 'D'),
	(983, 246, 43, 'F'),
	(982, 246, 12, 'D'),
	(981, 246, 63, 'A'),
	(980, 246, 1, 'C'),
	(979, 246, 12, 'E'),
	(978, 246, 46, 'A'),
	(977, 246, 36, 'B'),
	(976, 246, 40, 'C'),
	(975, 246, 28, 'C'),
	(974, 246, 43, 'G'),
	(973, 245, 31, 'A'),
	(972, 245, 1, 'B'),
	(971, 245, 65, 'B'),
	(970, 245, 1, 'A'),
	(969, 245, 43, 'B'),
	(968, 245, 48, 'A'),
	(967, 245, 3, 'A'),
	(966, 245, 2, 'B'),
	(964, 245, 8, 'B'),
	(965, 245, 28, 'A');




INSERT INTO `clubploegspeler` (`ID`, `ClubPloegID`, `SpelerID`, `Kapitein`) VALUES
	(618, 1081, 87, 0),
	(617, 1081, 72, 0),
	(616, 1081, 63, 0),
	(615, 1081, 64, 0),
	(614, 1081, 6, 0),
	(613, 1081, 11, 0),
	(612, 1081, 77, 1),
	(611, 1064, 62, 0),
	(610, 1064, 22, 0),
	(609, 1064, 61, 0),
	(608, 1064, 28, 0),
	(607, 1064, 74, 0),
	(606, 1064, 65, 0),
	(605, 1064, 17, 1),
	(604, 1053, 81, 0),
	(603, 1053, 31, 0),
	(602, 1053, 84, 0),
	(601, 1053, 14, 0),
	(600, 1053, 27, 0),
	(599, 1053, 1, 1),
	(598, 1040, 79, 0),
	(597, 1040, 83, 0),
	(596, 1040, 80, 0),
	(595, 1040, 58, 0),
	(594, 1040, 59, 0),
	(593, 1040, 34, 1),
	(592, 1036, 12, 0),
	(591, 1036, 2, 0),
	(590, 1036, 7, 0),
	(589, 1036, 85, 0),
	(588, 1036, 5, 0),
	(587, 1036, 16, 1),
	(586, 1024, 20, 0),
	(585, 1024, 8, 0),
	(584, 1024, 75, 0),
	(583, 1024, 36, 0),
	(582, 1024, 86, 0),
	(581, 1024, 4, 1),
	(580, 1008, 29, 0),
	(579, 1008, 87, 0),
	(578, 1008, 71, 0),
	(577, 1008, 30, 0),
	(576, 1008, 77, 1),
	(575, 1008, 72, 0),
	(574, 1008, 64, 0),
	(573, 1008, 77, 1),
	(572, 1003, 29, 0),
	(571, 1003, 6, 0),
	(570, 1003, 63, 0),
	(569, 1003, 61, 0),
	(568, 1003, 11, 0),
	(567, 1003, 17, 1),
	(566, 991, 62, 0),
	(565, 991, 22, 0),
	(564, 991, 2, 0),
	(563, 991, 28, 0),
	(562, 991, 65, 1),
	(561, 980, 31, 0),
	(560, 980, 1, 0),
	(559, 980, 14, 0),
	(558, 980, 84, 0),
	(557, 980, 74, 1),
	(556, 972, 58, 0),
	(555, 972, 59, 0),
	(554, 972, 12, 0),
	(553, 972, 2, 0),
	(552, 972, 16, 1),
	(551, 970, 20, 0),
	(550, 970, 75, 0),
	(549, 970, 36, 0),
	(548, 970, 86, 0),
	(547, 970, 4, 1);



INSERT INTO `kalender` (`ID`, `Datum`, `Uur`, `ThuisClubID`, `ThuisPloeg`, `ThuisClubPloegID`, `UitClubID`, `UitPloeg`, `UitClubPloegID`, `Week`, `Beschrijving`, `Thuis`, `GeleideTraining`, `FrenoyMatchId`) VALUES
	(1726, '2016-04-20', '20:00:00', 1, 'F', 1081, 48, 'G', 1084, 22, NULL, 1, NULL, 'POVLH22/073'),
	(1725, '2016-04-16', '14:00:00', 1, 'F', 1081, 15, 'D', 1082, 21, NULL, 0, NULL, 'POVLH21/074'),
	(1724, '2016-04-08', '20:00:00', 1, 'F', 1081, 24, 'E', 1085, 20, NULL, 0, NULL, 'POVLH20/073'),
	(1723, '2016-03-09', '20:00:00', 1, 'F', 1081, 21, 'E', 1080, 19, NULL, 1, NULL, 'POVLH19/076'),
	(1722, '2016-03-02', '20:00:00', 1, 'F', 1081, 59, 'C', 1076, 18, NULL, 1, NULL, 'POVLH18/076'),
	(1721, '2016-02-27', '19:00:00', 1, 'F', 1081, 29, 'D', 1075, 17, NULL, 0, NULL, 'POVLH17/076'),
	(1720, '2016-02-17', '20:00:00', 1, 'F', 1081, 54, 'J', 1078, 16, NULL, 1, NULL, 'POVLH16/076'),
	(1719, '2016-02-05', '20:00:00', 1, 'F', 1081, 49, 'K', 1083, 15, NULL, 0, NULL, 'POVLH15/076'),
	(1718, '2016-01-29', '19:30:00', 1, 'F', 1081, 60, 'B', 1077, 14, NULL, 0, NULL, 'POVLH14/074'),
	(1717, '2016-01-20', '20:00:00', 1, 'F', 1081, 28, 'C', 1074, 13, NULL, 1, NULL, 'POVLH13/074'),
	(1716, '2016-01-16', '20:00:00', 1, 'F', 1081, 55, 'F', 1079, 12, NULL, 0, NULL, 'POVLH12/076'),
	(1715, '2015-12-11', '20:00:00', 1, 'F', 1081, 48, 'G', 1084, 11, NULL, 0, NULL, 'POVLH11/073'),
	(1714, '2015-11-25', '20:00:00', 1, 'F', 1081, 15, 'D', 1082, 10, NULL, 1, NULL, 'POVLH10/074'),
	(1713, '2015-11-18', '20:00:00', 1, 'F', 1081, 24, 'E', 1085, 9, NULL, 1, NULL, 'POVLH09/073'),
	(1712, '2015-11-10', '20:00:00', 1, 'F', 1081, 21, 'E', 1080, 8, NULL, 0, NULL, 'POVLH08/076'),
	(1711, '2015-11-06', '20:15:00', 1, 'F', 1081, 59, 'C', 1076, 7, NULL, 0, NULL, 'POVLH07/076'),
	(1710, '2015-10-21', '20:00:00', 1, 'F', 1081, 29, 'D', 1075, 6, NULL, 1, NULL, 'POVLH06/076'),
	(1709, '2015-10-16', '20:00:00', 1, 'F', 1081, 54, 'J', 1078, 5, NULL, 0, NULL, 'POVLH05/076'),
	(1708, '2015-10-07', '20:00:00', 1, 'F', 1081, 49, 'K', 1083, 4, NULL, 1, NULL, 'POVLH04/076'),
	(1707, '2015-09-30', '20:00:00', 1, 'F', 1081, 60, 'B', 1077, 3, NULL, 1, NULL, 'POVLH03/074'),
	(1706, '2015-09-23', '20:00:00', 1, 'F', 1081, 28, 'C', 1074, 2, NULL, 0, NULL, 'POVLH02/074'),
	(1705, '2015-09-16', '20:00:00', 1, 'F', 1081, 55, 'F', 1079, 1, NULL, 1, NULL, 'POVLH01/076'),
	(1704, '2016-04-18', '20:00:00', 1, 'E', 1064, 18, 'C', 1067, 22, NULL, 0, NULL, 'POVLH22/083'),
	(1703, '2016-04-15', '20:00:00', 1, 'E', 1064, 14, 'F', 1068, 21, NULL, 1, NULL, 'POVLH21/083'),
	(1702, '2016-04-08', '20:15:00', 1, 'E', 1064, 59, 'B', 1062, 20, NULL, 0, NULL, 'POVLH20/083'),
	(1701, '2016-03-11', '20:00:00', 1, 'E', 1064, 22, 'F', 1073, 19, NULL, 1, NULL, 'POVLH19/080'),
	(1700, '2016-03-04', '20:00:00', 1, 'E', 1064, 24, 'F', 1072, 18, NULL, 0, NULL, 'POVLH18/079'),
	(1699, '2016-02-26', '20:00:00', 1, 'E', 1064, 61, 'C', 1071, 17, NULL, 1, NULL, 'POVLH17/081'),
	(1698, '2016-02-19', '20:00:00', 1, 'E', 1064, 25, 'C', 1069, 16, NULL, 1, NULL, 'POVLH16/081'),
	(1697, '2016-02-05', '19:30:00', 1, 'E', 1064, 60, 'D', 1066, 15, NULL, 0, NULL, 'POVLH15/081'),
	(1696, '2016-01-29', '20:00:00', 1, 'E', 1064, 60, 'C', 1063, 14, NULL, 1, NULL, 'POVLH14/083'),
	(1695, '2016-01-22', '20:00:00', 1, 'E', 1064, 25, 'B', 1065, 13, NULL, 0, NULL, 'POVLH13/080'),
	(1694, '2016-01-15', '20:00:00', 1, 'E', 1064, 13, 'C', 1070, 12, NULL, 1, NULL, 'POVLH12/083'),
	(1693, '2015-12-11', '20:00:00', 1, 'E', 1064, 18, 'C', 1067, 11, NULL, 1, NULL, 'POVLH11/083'),
	(1692, '2015-11-27', '20:00:00', 1, 'E', 1064, 14, 'F', 1068, 10, NULL, 0, NULL, 'POVLH10/083'),
	(1691, '2015-11-20', '20:00:00', 1, 'E', 1064, 59, 'B', 1062, 9, NULL, 1, NULL, 'POVLH09/083'),
	(1690, '2015-11-14', '19:30:00', 1, 'E', 1064, 22, 'F', 1073, 8, NULL, 0, NULL, 'POVLH08/080'),
	(1689, '2015-11-06', '20:00:00', 1, 'E', 1064, 24, 'F', 1072, 7, NULL, 1, NULL, 'POVLH07/079'),
	(1688, '2015-10-23', '20:00:00', 1, 'E', 1064, 61, 'C', 1071, 6, NULL, 0, NULL, 'POVLH06/081'),
	(1687, '2015-10-16', '20:00:00', 1, 'E', 1064, 25, 'C', 1069, 5, NULL, 0, NULL, 'POVLH05/081'),
	(1686, '2015-10-09', '20:00:00', 1, 'E', 1064, 60, 'D', 1066, 4, NULL, 1, NULL, 'POVLH04/081'),
	(1685, '2015-10-02', '19:30:00', 1, 'E', 1064, 60, 'C', 1063, 3, NULL, 0, NULL, 'POVLH03/083'),
	(1684, '2015-09-25', '20:00:00', 1, 'E', 1064, 25, 'B', 1065, 2, NULL, 1, NULL, 'POVLH02/080'),
	(1683, '2015-09-19', '19:00:00', 1, 'E', 1064, 13, 'C', 1070, 1, NULL, 0, NULL, 'POVLH01/083'),
	(1682, '2016-04-22', '20:15:00', 1, 'D', 1053, 59, 'A', 1051, 22, NULL, 0, NULL, 'POVLH22/059'),
	(1681, '2016-04-15', '20:00:00', 1, 'D', 1053, 14, 'D', 1055, 21, NULL, 1, NULL, 'POVLH21/059'),
	(1680, '2016-04-08', '20:30:00', 1, 'D', 1053, 46, 'G', 1052, 20, NULL, 0, NULL, 'POVLH20/059'),
	(1679, '2016-03-11', '20:00:00', 1, 'D', 1053, 22, 'E', 1058, 19, NULL, 1, NULL, 'POVLH19/056'),
	(1678, '2016-03-04', '20:00:00', 1, 'D', 1053, 61, 'B', 1061, 18, NULL, 0, NULL, 'POVLH18/055'),
	(1677, '2016-02-26', '20:00:00', 1, 'D', 1053, 15, 'B', 1059, 17, NULL, 1, NULL, 'POVLH17/057'),
	(1676, '2016-02-19', '20:00:00', 1, 'D', 1053, 55, 'E', 1056, 16, NULL, 1, NULL, 'POVLH16/057'),
	(1675, '2016-02-05', '20:00:00', 1, 'D', 1053, 18, 'B', 1054, 15, NULL, 0, NULL, 'POVLH15/057'),
	(1674, '2016-01-29', '20:00:00', 1, 'D', 1053, 60, 'A', 1060, 14, NULL, 1, NULL, 'POVLH14/059'),
	(1673, '2016-01-23', '19:00:00', 1, 'D', 1053, 12, 'C', 1057, 13, NULL, 0, NULL, 'POVLH13/056'),
	(1672, '2015-12-11', '20:00:00', 1, 'D', 1053, 59, 'A', 1051, 11, NULL, 1, NULL, 'POVLH11/059'),
	(1671, '2015-11-27', '20:00:00', 1, 'D', 1053, 14, 'D', 1055, 10, NULL, 0, NULL, 'POVLH10/059'),
	(1670, '2015-11-20', '20:00:00', 1, 'D', 1053, 46, 'G', 1052, 9, NULL, 1, NULL, 'POVLH09/059'),
	(1669, '2015-11-14', '19:30:00', 1, 'D', 1053, 22, 'E', 1058, 8, NULL, 0, NULL, 'POVLH08/056'),
	(1668, '2015-11-06', '20:00:00', 1, 'D', 1053, 61, 'B', 1061, 7, NULL, 1, NULL, 'POVLH07/055'),
	(1667, '2015-10-23', '20:00:00', 1, 'D', 1053, 15, 'B', 1059, 6, NULL, 0, NULL, 'POVLH06/057'),
	(1666, '2015-10-17', '10:00:00', 1, 'D', 1053, 55, 'E', 1056, 5, NULL, 0, NULL, 'POVLH05/057'),
	(1665, '2015-10-09', '20:00:00', 1, 'D', 1053, 18, 'B', 1054, 4, NULL, 1, NULL, 'POVLH04/057'),
	(1664, '2015-10-02', '19:30:00', 1, 'D', 1053, 60, 'A', 1060, 3, NULL, 0, NULL, 'POVLH03/059'),
	(1663, '2015-09-25', '20:00:00', 1, 'D', 1053, 12, 'C', 1057, 2, NULL, 1, NULL, 'POVLH02/056'),
	(1662, '2016-04-23', '14:00:00', 1, 'C', 1040, 17, 'B', 1042, 22, NULL, 1, NULL, 'POVLH22/028'),
	(1661, '2016-04-14', '20:00:00', 1, 'C', 1040, 28, 'A', 1039, 21, NULL, 0, NULL, 'POVLH21/029'),
	(1660, '2016-04-09', '20:00:00', 1, 'C', 1040, 55, 'C', 1044, 20, NULL, 0, NULL, 'POVLH20/028'),
	(1659, '2016-03-12', '14:00:00', 1, 'C', 1040, 48, 'E', 1043, 19, NULL, 1, NULL, 'POVLH19/030'),
	(1658, '2016-03-05', '19:00:00', 1, 'C', 1040, 13, 'B', 1048, 18, NULL, 0, NULL, 'POVLH18/029'),
	(1657, '2016-02-27', '14:00:00', 1, 'C', 1040, 36, 'A', 1046, 17, NULL, 1, NULL, 'POVLH17/028'),
	(1656, '2016-02-19', '19:30:00', 1, 'C', 1040, 23, 'A', 1041, 16, NULL, 0, NULL, 'POVLH16/030'),
	(1655, '2016-02-06', '14:00:00', 1, 'C', 1040, 21, 'B', 1045, 15, NULL, 1, NULL, 'POVLH15/029'),
	(1654, '2016-01-29', '20:00:00', 1, 'C', 1040, 7, 'E', 1047, 14, NULL, 0, NULL, 'POVLH14/028'),
	(1653, '2016-01-23', '14:00:00', 1, 'C', 1040, 54, 'E', 1049, 13, NULL, 1, NULL, 'POVLH13/029'),
	(1652, '2016-01-15', '20:15:00', 1, 'C', 1040, 14, 'C', 1050, 12, NULL, 0, NULL, 'POVLH12/025'),
	(1651, '2015-12-11', '20:00:00', 1, 'C', 1040, 17, 'B', 1042, 11, NULL, 0, NULL, 'POVLH11/028'),
	(1650, '2015-11-28', '14:00:00', 1, 'C', 1040, 28, 'A', 1039, 10, NULL, 1, NULL, 'POVLH10/029'),
	(1649, '2015-11-21', '14:00:00', 1, 'C', 1040, 55, 'C', 1044, 9, NULL, 1, NULL, 'POVLH09/028'),
	(1648, '2015-11-13', '20:00:00', 1, 'C', 1040, 48, 'E', 1043, 8, NULL, 0, NULL, 'POVLH08/030'),
	(1647, '2015-11-07', '14:00:00', 1, 'C', 1040, 13, 'B', 1048, 7, NULL, 1, NULL, 'POVLH07/029'),
	(1646, '2015-10-22', '20:00:00', 1, 'C', 1040, 36, 'A', 1046, 6, NULL, 0, NULL, 'POVLH06/028'),
	(1645, '2015-10-14', '20:00:00', 1, 'C', 1040, 23, 'A', 1041, 5, NULL, 1, NULL, 'POVLH05/030'),
	(1644, '2015-10-06', '20:00:00', 1, 'C', 1040, 21, 'B', 1045, 4, NULL, 0, NULL, 'POVLH04/029'),
	(1643, '2015-10-03', '14:00:00', 1, 'C', 1040, 7, 'E', 1047, 3, NULL, 1, NULL, 'POVLH03/028'),
	(1642, '2015-09-25', '20:00:00', 1, 'C', 1040, 54, 'E', 1049, 2, NULL, 0, NULL, 'POVLH02/029'),
	(1641, '2015-09-19', '14:00:00', 1, 'C', 1040, 14, 'C', 1050, 1, NULL, 1, NULL, 'POVLH01/025'),
	(1640, '2016-04-22', '20:00:00', 1, 'B', 1036, 14, 'B', 1038, 22, NULL, 1, NULL, 'POVLH22/033'),
	(1639, '2016-04-11', '20:00:00', 1, 'B', 1036, 18, 'A', 1037, 21, NULL, 0, NULL, 'POVLH21/033'),
	(1638, '2016-04-08', '20:00:00', 1, 'B', 1036, 66, 'A', 1035, 20, NULL, 1, NULL, 'POVLH20/032'),
	(1637, '2016-03-11', '20:00:00', 1, 'B', 1036, 7, 'C', 1029, 19, NULL, 0, NULL, 'POVLH19/035'),
	(1636, '2016-03-04', '20:00:00', 1, 'B', 1036, 61, 'A', 1028, 18, NULL, 1, NULL, 'POVLH18/035'),
	(1635, '2016-02-12', '20:00:00', 1, 'B', 1036, 15, 'A', 1031, 17, NULL, 0, NULL, 'POVLH17/035'),
	(1634, '2016-02-19', '20:00:00', 1, 'B', 1036, 22, 'C', 1033, 16, NULL, 0, NULL, 'POVLH16/035'),
	(1633, '2016-02-05', '20:00:00', 1, 'B', 1036, 25, 'A', 1034, 15, NULL, 1, NULL, 'POVLH15/034'),
	(1632, '2016-01-30', '20:00:00', 1, 'B', 1036, 55, 'D', 1032, 14, NULL, 0, NULL, 'POVLH14/033'),
	(1631, '2016-01-22', '20:00:00', 1, 'B', 1036, 21, 'C', 1030, 13, NULL, 1, NULL, 'POVLH13/034'),
	(1630, '2016-01-14', '20:00:00', 1, 'B', 1036, 28, 'B', 1027, 12, NULL, 0, NULL, 'POVLH12/035'),
	(1629, '2015-12-11', '20:15:00', 1, 'B', 1036, 14, 'B', 1038, 11, NULL, 0, NULL, 'POVLH11/033'),
	(1628, '2015-11-27', '20:00:00', 1, 'B', 1036, 18, 'A', 1037, 10, NULL, 1, NULL, 'POVLH10/033'),
	(1627, '2015-11-20', '20:30:00', 1, 'B', 1036, 66, 'A', 1035, 9, NULL, 0, NULL, 'POVLH09/032'),
	(1626, '2015-11-13', '20:00:00', 1, 'B', 1036, 7, 'C', 1029, 8, NULL, 1, NULL, 'POVLH08/035'),
	(1625, '2015-11-06', '20:00:00', 1, 'B', 1036, 61, 'A', 1028, 7, NULL, 0, NULL, 'POVLH07/035'),
	(1624, '2015-10-23', '20:00:00', 1, 'B', 1036, 15, 'A', 1031, 6, NULL, 1, NULL, 'POVLH06/035'),
	(1623, '2015-10-16', '20:00:00', 1, 'B', 1036, 22, 'C', 1033, 5, NULL, 1, NULL, 'POVLH05/035'),
	(1622, '2015-10-10', '20:00:00', 1, 'B', 1036, 25, 'A', 1034, 4, NULL, 0, NULL, 'POVLH04/034'),
	(1621, '2015-10-02', '20:00:00', 1, 'B', 1036, 55, 'D', 1032, 3, NULL, 1, NULL, 'POVLH03/033'),
	(1620, '2015-09-22', '20:00:00', 1, 'B', 1036, 21, 'C', 1030, 2, NULL, 0, NULL, 'POVLH02/034'),
	(1619, '2015-09-18', '20:00:00', 1, 'B', 1036, 28, 'B', 1027, 1, NULL, 1, NULL, 'POVLH01/035'),
	(1618, '2016-04-22', '20:00:00', 1, 'A', 1024, 24, 'A', 1026, 22, NULL, 1, NULL, 'POVLH22/009'),
	(1617, '2016-04-15', '20:00:00', 1, 'A', 1024, 47, 'B', 1025, 21, NULL, 0, NULL, 'POVLH21/009'),
	(1616, '2016-04-08', '20:00:00', 1, 'A', 1024, 53, 'B', 1023, 20, NULL, 1, NULL, 'POVLH20/008'),
	(1615, '2016-03-12', '19:30:00', 1, 'A', 1024, 9, 'B', 1017, 19, NULL, 0, NULL, 'POVLH19/011'),
	(1614, '2016-03-04', '20:00:00', 1, 'A', 1024, 29, 'B', 1016, 18, NULL, 1, NULL, 'POVLH18/011'),
	(1613, '2016-02-26', '20:00:00', 1, 'A', 1024, 48, 'C', 1019, 17, NULL, 0, NULL, 'POVLH17/011'),
	(1612, '2016-02-19', '20:00:00', 1, 'A', 1024, 17, 'A', 1021, 16, NULL, 0, NULL, 'POVLH16/011'),
	(1611, '2016-02-05', '20:00:00', 1, 'A', 1024, 42, 'B', 1022, 15, NULL, 1, NULL, 'POVLH15/010'),
	(1610, '2016-01-30', '20:00:00', 1, 'A', 1024, 55, 'B', 1020, 14, NULL, 0, NULL, 'POVLH14/009'),
	(1609, '2016-01-22', '20:00:00', 1, 'A', 1024, 22, 'B', 1018, 13, NULL, 1, NULL, 'POVLH13/010'),
	(1608, '2016-01-16', '19:00:00', 1, 'A', 1024, 10, 'C', 1015, 12, NULL, 0, NULL, 'POVLH12/011'),
	(1607, '2015-12-11', '20:00:00', 1, 'A', 1024, 24, 'A', 1026, 11, NULL, 0, NULL, 'POVLH11/009'),
	(1606, '2015-11-27', '20:00:00', 1, 'A', 1024, 47, 'B', 1025, 10, NULL, 1, NULL, 'POVLH10/009'),
	(1605, '2015-11-20', '20:00:00', 1, 'A', 1024, 53, 'B', 1023, 9, NULL, 0, NULL, 'POVLH09/008'),
	(1604, '2015-11-13', '20:00:00', 1, 'A', 1024, 9, 'B', 1017, 8, NULL, 1, NULL, 'POVLH08/011'),
	(1603, '2015-11-07', '19:00:00', 1, 'A', 1024, 29, 'B', 1016, 7, NULL, 0, NULL, 'POVLH07/011'),
	(1602, '2015-10-23', '20:00:00', 1, 'A', 1024, 48, 'C', 1019, 6, NULL, 1, NULL, 'POVLH06/011'),
	(1601, '2015-10-16', '20:00:00', 1, 'A', 1024, 17, 'A', 1021, 5, NULL, 1, NULL, 'POVLH05/011'),
	(1600, '2015-10-09', '20:15:00', 1, 'A', 1024, 42, 'B', 1022, 4, NULL, 0, NULL, 'POVLH04/010'),
	(1599, '2015-10-02', '20:00:00', 1, 'A', 1024, 55, 'B', 1020, 3, NULL, 1, NULL, 'POVLH03/009'),
	(1598, '2015-09-25', '20:00:00', 1, 'A', 1024, 22, 'B', 1018, 2, NULL, 0, NULL, 'POVLH02/010'),
	(1597, '2015-09-18', '20:00:00', 1, 'A', 1024, 10, 'C', 1015, 1, NULL, 1, NULL, 'POVLH01/011'),
	(1596, '2016-03-28', '20:00:00', 1, 'F', 1008, 28, 'F', 1012, 22, NULL, 1, NULL, 'O22/044'),
	(1595, '2016-03-21', '20:00:00', 1, 'F', 1008, 40, 'F', 1004, 21, NULL, 0, NULL, 'O21/042'),
	(1594, '2016-02-29', '20:00:00', 1, 'F', 1008, 12, 'H', 1014, 19, NULL, 1, NULL, 'O19/042'),
	(1593, '2016-02-22', '20:00:00', 1, 'F', 1008, 12, 'G', 1005, 18, NULL, 0, NULL, 'O18/042'),
	(1592, '2016-02-15', '20:00:00', 1, 'F', 1008, 40, 'E', 1006, 17, NULL, 0, NULL, 'O17/042'),
	(1591, '2016-02-01', '20:00:00', 1, 'F', 1008, 63, 'D', 1013, 16, NULL, 1, NULL, 'O16/041'),
	(1590, '2016-01-25', '20:30:00', 1, 'F', 1008, 26, 'F', 1011, 15, NULL, 0, NULL, 'O15/044'),
	(1589, '2016-01-18', '20:00:00', 1, 'F', 1008, 63, 'E', 1010, 14, NULL, 1, NULL, 'O14/043'),
	(1588, '2016-01-13', '20:00:00', 1, 'F', 1008, 43, 'I', 1007, 13, NULL, 0, NULL, 'O13/043'),
	(1587, '2016-01-04', '20:00:00', 1, 'F', 1008, 36, 'D', 1009, 12, NULL, 1, NULL, 'O12/045'),
	(1586, '2015-12-01', '20:30:00', 1, 'F', 1008, 28, 'F', 1012, 11, NULL, 0, NULL, 'O11/044'),
	(1585, '2015-11-23', '20:00:00', 1, 'F', 1008, 40, 'F', 1004, 10, NULL, 1, NULL, 'O10/042'),
	(1584, '2015-11-09', '20:00:00', 1, 'F', 1008, 12, 'H', 1014, 8, NULL, 0, NULL, 'O08/042'),
	(1583, '2015-10-26', '20:00:00', 1, 'F', 1008, 12, 'G', 1005, 7, NULL, 1, NULL, 'O07/042'),
	(1582, '2015-10-19', '20:00:00', 1, 'F', 1008, 40, 'E', 1006, 6, NULL, 1, NULL, 'O06/042'),
	(1581, '2015-10-15', '20:00:00', 1, 'F', 1008, 63, 'D', 1013, 5, NULL, 0, NULL, 'O05/041'),
	(1580, '2015-09-28', '20:00:00', 1, 'F', 1008, 26, 'F', 1011, 4, NULL, 1, NULL, 'O04/044'),
	(1579, '2015-09-24', '20:00:00', 1, 'F', 1008, 63, 'E', 1010, 3, NULL, 0, NULL, 'O03/043'),
	(1578, '2015-09-14', '20:00:00', 1, 'F', 1008, 43, 'I', 1007, 2, NULL, 1, NULL, 'O02/043'),
	(1577, '2015-09-08', '20:00:00', 1, 'F', 1008, 36, 'D', 1009, 1, NULL, 0, NULL, 'O01/045'),
	(1576, '2016-03-22', '20:00:00', 1, 'E', 1003, 40, 'D', 996, 21, NULL, 0, NULL, 'O21/037'),
	(1575, '2016-03-07', '20:00:00', 1, 'E', 1003, 10, 'E', 997, 20, NULL, 0, NULL, 'O20/038'),
	(1574, '2016-02-29', '20:00:00', 1, 'E', 1003, 41, 'D', 999, 19, NULL, 1, NULL, 'O19/037'),
	(1573, '2016-02-23', '20:00:00', 1, 'E', 1003, 63, 'B', 1002, 18, NULL, 0, NULL, 'O18/037'),
	(1572, '2016-02-17', '20:00:00', 1, 'E', 1003, 29, 'D', 1001, 17, NULL, 0, NULL, 'O17/036'),
	(1571, '2016-02-01', '20:00:00', 1, 'E', 1003, 30, 'B', 995, 16, NULL, 1, NULL, 'O16/036'),
	(1570, '2016-01-26', '20:30:00', 1, 'E', 1003, 28, 'E', 994, 15, NULL, 0, NULL, 'O15/040'),
	(1569, '2016-01-18', '20:00:00', 1, 'E', 1003, 26, 'E', 1000, 14, NULL, 1, NULL, 'O14/038'),
	(1568, '2016-01-13', '20:00:00', 1, 'E', 1003, 43, 'H', 998, 13, NULL, 0, NULL, 'O13/039'),
	(1567, '2015-11-23', '20:00:00', 1, 'E', 1003, 40, 'D', 996, 10, NULL, 1, NULL, 'O10/037'),
	(1566, '2015-11-16', '20:00:00', 1, 'E', 1003, 10, 'E', 997, 9, NULL, 1, NULL, 'O09/038'),
	(1565, '2015-11-09', '20:00:00', 1, 'E', 1003, 41, 'D', 999, 8, NULL, 0, NULL, 'O08/037'),
	(1564, '2015-10-26', '20:00:00', 1, 'E', 1003, 63, 'B', 1002, 7, NULL, 1, NULL, 'O07/037'),
	(1563, '2015-10-19', '20:00:00', 1, 'E', 1003, 29, 'D', 1001, 6, NULL, 1, NULL, 'O06/036'),
	(1562, '2015-10-13', '20:00:00', 1, 'E', 1003, 30, 'B', 995, 5, NULL, 0, NULL, 'O05/036'),
	(1561, '2015-09-28', '20:00:00', 1, 'E', 1003, 28, 'E', 994, 4, NULL, 1, NULL, 'O04/040'),
	(1560, '2015-09-21', '20:30:00', 1, 'E', 1003, 26, 'E', 1000, 3, NULL, 0, NULL, 'O03/038'),
	(1559, '2015-09-14', '20:00:00', 1, 'E', 1003, 43, 'H', 998, 2, NULL, 1, NULL, 'O02/039'),
	(1558, '2016-03-21', '20:00:00', 1, 'D', 991, 12, 'C', 989, 21, NULL, 0, NULL, 'O21/023'),
	(1557, '2016-03-08', '20:30:00', 1, 'D', 991, 48, 'B', 988, 20, NULL, 0, NULL, 'O20/021'),
	(1556, '2016-03-02', '20:00:00', 1, 'D', 991, 28, 'D', 984, 19, NULL, 1, NULL, 'O19/021'),
	(1555, '2016-02-22', '20:30:00', 1, 'D', 991, 26, 'D', 990, 18, NULL, 0, NULL, 'O18/023'),
	(1554, '2016-02-17', '20:00:00', 1, 'D', 991, 52, 'B', 993, 17, NULL, 1, NULL, 'O17/021'),
	(1553, '2016-02-02', '20:00:00', 1, 'D', 991, 40, 'B', 987, 16, NULL, 0, NULL, 'O16/025'),
	(1552, '2016-01-27', '20:00:00', 1, 'D', 991, 36, 'C', 986, 15, NULL, 1, NULL, 'O15/021'),
	(1551, '2016-01-18', '20:30:00', 1, 'D', 991, 8, 'D', 985, 14, NULL, 0, NULL, 'O14/022'),
	(1550, '2016-01-13', '20:00:00', 1, 'D', 991, 12, 'B', 992, 13, NULL, 1, NULL, 'O13/021'),
	(1549, '2015-11-25', '20:00:00', 1, 'D', 991, 12, 'C', 989, 10, NULL, 1, NULL, 'O10/023'),
	(1548, '2015-11-18', '20:00:00', 1, 'D', 991, 48, 'B', 988, 9, NULL, 1, NULL, 'O09/021'),
	(1547, '2015-11-03', '20:30:00', 1, 'D', 991, 28, 'D', 984, 8, NULL, 0, NULL, 'O08/021'),
	(1546, '2015-10-28', '20:00:00', 1, 'D', 991, 26, 'D', 990, 7, NULL, 1, NULL, 'O07/023'),
	(1545, '2015-10-19', '20:00:00', 1, 'D', 991, 52, 'B', 993, 6, NULL, 0, NULL, 'O06/021'),
	(1544, '2015-10-14', '20:00:00', 1, 'D', 991, 40, 'B', 987, 5, NULL, 1, NULL, 'O05/025'),
	(1543, '2015-09-29', '20:00:00', 1, 'D', 991, 36, 'C', 986, 4, NULL, 0, NULL, 'O04/021'),
	(1542, '2015-09-23', '20:00:00', 1, 'D', 991, 8, 'D', 985, 3, NULL, 1, NULL, 'O03/022'),
	(1541, '2015-09-14', '20:00:00', 1, 'D', 991, 12, 'B', 992, 2, NULL, 0, NULL, 'O02/021'),
	(1540, '2016-03-21', '20:00:00', 1, 'C', 980, 36, 'B', 977, 21, NULL, 1, NULL, 'O21/030'),
	(1539, '2016-03-07', '20:00:00', 1, 'C', 980, 40, 'C', 976, 20, NULL, 1, NULL, 'O20/030'),
	(1538, '2016-02-29', '20:00:00', 1, 'C', 980, 46, 'A', 978, 19, NULL, 0, NULL, 'O19/030'),
	(1537, '2016-02-22', '20:00:00', 1, 'C', 980, 63, 'A', 981, 18, NULL, 1, NULL, 'O18/028'),
	(1536, '2016-02-15', '20:00:00', 1, 'C', 980, 43, 'G', 974, 17, NULL, 1, NULL, 'O17/029'),
	(1535, '2016-02-01', '20:00:00', 1, 'C', 980, 12, 'D', 982, 16, NULL, 0, NULL, 'O16/028'),
	(1534, '2016-01-25', '20:00:00', 1, 'C', 980, 28, 'C', 975, 15, NULL, 1, NULL, 'O15/029'),
	(1533, '2016-01-18', '20:00:00', 1, 'C', 980, 43, 'F', 983, 14, NULL, 0, NULL, 'O14/028'),
	(1531, '2015-11-24', '20:00:00', 1, 'C', 980, 36, 'B', 977, 10, NULL, 0, NULL, 'O10/030'),
	(1532, '2016-01-11', '20:00:00', 1, 'C', 980, 12, 'E', 979, 13, NULL, 1, NULL, 'O13/030'),
	(1530, '2015-11-17', '20:00:00', 1, 'C', 980, 40, 'C', 976, 9, NULL, 0, NULL, 'O09/030'),
	(1529, '2015-11-09', '20:00:00', 1, 'C', 980, 46, 'A', 978, 8, NULL, 1, NULL, 'O08/030'),
	(1528, '2015-10-27', '20:00:00', 1, 'C', 980, 63, 'A', 981, 7, NULL, 0, NULL, 'O07/028'),
	(1527, '2015-10-21', '20:00:00', 1, 'C', 980, 43, 'G', 974, 6, NULL, 0, NULL, 'O06/029'),
	(1526, '2015-10-12', '20:00:00', 1, 'C', 980, 12, 'D', 982, 5, NULL, 1, NULL, 'O05/028'),
	(1525, '2015-09-29', '20:30:00', 1, 'C', 980, 28, 'C', 975, 4, NULL, 0, NULL, 'O04/029'),
	(1524, '2015-09-21', '20:00:00', 1, 'C', 980, 43, 'F', 983, 3, NULL, 1, NULL, 'O03/028'),
	(1523, '2015-09-14', '20:00:00', 1, 'C', 980, 12, 'E', 979, 2, NULL, 0, NULL, 'O02/030'),
	(1522, '2016-03-23', '20:00:00', 1, 'B', 972, 8, 'B', 964, 21, NULL, 1, NULL, 'O21/009'),
	(1521, '2016-03-09', '20:00:00', 1, 'B', 972, 43, 'B', 969, 20, NULL, 1, NULL, 'O20/007'),
	(1520, '2016-03-01', '20:30:00', 1, 'B', 972, 28, 'A', 965, 19, NULL, 0, NULL, 'O19/008'),
	(1519, '2016-02-24', '20:00:00', 1, 'B', 972, 31, 'A', 973, 18, NULL, 1, NULL, 'O18/007'),
	(1518, '2016-02-18', '20:00:00', 1, 'B', 972, 2, 'B', 966, 17, NULL, 0, NULL, 'O17/008'),
	(1517, '2016-02-03', '20:00:00', 1, 'B', 972, 1, 'A', 970, 16, NULL, 1, NULL, 'O16/008'),
	(1516, '2016-01-26', '20:30:00', 1, 'B', 972, 48, 'A', 968, 15, NULL, 0, NULL, 'O15/008'),
	(1515, '2016-01-19', '20:00:00', 1, 'B', 972, 3, 'A', 967, 14, NULL, 0, NULL, 'O14/010'),
	(1514, '2016-01-13', '20:00:00', 1, 'B', 972, 65, 'B', 971, 13, NULL, 0, NULL, 'O13/006'),
	(1513, '2015-11-23', '20:30:00', 1, 'B', 972, 8, 'B', 964, 10, NULL, 0, NULL, 'O10/009'),
	(1512, '2015-11-18', '20:00:00', 1, 'B', 972, 43, 'B', 969, 9, NULL, 0, NULL, 'O09/007'),
	(1511, '2015-11-04', '20:00:00', 1, 'B', 972, 28, 'A', 965, 8, NULL, 1, NULL, 'O08/008'),
	(1510, '2015-10-29', '20:00:00', 1, 'B', 972, 31, 'A', 973, 7, NULL, 0, NULL, 'O07/007'),
	(1509, '2015-10-21', '20:00:00', 1, 'B', 972, 2, 'B', 966, 6, NULL, 1, NULL, 'O06/008'),
	(1508, '2015-10-12', '20:00:00', 1, 'B', 972, 1, 'A', 970, 5, NULL, 0, NULL, 'O05/008'),
	(1507, '2015-09-30', '20:00:00', 1, 'B', 972, 48, 'A', 968, 4, NULL, 1, NULL, 'O04/008'),
	(1506, '2015-09-23', '20:00:00', 1, 'B', 972, 3, 'A', 967, 3, NULL, 1, NULL, 'O03/010'),
	(1505, '2015-09-16', '20:00:00', 1, 'B', 972, 65, 'B', 971, 2, NULL, 1, NULL, 'O02/006'),
	(1504, '2016-03-21', '20:00:00', 1, 'A', 970, 3, 'A', 967, 21, NULL, 1, NULL, 'O21/010'),
	(1503, '2016-03-07', '20:00:00', 1, 'A', 970, 2, 'B', 966, 20, NULL, 1, NULL, 'O20/010'),
	(1502, '2016-03-01', '20:30:00', 1, 'A', 970, 48, 'A', 968, 19, NULL, 0, NULL, 'O19/010'),
	(1501, '2016-02-22', '20:00:00', 1, 'A', 970, 65, 'B', 971, 18, NULL, 1, NULL, 'O18/008'),
	(1500, '2016-02-15', '20:00:00', 1, 'A', 970, 8, 'B', 964, 17, NULL, 1, NULL, 'O17/009'),
	(1499, '2016-02-03', '20:00:00', 1, 'A', 970, 1, 'B', 972, 16, NULL, 0, NULL, 'O16/008'),
	(1498, '2016-01-25', '20:00:00', 1, 'A', 970, 28, 'A', 965, 15, NULL, 1, NULL, 'O15/009'),
	(1497, '2016-01-21', '20:00:00', 1, 'A', 970, 31, 'A', 973, 14, NULL, 0, NULL, 'O14/008'),
	(1496, '2016-01-11', '20:00:00', 1, 'A', 970, 43, 'B', 969, 13, NULL, 1, NULL, 'O13/010'),
	(1495, '2015-11-24', '20:00:00', 1, 'A', 970, 3, 'A', 967, 10, NULL, 0, NULL, 'O10/010'),
	(1494, '2015-11-19', '20:00:00', 1, 'A', 970, 2, 'B', 966, 9, NULL, 0, NULL, 'O09/010'),
	(1493, '2015-11-09', '20:00:00', 1, 'A', 970, 48, 'A', 968, 8, NULL, 1, NULL, 'O08/010'),
	(1492, '2015-10-28', '20:00:00', 1, 'A', 970, 65, 'B', 971, 7, NULL, 0, NULL, 'O07/008'),
	(1487, '2015-09-16', '20:00:00', 1, 'A', 970, 43, 'B', 969, 2, NULL, 0, NULL, 'O02/010'),
	(1488, '2015-09-21', '20:00:00', 1, 'A', 970, 31, 'A', 973, 3, NULL, 1, NULL, 'O03/008'),
	(1489, '2015-10-06', '20:30:00', 1, 'A', 970, 28, 'A', 965, 4, NULL, 0, NULL, 'O04/009'),
	(1490, '2015-10-12', '20:00:00', 1, 'A', 970, 1, 'B', 972, 5, NULL, 1, NULL, 'O05/008'),
	(1491, '2015-10-19', '20:30:00', 1, 'A', 970, 8, 'B', 964, 6, NULL, 0, NULL, 'O06/009');



INSERT INTO `reeks` (`ID`, `Competitie`, `Reeks`, `ReeksType`, `ReeksCode`, `Jaar`, `LinkID`, `FrenoyTeamId`, `FrenoyDivisionId`) VALUES
	(255, 'VTTL', '5', 'Prov', 'B', 2015, '2348_F', '2348-2', 2348),
	(254, 'VTTL', '5', 'Prov', 'C', 2015, '2349_E', '2349-9', 2349),
	(245, 'Sporta', '1', 'Afd', '', 2015, '841_A', '841-2', 841),
	(246, 'Sporta', '3', 'Afd', 'B', 2015, '845_C', '845-2', 845),
	(247, 'Sporta', '3', 'Afd', 'A', 2015, '844_D', '844-3', 844),
	(248, 'Sporta', '4', 'Afd', 'B', 2015, '847_E', '847-1', 847),
	(249, 'Sporta', '5', 'Afd', '', 2015, '848_F', '848-1', 848),
	(250, 'VTTL', '2', 'Prov', 'A', 2015, '2337_A', '2337-4', 2337),
	(251, 'VTTL', '3', 'Prov', 'C', 2015, '2341_B', '2341-4', 2341),
	(252, 'VTTL', '3', 'Prov', 'B', 2015, '2340_C', '2340-8', 2340),
	(253, 'VTTL', '4', 'Prov', 'C', 2015, '2345_D', '2345-9', 2345);

