-- --------------------------------------------------------
-- Host:                         localhost
-- Server versie:                5.5.44-0ubuntu0.14.04.1 - (Ubuntu)
-- Server OS:                    debian-linux-gnu
-- HeidiSQL Versie:              8.3.0.4694
-- --------------------------------------------------------

/*!40101 SET @OLD_CHARACTER_SET_CLIENT=@@CHARACTER_SET_CLIENT */;
/*!40101 SET NAMES utf8 */;
/*!40014 SET @OLD_FOREIGN_KEY_CHECKS=@@FOREIGN_KEY_CHECKS, FOREIGN_KEY_CHECKS=0 */;
/*!40101 SET @OLD_SQL_MODE=@@SQL_MODE, SQL_MODE='NO_AUTO_VALUE_ON_ZERO' */;
-- Dumpen data van tabel ttc_erembodegem.clubploeg: 523 rows
/*!40000 ALTER TABLE `clubploeg` DISABLE KEYS */;
INSERT INTO `clubploeg` (`ID`, `ReeksID`, `ClubID`, `Code`) VALUES
	(883, 235, 12, 'H'),
	(882, 235, 12, 'G'),
	(881, 235, 63, 'D'),
	(880, 235, 26, 'F'),
	(879, 235, 63, 'E'),
	(878, 235, 28, 'F'),
	(877, 235, 36, 'D'),
	(876, 235, 40, 'E'),
	(875, 235, 43, 'I'),
	(874, 235, 1, 'F'),
	(873, 235, 40, 'F'),
	(872, 234, 1, 'E'),
	(871, 234, 63, 'B'),
	(870, 234, 29, 'D'),
	(869, 234, 26, 'E'),
	(868, 234, 41, 'D'),
	(867, 234, 43, 'H'),
	(866, 234, 10, 'E'),
	(865, 234, 40, 'D'),
	(864, 234, 30, 'B'),
	(863, 234, 28, 'E'),
	(862, 233, 52, 'B'),
	(861, 233, 12, 'B'),
	(860, 233, 1, 'D'),
	(859, 233, 26, 'D'),
	(858, 233, 12, 'C'),
	(857, 233, 48, 'B'),
	(856, 233, 40, 'B'),
	(855, 233, 36, 'C'),
	(854, 233, 8, 'D'),
	(853, 233, 28, 'D'),
	(852, 232, 43, 'F'),
	(851, 232, 12, 'D'),
	(850, 232, 63, 'A'),
	(849, 232, 1, 'C'),
	(848, 232, 12, 'E'),
	(847, 232, 46, 'A'),
	(846, 232, 36, 'B'),
	(845, 232, 40, 'C'),
	(844, 232, 28, 'C'),
	(843, 232, 43, 'G'),
	(842, 231, 31, 'A'),
	(841, 231, 1, 'B'),
	(840, 231, 65, 'B'),
	(839, 231, 1, 'A'),
	(838, 231, 43, 'B'),
	(837, 231, 48, 'A'),
	(836, 231, 3, 'A'),
	(835, 231, 2, 'B'),
	(834, 231, 28, 'A'),
	(833, 231, 8, 'B'),
	(832, 230, 31, 'A'),
	(831, 230, 1, 'B'),
	(830, 230, 65, 'B'),
	(829, 230, 1, 'A'),
	(828, 230, 43, 'B'),
	(827, 230, 48, 'A'),
	(826, 230, 3, 'A'),
	(825, 230, 2, 'B'),
	(824, 230, 28, 'A'),
	(823, 230, 8, 'B'),
	(822, 229, 24, 'E'),
	(821, 229, 48, 'G'),
	(820, 229, 49, 'K'),
	(819, 229, 15, 'D'),
	(818, 229, 1, 'F'),
	(817, 229, 21, 'E'),
	(816, 229, 55, 'F'),
	(815, 229, 54, 'J'),
	(814, 229, 60, 'B'),
	(813, 229, 59, 'C'),
	(812, 229, 29, 'D'),
	(811, 229, 28, 'C'),
	(810, 228, 24, 'F'),
	(809, 228, 61, 'C'),
	(808, 228, 13, 'C'),
	(807, 228, 22, 'F'),
	(806, 228, 25, 'B'),
	(805, 228, 60, 'C'),
	(804, 228, 25, 'C'),
	(803, 228, 18, 'C'),
	(802, 228, 60, 'D'),
	(801, 228, 59, 'B'),
	(800, 228, 14, 'F'),
	(799, 228, 1, 'E'),
	(798, 227, 61, 'B'),
	(797, 227, 60, 'A'),
	(796, 227, 15, 'B'),
	(795, 227, 22, 'E'),
	(794, 227, 12, 'C'),
	(793, 227, 55, 'E'),
	(792, 227, 14, 'D'),
	(791, 227, 59, 'A'),
	(790, 227, 18, 'B'),
	(789, 227, 1, 'D'),
	(788, 227, 46, 'G'),
	(787, 226, 14, 'C'),
	(786, 226, 54, 'E'),
	(785, 226, 13, 'B'),
	(784, 226, 7, 'E'),
	(783, 226, 36, 'A'),
	(782, 226, 21, 'B'),
	(781, 226, 55, 'C'),
	(780, 226, 48, 'E'),
	(779, 226, 17, 'B'),
	(778, 226, 23, 'A'),
	(777, 226, 1, 'C'),
	(776, 226, 28, 'A'),
	(775, 225, 14, 'B'),
	(774, 225, 18, 'A'),
	(773, 225, 1, 'B'),
	(772, 225, 66, 'A'),
	(771, 225, 25, 'A'),
	(770, 225, 22, 'C'),
	(769, 225, 55, 'D'),
	(768, 225, 15, 'A'),
	(767, 225, 21, 'C'),
	(766, 225, 7, 'C'),
	(765, 225, 61, 'A'),
	(764, 225, 28, 'B'),
	(763, 224, 24, 'A'),
	(762, 224, 47, 'B'),
	(761, 224, 1, 'A'),
	(760, 224, 53, 'B'),
	(759, 224, 42, 'B'),
	(758, 224, 17, 'A'),
	(757, 224, 55, 'B'),
	(756, 224, 48, 'C'),
	(755, 224, 22, 'B'),
	(754, 224, 9, 'B'),
	(753, 224, 29, 'B'),
	(752, 224, 10, 'C');
/*!40000 ALTER TABLE `clubploeg` ENABLE KEYS */;

-- Dumpen data van tabel ttc_erembodegem.clubploegspeler: 290 rows
/*!40000 ALTER TABLE `clubploegspeler` DISABLE KEYS */;
INSERT INTO `clubploegspeler` (`ID`, `ClubPloegID`, `SpelerID`, `Kapitein`) VALUES
	(434, 761, 8, 0),
	(430, 761, 4, 1),
	(431, 761, 86, 0),
	(432, 761, 36, 0),
	(433, 761, 75, 0),
	(440, 773, 2, 0),
	(435, 761, 20, 0),
	(439, 773, 7, 0),
	(438, 773, 85, 0),
	(437, 773, 5, 0),
	(436, 773, 16, 1),
	(445, 777, 80, 0),
	(446, 777, 83, 0),
	(444, 777, 58, 0),
	(443, 777, 59, 0),
	(442, 777, 34, 1),
	(441, 773, 12, 0),
	(452, 789, 31, 0),
	(453, 789, 81, 0),
	(451, 789, 84, 0),
	(450, 789, 14, 0),
	(449, 789, 27, 0),
	(448, 789, 1, 1),
	(447, 777, 79, 0),
	(458, 799, 61, 0),
	(457, 799, 28, 0),
	(456, 799, 74, 0),
	(455, 799, 65, 0),
	(454, 799, 17, 1),
	(464, 818, 64, 0),
	(463, 818, 6, 0),
	(462, 818, 11, 0),
	(461, 818, 77, 1),
	(460, 799, 62, 0),
	(459, 799, 22, 0),
	(470, 829, 36, 0),
	(466, 818, 72, 0),
	(469, 829, 86, 0),
	(468, 829, 4, 1),
	(467, 818, 87, 0),
	(465, 818, 63, 0),
	(475, 841, 12, 0),
	(474, 841, 2, 0),
	(473, 841, 16, 1),
	(472, 829, 20, 0),
	(471, 829, 75, 0),
	(480, 849, 14, 0),
	(476, 841, 59, 0),
	(477, 841, 58, 0),
	(478, 849, 74, 1),
	(479, 849, 84, 0),
	(485, 860, 2, 0),
	(484, 860, 28, 0),
	(483, 860, 65, 1),
	(481, 849, 1, 0),
	(482, 849, 31, 0),
	(490, 872, 61, 0),
	(489, 872, 11, 0),
	(488, 872, 17, 1),
	(487, 860, 62, 0),
	(486, 860, 22, 0),
	(496, 874, 72, 0),
	(495, 874, 64, 0),
	(494, 874, 77, 1),
	(493, 872, 29, 0),
	(492, 872, 6, 0),
	(491, 872, 63, 0),
	(501, 874, 29, 0),
	(500, 874, 87, 0),
	(499, 874, 71, 0),
	(498, 874, 30, 0),
	(497, 874, 77, 1);
/*!40000 ALTER TABLE `clubploegspeler` ENABLE KEYS */;

-- Dumpen data van tabel ttc_erembodegem.kalender: 936 rows
/*!40000 ALTER TABLE `kalender` DISABLE KEYS */;
INSERT INTO `kalender` (`ID`, `Datum`, `Uur`, `ThuisClubID`, `ThuisPloeg`, `ThuisClubPloegID`, `UitClubID`, `UitPloeg`, `UitClubPloegID`, `Week`, `Beschrijving`, `Thuis`, `GeleideTraining`, `FrenoyMatchId`) VALUES
	(1071, '2015-09-18', '20:00:00', 10, 'C', 752, 1, 'A', 761, 1, NULL, 1, NULL, 'POVLH01/011'),
	(1072, '2015-09-25', '20:00:00', 22, 'B', 755, 1, 'A', 761, 2, NULL, 0, NULL, 'POVLH02/010'),
	(1073, '2015-10-02', '20:00:00', 55, 'B', 757, 1, 'A', 761, 3, NULL, 1, NULL, 'POVLH03/009'),
	(1074, '2015-10-09', '20:15:00', 42, 'B', 759, 1, 'A', 761, 4, NULL, 0, NULL, 'POVLH04/010'),
	(1075, '2015-10-16', '20:00:00', 17, 'A', 758, 1, 'A', 761, 5, NULL, 1, NULL, 'POVLH05/011'),
	(1076, '2015-10-23', '20:00:00', 48, 'C', 756, 1, 'A', 761, 6, NULL, 1, NULL, 'POVLH06/011'),
	(1077, '2015-11-07', '19:00:00', 29, 'B', 753, 1, 'A', 761, 7, NULL, 0, NULL, 'POVLH07/011'),
	(1078, '2015-11-13', '20:00:00', 9, 'B', 754, 1, 'A', 761, 8, NULL, 1, NULL, 'POVLH08/011'),
	(1079, '2015-11-20', '20:00:00', 53, 'B', 760, 1, 'A', 761, 9, NULL, 0, NULL, 'POVLH09/008'),
	(1080, '2015-11-27', '20:00:00', 47, 'B', 762, 1, 'A', 761, 10, NULL, 1, NULL, 'POVLH10/009'),
	(1081, '2015-12-11', '20:00:00', 24, 'A', 763, 1, 'A', 761, 11, NULL, 0, NULL, 'POVLH11/009'),
	(1082, '2016-01-16', '19:00:00', 10, 'C', 752, 1, 'A', 761, 12, NULL, 0, NULL, 'POVLH12/011'),
	(1083, '2016-01-22', '20:00:00', 22, 'B', 755, 1, 'A', 761, 13, NULL, 1, NULL, 'POVLH13/010'),
	(1084, '2016-01-30', '20:00:00', 55, 'B', 757, 1, 'A', 761, 14, NULL, 0, NULL, 'POVLH14/009'),
	(1085, '2016-02-05', '20:00:00', 42, 'B', 759, 1, 'A', 761, 15, NULL, 1, NULL, 'POVLH15/010'),
	(1086, '2016-02-19', '20:00:00', 17, 'A', 758, 1, 'A', 761, 16, NULL, 0, NULL, 'POVLH16/011'),
	(1087, '2016-02-26', '20:00:00', 48, 'C', 756, 1, 'A', 761, 17, NULL, 0, NULL, 'POVLH17/011'),
	(1088, '2016-03-04', '20:00:00', 29, 'B', 753, 1, 'A', 761, 18, NULL, 1, NULL, 'POVLH18/011'),
	(1089, '2016-03-12', '19:30:00', 9, 'B', 754, 1, 'A', 761, 19, NULL, 0, NULL, 'POVLH19/011'),
	(1090, '2016-04-08', '20:00:00', 53, 'B', 760, 1, 'A', 761, 20, NULL, 1, NULL, 'POVLH20/008'),
	(1091, '2016-04-15', '20:00:00', 47, 'B', 762, 1, 'A', 761, 21, NULL, 0, NULL, 'POVLH21/009'),
	(1092, '2016-04-22', '20:00:00', 24, 'A', 763, 1, 'A', 761, 22, NULL, 1, NULL, 'POVLH22/009'),
	(1093, '2015-09-18', '20:00:00', 28, 'B', 764, 1, 'B', 773, 1, NULL, 1, NULL, 'POVLH01/035'),
	(1094, '2015-09-22', '20:00:00', 21, 'C', 767, 1, 'B', 773, 2, NULL, 0, NULL, 'POVLH02/034'),
	(1095, '2015-10-02', '20:00:00', 55, 'D', 769, 1, 'B', 773, 3, NULL, 1, NULL, 'POVLH03/033'),
	(1096, '2015-10-10', '20:00:00', 25, 'A', 771, 1, 'B', 773, 4, NULL, 0, NULL, 'POVLH04/034'),
	(1097, '2015-10-16', '20:00:00', 22, 'C', 770, 1, 'B', 773, 5, NULL, 1, NULL, 'POVLH05/035'),
	(1098, '2015-10-23', '20:00:00', 15, 'A', 768, 1, 'B', 773, 6, NULL, 1, NULL, 'POVLH06/035'),
	(1099, '2015-11-06', '20:00:00', 61, 'A', 765, 1, 'B', 773, 7, NULL, 0, NULL, 'POVLH07/035'),
	(1100, '2015-11-13', '20:00:00', 7, 'C', 766, 1, 'B', 773, 8, NULL, 1, NULL, 'POVLH08/035'),
	(1101, '2015-11-20', '20:30:00', 66, 'A', 772, 1, 'B', 773, 9, NULL, 0, NULL, 'POVLH09/032'),
	(1102, '2015-11-27', '20:00:00', 18, 'A', 774, 1, 'B', 773, 10, NULL, 1, NULL, 'POVLH10/033'),
	(1103, '2015-12-11', '20:15:00', 14, 'B', 775, 1, 'B', 773, 11, NULL, 0, NULL, 'POVLH11/033'),
	(1104, '2016-01-14', '20:00:00', 28, 'B', 764, 1, 'B', 773, 12, NULL, 0, NULL, 'POVLH12/035'),
	(1105, '2016-01-22', '20:00:00', 21, 'C', 767, 1, 'B', 773, 13, NULL, 1, NULL, 'POVLH13/034'),
	(1106, '2016-01-30', '20:00:00', 55, 'D', 769, 1, 'B', 773, 14, NULL, 0, NULL, 'POVLH14/033'),
	(1107, '2016-02-05', '20:00:00', 25, 'A', 771, 1, 'B', 773, 15, NULL, 1, NULL, 'POVLH15/034'),
	(1108, '2016-02-19', '20:00:00', 22, 'C', 770, 1, 'B', 773, 16, NULL, 0, NULL, 'POVLH16/035'),
	(1109, '2016-02-12', '20:00:00', 15, 'A', 768, 1, 'B', 773, 17, NULL, 0, NULL, 'POVLH17/035'),
	(1110, '2016-03-04', '20:00:00', 61, 'A', 765, 1, 'B', 773, 18, NULL, 1, NULL, 'POVLH18/035'),
	(1111, '2016-03-11', '20:00:00', 7, 'C', 766, 1, 'B', 773, 19, NULL, 0, NULL, 'POVLH19/035'),
	(1112, '2016-04-08', '20:00:00', 66, 'A', 772, 1, 'B', 773, 20, NULL, 1, NULL, 'POVLH20/032'),
	(1113, '2016-04-11', '20:00:00', 18, 'A', 774, 1, 'B', 773, 21, NULL, 0, NULL, 'POVLH21/033'),
	(1114, '2016-04-22', '20:00:00', 14, 'B', 775, 1, 'B', 773, 22, NULL, 1, NULL, 'POVLH22/033'),
	(1115, '2015-09-19', '14:00:00', 14, 'C', 787, 1, 'C', 777, 1, NULL, 1, NULL, 'POVLH01/025'),
	(1116, '2015-09-25', '20:00:00', 54, 'E', 786, 1, 'C', 777, 2, NULL, 0, NULL, 'POVLH02/029'),
	(1117, '2015-10-03', '14:00:00', 7, 'E', 784, 1, 'C', 777, 3, NULL, 1, NULL, 'POVLH03/028'),
	(1118, '2015-10-06', '20:00:00', 21, 'B', 782, 1, 'C', 777, 4, NULL, 0, NULL, 'POVLH04/029'),
	(1119, '2015-10-14', '20:00:00', 23, 'A', 778, 1, 'C', 777, 5, NULL, 1, NULL, 'POVLH05/030'),
	(1120, '2015-10-22', '20:00:00', 36, 'A', 783, 1, 'C', 777, 6, NULL, 0, NULL, 'POVLH06/028'),
	(1121, '2015-11-07', '14:00:00', 13, 'B', 785, 1, 'C', 777, 7, NULL, 1, NULL, 'POVLH07/029'),
	(1122, '2015-11-13', '20:00:00', 48, 'E', 780, 1, 'C', 777, 8, NULL, 0, NULL, 'POVLH08/030'),
	(1123, '2015-11-21', '14:00:00', 55, 'C', 781, 1, 'C', 777, 9, NULL, 1, NULL, 'POVLH09/028'),
	(1124, '2015-11-28', '14:00:00', 28, 'A', 776, 1, 'C', 777, 10, NULL, 1, NULL, 'POVLH10/029'),
	(1125, '2015-12-11', '20:00:00', 17, 'B', 779, 1, 'C', 777, 11, NULL, 0, NULL, 'POVLH11/028'),
	(1126, '2016-01-15', '20:15:00', 14, 'C', 787, 1, 'C', 777, 12, NULL, 0, NULL, 'POVLH12/025'),
	(1127, '2016-01-23', '14:00:00', 54, 'E', 786, 1, 'C', 777, 13, NULL, 1, NULL, 'POVLH13/029'),
	(1128, '2016-01-29', '20:00:00', 7, 'E', 784, 1, 'C', 777, 14, NULL, 0, NULL, 'POVLH14/028'),
	(1129, '2016-02-06', '14:00:00', 21, 'B', 782, 1, 'C', 777, 15, NULL, 1, NULL, 'POVLH15/029'),
	(1130, '2016-02-19', '19:30:00', 23, 'A', 778, 1, 'C', 777, 16, NULL, 0, NULL, 'POVLH16/030'),
	(1131, '2016-02-27', '14:00:00', 36, 'A', 783, 1, 'C', 777, 17, NULL, 1, NULL, 'POVLH17/028'),
	(1132, '2016-03-05', '19:00:00', 13, 'B', 785, 1, 'C', 777, 18, NULL, 0, NULL, 'POVLH18/029'),
	(1133, '2016-03-12', '14:00:00', 48, 'E', 780, 1, 'C', 777, 19, NULL, 1, NULL, 'POVLH19/030'),
	(1134, '2016-04-09', '20:00:00', 55, 'C', 781, 1, 'C', 777, 20, NULL, 0, NULL, 'POVLH20/028'),
	(1135, '2016-04-14', '20:00:00', 28, 'A', 776, 1, 'C', 777, 21, NULL, 0, NULL, 'POVLH21/029'),
	(1136, '2016-04-23', '14:00:00', 17, 'B', 779, 1, 'C', 777, 22, NULL, 1, NULL, 'POVLH22/028'),
	(1137, '2015-09-25', '20:00:00', 12, 'C', 794, 1, 'D', 789, 2, NULL, 1, NULL, 'POVLH02/056'),
	(1138, '2015-10-02', '19:30:00', 60, 'A', 797, 1, 'D', 789, 3, NULL, 0, NULL, 'POVLH03/059'),
	(1139, '2015-10-09', '20:00:00', 18, 'B', 790, 1, 'D', 789, 4, NULL, 1, NULL, 'POVLH04/057'),
	(1140, '2015-10-17', '10:00:00', 55, 'E', 793, 1, 'D', 789, 5, NULL, 0, NULL, 'POVLH05/057'),
	(1141, '2015-10-23', '20:00:00', 15, 'B', 796, 1, 'D', 789, 6, NULL, 0, NULL, 'POVLH06/057'),
	(1142, '2015-11-06', '20:00:00', 61, 'B', 798, 1, 'D', 789, 7, NULL, 1, NULL, 'POVLH07/055'),
	(1143, '2015-11-14', '19:30:00', 22, 'E', 795, 1, 'D', 789, 8, NULL, 0, NULL, 'POVLH08/056'),
	(1144, '2015-11-20', '20:00:00', 46, 'G', 788, 1, 'D', 789, 9, NULL, 1, NULL, 'POVLH09/059'),
	(1145, '2015-11-27', '20:00:00', 14, 'D', 792, 1, 'D', 789, 10, NULL, 0, NULL, 'POVLH10/059'),
	(1146, '2015-12-11', '20:00:00', 59, 'A', 791, 1, 'D', 789, 11, NULL, 1, NULL, 'POVLH11/059'),
	(1147, '2016-01-23', '19:00:00', 12, 'C', 794, 1, 'D', 789, 13, NULL, 0, NULL, 'POVLH13/056'),
	(1148, '2016-01-29', '20:00:00', 60, 'A', 797, 1, 'D', 789, 14, NULL, 1, NULL, 'POVLH14/059'),
	(1149, '2016-02-05', '20:00:00', 18, 'B', 790, 1, 'D', 789, 15, NULL, 0, NULL, 'POVLH15/057'),
	(1150, '2016-02-19', '20:00:00', 55, 'E', 793, 1, 'D', 789, 16, NULL, 1, NULL, 'POVLH16/057'),
	(1151, '2016-02-26', '20:00:00', 15, 'B', 796, 1, 'D', 789, 17, NULL, 1, NULL, 'POVLH17/057'),
	(1152, '2016-03-04', '20:00:00', 61, 'B', 798, 1, 'D', 789, 18, NULL, 0, NULL, 'POVLH18/055'),
	(1153, '2016-03-11', '20:00:00', 22, 'E', 795, 1, 'D', 789, 19, NULL, 1, NULL, 'POVLH19/056'),
	(1154, '2016-04-08', '20:30:00', 46, 'G', 788, 1, 'D', 789, 20, NULL, 0, NULL, 'POVLH20/059'),
	(1155, '2016-04-15', '20:00:00', 14, 'D', 792, 1, 'D', 789, 21, NULL, 1, NULL, 'POVLH21/059'),
	(1156, '2016-04-22', '20:15:00', 59, 'A', 791, 1, 'D', 789, 22, NULL, 0, NULL, 'POVLH22/059'),
	(1157, '2015-09-19', '19:00:00', 13, 'C', 808, 1, 'E', 799, 1, NULL, 0, NULL, 'POVLH01/083'),
	(1158, '2015-09-25', '20:00:00', 25, 'B', 806, 1, 'E', 799, 2, NULL, 1, NULL, 'POVLH02/080'),
	(1159, '2015-10-02', '19:30:00', 60, 'C', 805, 1, 'E', 799, 3, NULL, 0, NULL, 'POVLH03/083'),
	(1160, '2015-10-09', '20:00:00', 60, 'D', 802, 1, 'E', 799, 4, NULL, 1, NULL, 'POVLH04/081'),
	(1161, '2015-10-16', '20:00:00', 25, 'C', 804, 1, 'E', 799, 5, NULL, 0, NULL, 'POVLH05/081'),
	(1162, '2015-10-23', '20:00:00', 61, 'C', 809, 1, 'E', 799, 6, NULL, 0, NULL, 'POVLH06/081'),
	(1163, '2015-11-06', '20:00:00', 24, 'F', 810, 1, 'E', 799, 7, NULL, 1, NULL, 'POVLH07/079'),
	(1164, '2015-11-14', '19:30:00', 22, 'F', 807, 1, 'E', 799, 8, NULL, 0, NULL, 'POVLH08/080'),
	(1165, '2015-11-20', '20:00:00', 59, 'B', 801, 1, 'E', 799, 9, NULL, 1, NULL, 'POVLH09/083'),
	(1166, '2015-11-27', '20:00:00', 14, 'F', 800, 1, 'E', 799, 10, NULL, 0, NULL, 'POVLH10/083'),
	(1167, '2015-12-11', '20:00:00', 18, 'C', 803, 1, 'E', 799, 11, NULL, 1, NULL, 'POVLH11/083'),
	(1168, '2016-01-15', '20:00:00', 13, 'C', 808, 1, 'E', 799, 12, NULL, 1, NULL, 'POVLH12/083'),
	(1169, '2016-01-22', '20:00:00', 25, 'B', 806, 1, 'E', 799, 13, NULL, 0, NULL, 'POVLH13/080'),
	(1170, '2016-01-29', '20:00:00', 60, 'C', 805, 1, 'E', 799, 14, NULL, 1, NULL, 'POVLH14/083'),
	(1171, '2016-02-05', '19:30:00', 60, 'D', 802, 1, 'E', 799, 15, NULL, 0, NULL, 'POVLH15/081'),
	(1172, '2016-02-19', '20:00:00', 25, 'C', 804, 1, 'E', 799, 16, NULL, 1, NULL, 'POVLH16/081'),
	(1173, '2016-02-26', '20:00:00', 61, 'C', 809, 1, 'E', 799, 17, NULL, 1, NULL, 'POVLH17/081'),
	(1174, '2016-03-04', '20:00:00', 24, 'F', 810, 1, 'E', 799, 18, NULL, 0, NULL, 'POVLH18/079'),
	(1175, '2016-03-11', '20:00:00', 22, 'F', 807, 1, 'E', 799, 19, NULL, 1, NULL, 'POVLH19/080'),
	(1176, '2016-04-08', '20:15:00', 59, 'B', 801, 1, 'E', 799, 20, NULL, 0, NULL, 'POVLH20/083'),
	(1177, '2016-04-15', '20:00:00', 14, 'F', 800, 1, 'E', 799, 21, NULL, 1, NULL, 'POVLH21/083'),
	(1178, '2016-04-18', '20:00:00', 18, 'C', 803, 1, 'E', 799, 22, NULL, 0, NULL, 'POVLH22/083'),
	(1179, '2015-09-16', '20:00:00', 55, 'F', 816, 1, 'F', 818, 1, NULL, 1, NULL, 'POVLH01/076'),
	(1180, '2015-09-23', '20:00:00', 28, 'C', 811, 1, 'F', 818, 2, NULL, 0, NULL, 'POVLH02/074'),
	(1181, '2015-09-30', '20:00:00', 60, 'B', 814, 1, 'F', 818, 3, NULL, 1, NULL, 'POVLH03/074'),
	(1182, '2015-10-07', '20:00:00', 49, 'K', 820, 1, 'F', 818, 4, NULL, 1, NULL, 'POVLH04/076'),
	(1183, '2015-10-16', '20:00:00', 54, 'J', 815, 1, 'F', 818, 5, NULL, 0, NULL, 'POVLH05/076'),
	(1184, '2015-10-21', '20:00:00', 29, 'D', 812, 1, 'F', 818, 6, NULL, 1, NULL, 'POVLH06/076'),
	(1185, '2015-11-06', '20:15:00', 59, 'C', 813, 1, 'F', 818, 7, NULL, 0, NULL, 'POVLH07/076'),
	(1186, '2015-11-10', '20:00:00', 21, 'E', 817, 1, 'F', 818, 8, NULL, 0, NULL, 'POVLH08/076'),
	(1187, '2015-11-18', '20:00:00', 24, 'E', 822, 1, 'F', 818, 9, NULL, 1, NULL, 'POVLH09/073'),
	(1188, '2015-11-25', '20:00:00', 15, 'D', 819, 1, 'F', 818, 10, NULL, 1, NULL, 'POVLH10/074'),
	(1189, '2015-12-11', '20:00:00', 48, 'G', 821, 1, 'F', 818, 11, NULL, 0, NULL, 'POVLH11/073'),
	(1190, '2016-01-16', '20:00:00', 55, 'F', 816, 1, 'F', 818, 12, NULL, 0, NULL, 'POVLH12/076'),
	(1191, '2016-01-20', '20:00:00', 28, 'C', 811, 1, 'F', 818, 13, NULL, 1, NULL, 'POVLH13/074'),
	(1192, '2016-01-29', '19:30:00', 60, 'B', 814, 1, 'F', 818, 14, NULL, 0, NULL, 'POVLH14/074'),
	(1193, '2016-02-05', '20:00:00', 49, 'K', 820, 1, 'F', 818, 15, NULL, 0, NULL, 'POVLH15/076'),
	(1194, '2016-02-17', '20:00:00', 54, 'J', 815, 1, 'F', 818, 16, NULL, 1, NULL, 'POVLH16/076'),
	(1195, '2016-02-27', '19:00:00', 29, 'D', 812, 1, 'F', 818, 17, NULL, 0, NULL, 'POVLH17/076'),
	(1196, '2016-03-02', '20:00:00', 59, 'C', 813, 1, 'F', 818, 18, NULL, 1, NULL, 'POVLH18/076'),
	(1197, '2016-03-09', '20:00:00', 21, 'E', 817, 1, 'F', 818, 19, NULL, 1, NULL, 'POVLH19/076'),
	(1198, '2016-04-08', '20:00:00', 24, 'E', 822, 1, 'F', 818, 20, NULL, 0, NULL, 'POVLH20/073'),
	(1199, '2016-04-16', '14:00:00', 15, 'D', 819, 1, 'F', 818, 21, NULL, 0, NULL, 'POVLH21/074'),
	(1200, '2016-04-20', '20:00:00', 48, 'G', 821, 1, 'F', 818, 22, NULL, 1, NULL, 'POVLH22/073'),
	(1201, '2015-09-16', '20:00:00', 65, 'B', 830, 1, 'B', 831, 2, NULL, 1, NULL, 'O02/006'),
	(1202, '2015-09-16', '20:00:00', 43, 'B', 828, 1, 'A', 829, 2, NULL, 0, NULL, 'O02/010'),
	(1203, '2015-09-21', '20:00:00', 31, 'A', 832, 1, 'A', 829, 3, NULL, 1, NULL, 'O03/008'),
	(1204, '2015-09-23', '20:00:00', 3, 'A', 826, 1, 'B', 831, 3, NULL, 1, NULL, 'O03/010'),
	(1205, '2015-09-30', '20:00:00', 48, 'A', 827, 1, 'B', 831, 4, NULL, 1, NULL, 'O04/008'),
	(1206, '2015-10-06', '20:30:00', 28, 'A', 824, 1, 'A', 829, 4, NULL, 0, NULL, 'O04/009'),
	(1207, '2015-10-12', '20:00:00', 1, 'B', 831, 1, 'A', 829, 5, NULL, 1, NULL, 'O05/008'),
	(1208, '2015-10-21', '20:00:00', 2, 'B', 825, 1, 'B', 831, 6, NULL, 1, NULL, 'O06/008'),
	(1209, '2015-10-19', '20:30:00', 8, 'B', 823, 1, 'A', 829, 6, NULL, 0, NULL, 'O06/009'),
	(1210, '2015-10-29', '20:00:00', 31, 'A', 832, 1, 'B', 831, 7, NULL, 0, NULL, 'O07/007'),
	(1211, '2015-10-28', '20:00:00', 65, 'B', 830, 1, 'A', 829, 7, NULL, 0, NULL, 'O07/008'),
	(1212, '2015-11-04', '20:00:00', 28, 'A', 824, 1, 'B', 831, 8, NULL, 1, NULL, 'O08/008'),
	(1213, '2015-11-09', '20:00:00', 48, 'A', 827, 1, 'A', 829, 8, NULL, 1, NULL, 'O08/010'),
	(1214, '2015-11-18', '20:00:00', 43, 'B', 828, 1, 'B', 831, 9, NULL, 0, NULL, 'O09/007'),
	(1215, '2015-11-19', '20:00:00', 2, 'B', 825, 1, 'A', 829, 9, NULL, 0, NULL, 'O09/010'),
	(1216, '2015-11-23', '20:30:00', 8, 'B', 823, 1, 'B', 831, 10, NULL, 0, NULL, 'O10/009'),
	(1217, '2015-11-24', '20:00:00', 3, 'A', 826, 1, 'A', 829, 10, NULL, 0, NULL, 'O10/010'),
	(1218, '2016-01-13', '20:00:00', 65, 'B', 830, 1, 'B', 831, 13, NULL, 0, NULL, 'O13/006'),
	(1219, '2016-01-11', '20:00:00', 43, 'B', 828, 1, 'A', 829, 13, NULL, 1, NULL, 'O13/010'),
	(1220, '2016-01-21', '20:00:00', 31, 'A', 832, 1, 'A', 829, 14, NULL, 0, NULL, 'O14/008'),
	(1221, '2016-01-19', '20:00:00', 3, 'A', 826, 1, 'B', 831, 14, NULL, 0, NULL, 'O14/010'),
	(1222, '2016-01-26', '20:30:00', 48, 'A', 827, 1, 'B', 831, 15, NULL, 0, NULL, 'O15/008'),
	(1223, '2016-01-25', '20:00:00', 28, 'A', 824, 1, 'A', 829, 15, NULL, 1, NULL, 'O15/009'),
	(1224, '2016-02-03', '20:00:00', 1, 'A', 829, 1, 'B', 831, 16, NULL, 1, NULL, 'O16/008'),
	(1225, '2016-02-18', '20:00:00', 2, 'B', 825, 1, 'B', 831, 17, NULL, 0, NULL, 'O17/008'),
	(1226, '2016-02-15', '20:00:00', 8, 'B', 823, 1, 'A', 829, 17, NULL, 1, NULL, 'O17/009'),
	(1227, '2016-02-24', '20:00:00', 31, 'A', 832, 1, 'B', 831, 18, NULL, 1, NULL, 'O18/007'),
	(1228, '2016-02-22', '20:00:00', 65, 'B', 830, 1, 'A', 829, 18, NULL, 1, NULL, 'O18/008'),
	(1229, '2016-03-01', '20:30:00', 28, 'A', 824, 1, 'B', 831, 19, NULL, 0, NULL, 'O19/008'),
	(1230, '2016-03-01', '20:30:00', 48, 'A', 827, 1, 'A', 829, 19, NULL, 0, NULL, 'O19/010'),
	(1231, '2016-03-09', '20:00:00', 43, 'B', 828, 1, 'B', 831, 20, NULL, 1, NULL, 'O20/007'),
	(1232, '2016-03-07', '20:00:00', 2, 'B', 825, 1, 'A', 829, 20, NULL, 1, NULL, 'O20/010'),
	(1233, '2016-03-23', '20:00:00', 8, 'B', 823, 1, 'B', 831, 21, NULL, 1, NULL, 'O21/009'),
	(1234, '2016-03-21', '20:00:00', 3, 'A', 826, 1, 'A', 829, 21, NULL, 1, NULL, 'O21/010'),
	(1235, '2015-09-16', '20:00:00', 65, 'B', 840, 1, 'B', 841, 2, NULL, 1, NULL, 'O02/006'),
	(1236, '2015-09-16', '20:00:00', 43, 'B', 838, 1, 'A', 839, 2, NULL, 0, NULL, 'O02/010'),
	(1237, '2015-09-21', '20:00:00', 31, 'A', 842, 1, 'A', 839, 3, NULL, 1, NULL, 'O03/008'),
	(1238, '2015-09-23', '20:00:00', 3, 'A', 836, 1, 'B', 841, 3, NULL, 1, NULL, 'O03/010'),
	(1239, '2015-09-30', '20:00:00', 48, 'A', 837, 1, 'B', 841, 4, NULL, 1, NULL, 'O04/008'),
	(1240, '2015-10-06', '20:30:00', 28, 'A', 834, 1, 'A', 839, 4, NULL, 0, NULL, 'O04/009'),
	(1241, '2015-10-12', '20:00:00', 1, 'B', 841, 1, 'A', 839, 5, NULL, 1, NULL, 'O05/008'),
	(1242, '2015-10-21', '20:00:00', 2, 'B', 835, 1, 'B', 841, 6, NULL, 1, NULL, 'O06/008'),
	(1243, '2015-10-19', '20:30:00', 8, 'B', 833, 1, 'A', 839, 6, NULL, 0, NULL, 'O06/009'),
	(1244, '2015-10-29', '20:00:00', 31, 'A', 842, 1, 'B', 841, 7, NULL, 0, NULL, 'O07/007'),
	(1245, '2015-10-28', '20:00:00', 65, 'B', 840, 1, 'A', 839, 7, NULL, 0, NULL, 'O07/008'),
	(1246, '2015-11-04', '20:00:00', 28, 'A', 834, 1, 'B', 841, 8, NULL, 1, NULL, 'O08/008'),
	(1247, '2015-11-09', '20:00:00', 48, 'A', 837, 1, 'A', 839, 8, NULL, 1, NULL, 'O08/010'),
	(1248, '2015-11-18', '20:00:00', 43, 'B', 838, 1, 'B', 841, 9, NULL, 0, NULL, 'O09/007'),
	(1249, '2015-11-19', '20:00:00', 2, 'B', 835, 1, 'A', 839, 9, NULL, 0, NULL, 'O09/010'),
	(1250, '2015-11-23', '20:30:00', 8, 'B', 833, 1, 'B', 841, 10, NULL, 0, NULL, 'O10/009'),
	(1251, '2015-11-24', '20:00:00', 3, 'A', 836, 1, 'A', 839, 10, NULL, 0, NULL, 'O10/010'),
	(1252, '2016-01-13', '20:00:00', 65, 'B', 840, 1, 'B', 841, 13, NULL, 0, NULL, 'O13/006'),
	(1253, '2016-01-11', '20:00:00', 43, 'B', 838, 1, 'A', 839, 13, NULL, 1, NULL, 'O13/010'),
	(1254, '2016-01-21', '20:00:00', 31, 'A', 842, 1, 'A', 839, 14, NULL, 0, NULL, 'O14/008'),
	(1255, '2016-01-19', '20:00:00', 3, 'A', 836, 1, 'B', 841, 14, NULL, 0, NULL, 'O14/010'),
	(1256, '2016-01-26', '20:30:00', 48, 'A', 837, 1, 'B', 841, 15, NULL, 0, NULL, 'O15/008'),
	(1257, '2016-01-25', '20:00:00', 28, 'A', 834, 1, 'A', 839, 15, NULL, 1, NULL, 'O15/009'),
	(1258, '2016-02-03', '20:00:00', 1, 'A', 839, 1, 'B', 841, 16, NULL, 1, NULL, 'O16/008'),
	(1259, '2016-02-18', '20:00:00', 2, 'B', 835, 1, 'B', 841, 17, NULL, 0, NULL, 'O17/008'),
	(1260, '2016-02-15', '20:00:00', 8, 'B', 833, 1, 'A', 839, 17, NULL, 1, NULL, 'O17/009'),
	(1261, '2016-02-24', '20:00:00', 31, 'A', 842, 1, 'B', 841, 18, NULL, 1, NULL, 'O18/007'),
	(1262, '2016-02-22', '20:00:00', 65, 'B', 840, 1, 'A', 839, 18, NULL, 1, NULL, 'O18/008'),
	(1263, '2016-03-01', '20:30:00', 28, 'A', 834, 1, 'B', 841, 19, NULL, 0, NULL, 'O19/008'),
	(1264, '2016-03-01', '20:30:00', 48, 'A', 837, 1, 'A', 839, 19, NULL, 0, NULL, 'O19/010'),
	(1265, '2016-03-09', '20:00:00', 43, 'B', 838, 1, 'B', 841, 20, NULL, 1, NULL, 'O20/007'),
	(1266, '2016-03-07', '20:00:00', 2, 'B', 835, 1, 'A', 839, 20, NULL, 1, NULL, 'O20/010'),
	(1267, '2016-03-23', '20:00:00', 8, 'B', 833, 1, 'B', 841, 21, NULL, 1, NULL, 'O21/009'),
	(1268, '2016-03-21', '20:00:00', 3, 'A', 836, 1, 'A', 839, 21, NULL, 1, NULL, 'O21/010'),
	(1269, '2015-09-14', '20:00:00', 12, 'E', 848, 1, 'C', 849, 2, NULL, 0, NULL, 'O02/030'),
	(1270, '2015-09-21', '20:00:00', 43, 'F', 852, 1, 'C', 849, 3, NULL, 1, NULL, 'O03/028'),
	(1271, '2015-09-29', '20:30:00', 28, 'C', 844, 1, 'C', 849, 4, NULL, 0, NULL, 'O04/029'),
	(1272, '2015-10-12', '20:00:00', 12, 'D', 851, 1, 'C', 849, 5, NULL, 1, NULL, 'O05/028'),
	(1273, '2015-10-21', '20:00:00', 43, 'G', 843, 1, 'C', 849, 6, NULL, 0, NULL, 'O06/029'),
	(1274, '2015-10-27', '20:00:00', 63, 'A', 850, 1, 'C', 849, 7, NULL, 0, NULL, 'O07/028'),
	(1275, '2015-11-09', '20:00:00', 46, 'A', 847, 1, 'C', 849, 8, NULL, 1, NULL, 'O08/030'),
	(1276, '2015-11-17', '20:00:00', 40, 'C', 845, 1, 'C', 849, 9, NULL, 0, NULL, 'O09/030'),
	(1277, '2015-11-24', '20:00:00', 36, 'B', 846, 1, 'C', 849, 10, NULL, 0, NULL, 'O10/030'),
	(1278, '2016-01-11', '20:00:00', 12, 'E', 848, 1, 'C', 849, 13, NULL, 1, NULL, 'O13/030'),
	(1279, '2016-01-18', '20:00:00', 43, 'F', 852, 1, 'C', 849, 14, NULL, 0, NULL, 'O14/028'),
	(1280, '2016-01-25', '20:00:00', 28, 'C', 844, 1, 'C', 849, 15, NULL, 1, NULL, 'O15/029'),
	(1281, '2016-02-01', '20:00:00', 12, 'D', 851, 1, 'C', 849, 16, NULL, 0, NULL, 'O16/028'),
	(1282, '2016-02-15', '20:00:00', 43, 'G', 843, 1, 'C', 849, 17, NULL, 1, NULL, 'O17/029'),
	(1283, '2016-02-22', '20:00:00', 63, 'A', 850, 1, 'C', 849, 18, NULL, 1, NULL, 'O18/028'),
	(1284, '2016-02-29', '20:00:00', 46, 'A', 847, 1, 'C', 849, 19, NULL, 0, NULL, 'O19/030'),
	(1285, '2016-03-07', '20:00:00', 40, 'C', 845, 1, 'C', 849, 20, NULL, 1, NULL, 'O20/030'),
	(1286, '2016-03-21', '20:00:00', 36, 'B', 846, 1, 'C', 849, 21, NULL, 1, NULL, 'O21/030'),
	(1287, '2015-09-14', '20:00:00', 12, 'B', 861, 1, 'D', 860, 2, NULL, 0, NULL, 'O02/021'),
	(1288, '2015-09-23', '20:00:00', 8, 'D', 854, 1, 'D', 860, 3, NULL, 1, NULL, 'O03/022'),
	(1289, '2015-09-29', '20:00:00', 36, 'C', 855, 1, 'D', 860, 4, NULL, 0, NULL, 'O04/021'),
	(1290, '2015-10-14', '20:00:00', 40, 'B', 856, 1, 'D', 860, 5, NULL, 1, NULL, 'O05/025'),
	(1291, '2015-10-19', '20:00:00', 52, 'B', 862, 1, 'D', 860, 6, NULL, 0, NULL, 'O06/021'),
	(1292, '2015-10-28', '20:00:00', 26, 'D', 859, 1, 'D', 860, 7, NULL, 1, NULL, 'O07/023'),
	(1293, '2015-11-03', '20:30:00', 28, 'D', 853, 1, 'D', 860, 8, NULL, 0, NULL, 'O08/021'),
	(1294, '2015-11-18', '20:00:00', 48, 'B', 857, 1, 'D', 860, 9, NULL, 1, NULL, 'O09/021'),
	(1295, '2015-11-25', '20:00:00', 12, 'C', 858, 1, 'D', 860, 10, NULL, 1, NULL, 'O10/023'),
	(1296, '2016-01-13', '20:00:00', 12, 'B', 861, 1, 'D', 860, 13, NULL, 1, NULL, 'O13/021'),
	(1297, '2016-01-18', '20:30:00', 8, 'D', 854, 1, 'D', 860, 14, NULL, 0, NULL, 'O14/022'),
	(1298, '2016-01-27', '20:00:00', 36, 'C', 855, 1, 'D', 860, 15, NULL, 1, NULL, 'O15/021'),
	(1299, '2016-02-02', '20:00:00', 40, 'B', 856, 1, 'D', 860, 16, NULL, 0, NULL, 'O16/025'),
	(1300, '2016-02-17', '20:00:00', 52, 'B', 862, 1, 'D', 860, 17, NULL, 1, NULL, 'O17/021'),
	(1301, '2016-02-22', '20:30:00', 26, 'D', 859, 1, 'D', 860, 18, NULL, 0, NULL, 'O18/023'),
	(1302, '2016-03-02', '20:00:00', 28, 'D', 853, 1, 'D', 860, 19, NULL, 1, NULL, 'O19/021'),
	(1303, '2016-03-08', '20:30:00', 48, 'B', 857, 1, 'D', 860, 20, NULL, 0, NULL, 'O20/021'),
	(1304, '2016-03-21', '20:00:00', 12, 'C', 858, 1, 'D', 860, 21, NULL, 0, NULL, 'O21/023'),
	(1305, '2015-09-14', '20:00:00', 43, 'H', 867, 1, 'E', 872, 2, NULL, 1, NULL, 'O02/039'),
	(1306, '2015-09-21', '20:30:00', 26, 'E', 869, 1, 'E', 872, 3, NULL, 0, NULL, 'O03/038'),
	(1307, '2015-09-28', '20:00:00', 28, 'E', 863, 1, 'E', 872, 4, NULL, 1, NULL, 'O04/040'),
	(1308, '2015-10-13', '20:00:00', 30, 'B', 864, 1, 'E', 872, 5, NULL, 0, NULL, 'O05/036'),
	(1309, '2015-10-19', '20:00:00', 29, 'D', 870, 1, 'E', 872, 6, NULL, 1, NULL, 'O06/036'),
	(1310, '2015-10-26', '20:00:00', 63, 'B', 871, 1, 'E', 872, 7, NULL, 1, NULL, 'O07/037'),
	(1311, '2015-11-09', '20:00:00', 41, 'D', 868, 1, 'E', 872, 8, NULL, 0, NULL, 'O08/037'),
	(1312, '2015-11-16', '20:00:00', 10, 'E', 866, 1, 'E', 872, 9, NULL, 1, NULL, 'O09/038'),
	(1313, '2015-11-23', '20:00:00', 40, 'D', 865, 1, 'E', 872, 10, NULL, 1, NULL, 'O10/037'),
	(1314, '2016-01-13', '20:00:00', 43, 'H', 867, 1, 'E', 872, 13, NULL, 0, NULL, 'O13/039'),
	(1315, '2016-01-18', '20:00:00', 26, 'E', 869, 1, 'E', 872, 14, NULL, 1, NULL, 'O14/038'),
	(1316, '2016-01-26', '20:30:00', 28, 'E', 863, 1, 'E', 872, 15, NULL, 0, NULL, 'O15/040'),
	(1317, '2016-02-01', '20:00:00', 30, 'B', 864, 1, 'E', 872, 16, NULL, 1, NULL, 'O16/036'),
	(1318, '2016-02-17', '20:00:00', 29, 'D', 870, 1, 'E', 872, 17, NULL, 0, NULL, 'O17/036'),
	(1319, '2016-02-23', '20:00:00', 63, 'B', 871, 1, 'E', 872, 18, NULL, 0, NULL, 'O18/037'),
	(1320, '2016-02-29', '20:00:00', 41, 'D', 868, 1, 'E', 872, 19, NULL, 1, NULL, 'O19/037'),
	(1321, '2016-03-07', '20:00:00', 10, 'E', 866, 1, 'E', 872, 20, NULL, 0, NULL, 'O20/038'),
	(1322, '2016-03-22', '20:00:00', 40, 'D', 865, 1, 'E', 872, 21, NULL, 0, NULL, 'O21/037'),
	(1323, '2015-09-08', '20:00:00', 36, 'D', 877, 1, 'F', 874, 1, NULL, 0, NULL, 'O01/045'),
	(1324, '2015-09-14', '20:00:00', 43, 'I', 875, 1, 'F', 874, 2, NULL, 1, NULL, 'O02/043'),
	(1325, '2015-09-24', '20:00:00', 63, 'E', 879, 1, 'F', 874, 3, NULL, 0, NULL, 'O03/043'),
	(1326, '2015-09-28', '20:00:00', 26, 'F', 880, 1, 'F', 874, 4, NULL, 1, NULL, 'O04/044'),
	(1327, '2015-10-15', '20:00:00', 63, 'D', 881, 1, 'F', 874, 5, NULL, 0, NULL, 'O05/041'),
	(1328, '2015-10-19', '20:00:00', 40, 'E', 876, 1, 'F', 874, 6, NULL, 1, NULL, 'O06/042'),
	(1329, '2015-10-26', '20:00:00', 12, 'G', 882, 1, 'F', 874, 7, NULL, 1, NULL, 'O07/042'),
	(1330, '2015-11-09', '20:00:00', 12, 'H', 883, 1, 'F', 874, 8, NULL, 0, NULL, 'O08/042'),
	(1331, '2015-11-23', '20:00:00', 40, 'F', 873, 1, 'F', 874, 10, NULL, 1, NULL, 'O10/042'),
	(1332, '2015-12-01', '20:30:00', 28, 'F', 878, 1, 'F', 874, 11, NULL, 0, NULL, 'O11/044'),
	(1333, '2016-01-04', '20:00:00', 36, 'D', 877, 1, 'F', 874, 12, NULL, 1, NULL, 'O12/045'),
	(1334, '2016-01-13', '20:00:00', 43, 'I', 875, 1, 'F', 874, 13, NULL, 0, NULL, 'O13/043'),
	(1335, '2016-01-18', '20:00:00', 63, 'E', 879, 1, 'F', 874, 14, NULL, 1, NULL, 'O14/043'),
	(1336, '2016-01-25', '20:30:00', 26, 'F', 880, 1, 'F', 874, 15, NULL, 0, NULL, 'O15/044'),
	(1337, '2016-02-01', '20:00:00', 63, 'D', 881, 1, 'F', 874, 16, NULL, 1, NULL, 'O16/041'),
	(1338, '2016-02-15', '20:00:00', 40, 'E', 876, 1, 'F', 874, 17, NULL, 0, NULL, 'O17/042'),
	(1339, '2016-02-22', '20:00:00', 12, 'G', 882, 1, 'F', 874, 18, NULL, 0, NULL, 'O18/042'),
	(1340, '2016-02-29', '20:00:00', 12, 'H', 883, 1, 'F', 874, 19, NULL, 1, NULL, 'O19/042'),
	(1341, '2016-03-21', '20:00:00', 40, 'F', 873, 1, 'F', 874, 21, NULL, 0, NULL, 'O21/042'),
	(1342, '2016-03-28', '20:00:00', 28, 'F', 878, 1, 'F', 874, 22, NULL, 1, NULL, 'O22/044');
/*!40000 ALTER TABLE `kalender` ENABLE KEYS */;

-- Dumpen data van tabel ttc_erembodegem.reeks: 50 rows
/*!40000 ALTER TABLE `reeks` DISABLE KEYS */;
INSERT INTO `reeks` (`ID`, `Competitie`, `Reeks`, `ReeksType`, `ReeksCode`, `Jaar`, `LinkID`, `FrenoyTeamId`, `FrenoyDivisionId`) VALUES
	(224, 'VTTL', '2', 'Prov', 'A', 2015, '2337_A', '2337-4', 2337),
	(225, 'VTTL', '3', 'Prov', 'C', 2015, '2341_B', '2341-4', 2341),
	(226, 'VTTL', '3', 'Prov', 'B', 2015, '2340_C', '2340-8', 2340),
	(227, 'VTTL', '4', 'Prov', 'C', 2015, '2345_D', '2345-9', 2345),
	(228, 'VTTL', '5', 'Prov', 'C', 2015, '2349_E', '2349-9', 2349),
	(229, 'VTTL', '5', 'Prov', 'B', 2015, '2348_F', '2348-2', 2348),
	(230, 'Sporta', '1', 'Afd', '', 2015, '841_A', '841-2', 841),
	(231, 'Sporta', '1', 'Afd', '', 2015, '841_B', '841-4', 841),
	(232, 'Sporta', '3', 'Afd', 'B', 2015, '845_C', '845-2', 845),
	(233, 'Sporta', '3', 'Afd', 'A', 2015, '844_D', '844-3', 844),
	(234, 'Sporta', '4', 'Afd', 'B', 2015, '847_E', '847-1', 847),
	(235, 'Sporta', '5', 'Afd', '', 2015, '848_F', '848-1', 848);
/*!40000 ALTER TABLE `reeks` ENABLE KEYS */;
/*!40101 SET SQL_MODE=IFNULL(@OLD_SQL_MODE, '') */;
/*!40014 SET FOREIGN_KEY_CHECKS=IF(@OLD_FOREIGN_KEY_CHECKS IS NULL, 1, @OLD_FOREIGN_KEY_CHECKS) */;
/*!40101 SET CHARACTER_SET_CLIENT=@OLD_CHARACTER_SET_CLIENT */;
