-- phpMyAdmin SQL Dump
-- version 3.5.8.1
-- http://www.phpmyadmin.net
--
-- Host: 10.246.16.71:3306
-- Generation Time: Aug 24, 2015 at 08:11 PM
-- Server version: 5.5.44-MariaDB-1~wheezy
-- PHP Version: 5.3.3-7+squeeze15

SET SQL_MODE="NO_AUTO_VALUE_ON_ZERO";
SET time_zone = "+00:00";


/*!40101 SET @OLD_CHARACTER_SET_CLIENT=@@CHARACTER_SET_CLIENT */;
/*!40101 SET @OLD_CHARACTER_SET_RESULTS=@@CHARACTER_SET_RESULTS */;
/*!40101 SET @OLD_COLLATION_CONNECTION=@@COLLATION_CONNECTION */;
/*!40101 SET NAMES utf8 */;

--
-- Database: `ttc_erembodegem`
--
-- CREATE DATABASE `ttc_erembodegem` DEFAULT CHARACTER SET latin1 COLLATE latin1_swedish_ci;
-- USE `ttc_erembodegem`;

-- --------------------------------------------------------

--
-- Table structure for table `club`
--

CREATE TABLE IF NOT EXISTS `club` (
  `ID` int(10) unsigned NOT NULL AUTO_INCREMENT,
  `Naam` varchar(50) NOT NULL DEFAULT '',
  `CodeVTTL` varchar(10) DEFAULT NULL,
  `Actief` tinyint(3) unsigned NOT NULL DEFAULT '1',
  `Douche` tinyint(3) unsigned NOT NULL DEFAULT '0',
  `Website` varchar(255) DEFAULT NULL,
  `CodeSporta` varchar(10) DEFAULT NULL,
  PRIMARY KEY (`ID`)
) ENGINE=MyISAM  DEFAULT CHARSET=latin1 AUTO_INCREMENT=66 ;

--
-- Dumping data for table `club`
--

INSERT INTO `club` (`ID`, `Naam`, `CodeVTTL`, `Actief`, `Douche`, `Website`, `CodeSporta`) VALUES
(1, 'Erembodegem', 'OVL134', 1, 0, NULL, '4055'),
(2, 'Sint-Pauwels', 'OVL125', 1, 1, 'http://www.ttcsintpauwels.be/', '4046'),
(3, 'Hof Ter Burst', 'OVL020', 1, 1, NULL, '4067'),
(4, 'Kieldrecht', NULL, 1, 0, NULL, NULL),
(5, 'Sterke Stut Oosterzele', NULL, 1, 0, 'http://www.sterkestut.be/', NULL),
(6, 'Melsele', 'OVL046', 1, 0, 'http://www.ttcmelsele.be/', NULL),
(7, 'Madelon', 'OVL106', 1, 1, NULL, NULL),
(8, 'Kruibeke', 'OVL101', 1, 0, NULL, '4021'),
(9, 'Temse', 'OVL056', 1, 1, 'http://users.telenet.be/ttctemse/index.html', '4061'),
(10, 'Hamme', 'OVL096', 1, 1, 'http://www.ttchamme.be/', '4008'),
(11, 'Eendracht Buggenhout', 'OVL131', 1, 1, NULL, NULL),
(12, 'Sint Niklase vzw', 'OVL039', 1, 1, 'http://www.snttc.be/', '4056'),
(13, 'Gemo', 'OVL054', 1, 0, 'http://www.ttcgemo.be/joomla', NULL),
(14, 'Ronse', 'OVL052', 1, 1, 'http://www.ttcronse.be/', NULL),
(15, 'De Orchidee Wetteren', 'OVL103', 1, 0, NULL, '4053'),
(16, 'Lobos', 'OVL107', 1, 1, 'http://www.ttclobos.be/', NULL),
(17, 'Egmont Zottegem', 'OVL092', 1, 1, NULL, NULL),
(18, 'Schendelbeke', 'OVL108', 1, 0, NULL, NULL),
(19, 'Evergem', NULL, 1, 0, NULL, NULL),
(20, 'Atelia Gent vzw', NULL, 1, 1, NULL, NULL),
(21, 'Meteor Oudenaarde', 'OVL012', 1, 1, 'http://www.kttcmeteor.be/', NULL),
(22, 'Galmaarden', 'Vl-B247', 1, 1, 'http://www.ttcgalmaarden.be/', NULL),
(23, 'Denderleeuw 2001', 'OVL145', 1, 1, NULL, NULL),
(24, 'De Pinte', 'OVL095', 1, 1, 'http://www.ttcdepinte.be/', NULL),
(25, 'Grimminge', 'OVL133', 1, 1, NULL, NULL),
(26, 'Okapi', NULL, 1, 0, NULL, '4035'),
(28, 'Aaigem', 'OVL146', 1, 0, 'http://www.everyoneweb.be/ttcaaigem/', '4071'),
(29, 'Zele', 'OVL142', 1, 1, 'http://www.ttczele.be/', '4033'),
(30, 'Teneramonda', NULL, 1, 0, NULL, '4051'),
(31, 'Troelant', NULL, 1, 0, NULL, '4012'),
(32, 'Smash', NULL, 1, 0, NULL, '4062'),
(33, 'Plaza', NULL, 1, 0, NULL, NULL),
(34, 'Damme', 'WVL158', 1, 0, NULL, '6002'),
(35, 'De Kronkel', NULL, 0, 0, NULL, NULL),
(36, 'Lede', 'OVL123', 1, 1, 'http://users.telenet.be/ttclede/', '4041'),
(37, 'Erpe', NULL, 1, 0, NULL, NULL),
(38, 'Ons Huis', NULL, 1, 0, NULL, '4024'),
(40, 'Bernardus', NULL, 1, 0, NULL, '4064'),
(41, 'Dynamica', NULL, 1, 0, 'http://www.ttcdynamica.be/', '4015'),
(42, 'Eikenlo', 'OVL018', 1, 1, NULL, NULL),
(43, 'Nova', NULL, 1, 0, NULL, '4076'),
(44, 'Wetteren', NULL, 1, 0, NULL, NULL),
(45, 'Tass', 'OVL144', 1, 1, 'http://ttcassenede.stosiosport.be/', NULL),
(46, 'TTC Gent', 'OVL001', 1, 0, 'http://www.ttccrawfordgent.be/', '4077'),
(47, 'Sleidinge', 'OVL053', 1, 1, NULL, NULL),
(48, 'Stekene', 'OVL093', 1, 0, 'http://www.ttcstekene.be/home.php', '4049'),
(49, 'Rooigem', 'OVL088', 1, 1, 'http://www.ttcrooigem.be/', NULL),
(50, 'Knal', 'OVL080', 1, 1, 'http://www.ttcknal.be/', NULL),
(51, 'Touch', NULL, 1, 0, NULL, NULL),
(52, 'Lokomotiv', NULL, 1, 0, NULL, '4063'),
(53, 'Zomergem', 'OVL115', 1, 0, 'http://www.ttczomergem.be', NULL),
(54, 'Merelbeke', 'OVL032', 1, 0, 'http://www.ttcmerelbeke.com/', NULL),
(55, 'TTC Ninove', 'OVL148', 1, 0, 'http://www.ttcninove.be', NULL),
(57, 'Maldegem', 'OVL059', 1, 0, 'http://www.ttcmaldegem.be/', NULL),
(58, 'Palaestra', 'OVL047', 1, 0, 'http://tafeltennis.injebuurt.be/injebuurt/member/TTCPalaestraDeinze', NULL),
(59, 'Ouwegem', 'OVL119', 1, 0, NULL, NULL),
(60, 'De Rijdt Brakel', 'OVL149', 1, 0, NULL, NULL),
(61, 'Olsene', 'OVL138', 1, 0, NULL, NULL),
(62, 'Welfare', 'OVL082', 1, 0, NULL, NULL),
(63, 'Orix tt', NULL, 1, 0, NULL, '4078'),
(65, 'Wielsbeke TTC', 'WVL094', 1, 0, 'www.ttcwielsbeke.be', '6003');

-- --------------------------------------------------------

--
-- Table structure for table `clubcontact`
--

CREATE TABLE IF NOT EXISTS `clubcontact` (
  `ClubID` int(10) unsigned NOT NULL DEFAULT '0',
  `SpelerID` int(10) unsigned NOT NULL DEFAULT '0',
  `Omschrijving` varchar(100) NOT NULL DEFAULT '',
  `Sortering` tinyint(3) unsigned NOT NULL DEFAULT '0',
  PRIMARY KEY (`ClubID`,`SpelerID`)
) ENGINE=MyISAM DEFAULT CHARSET=latin1;

--
-- Dumping data for table `clubcontact`
--

INSERT INTO `clubcontact` (`ClubID`, `SpelerID`, `Omschrijving`, `Sortering`) VALUES
(1, 4, 'voorzitter', 1),
(1, 16, '', 4),
(1, 17, 'penningmeester', 2),
(1, 7, '', 4),
(1, 1, '', 5),
(1, 58, 'secretaris', 3),
(1, 65, '', 6),
(1, 6, '', 6);

-- --------------------------------------------------------

--
-- Table structure for table `clublokaal`
--

CREATE TABLE IF NOT EXISTS `clublokaal` (
  `ID` int(10) unsigned NOT NULL AUTO_INCREMENT,
  `ClubID` int(10) unsigned NOT NULL DEFAULT '0',
  `Lokaal` varchar(250) DEFAULT NULL,
  `Adres` varchar(250) DEFAULT NULL,
  `Gemeente` varchar(250) DEFAULT NULL,
  `Hoofd` tinyint(3) unsigned NOT NULL DEFAULT '1',
  `Postcode` int(10) unsigned NOT NULL DEFAULT '0',
  `Telefoon` varchar(50) NOT NULL DEFAULT '',
  PRIMARY KEY (`ID`)
) ENGINE=MyISAM  DEFAULT CHARSET=latin1 AUTO_INCREMENT=47 ;

--
-- Dumping data for table `clublokaal`
--

INSERT INTO `clublokaal` (`ID`, `ClubID`, `Lokaal`, `Adres`, `Gemeente`, `Hoofd`, `Postcode`, `Telefoon`) VALUES
(1, 1, 'Groeneweg 28', '9320 Erembodegem', '', 1, 9320, '0495/24.94.20'),
(2, 10, 'Tafeltenniscentrum Hamme', 'Cesar de Golspark 6A', 'Hamme', 1, 9220, ''),
(3, 31, 'Caf? "de Zwaluw"', 'Wijnveld 308', 'Sinaai-Waas', 1, 9112, '03/772.06.21'),
(4, 41, 'Gem. Lagere School', 'Podtsmeulen 9', 'Waasmunster', 1, 9250, '09/349.23.94'),
(5, 8, 'Onze Lieve Vrouwschool', 'Langestraat 14', 'Kruibeke', 1, 9150, ''),
(6, 38, 'Ons Huis', 'Rampelberg 118', 'Aalst', 1, 9310, '052/35.75.62'),
(7, 29, 'Sporthal "De Zeven"', 'Koevloet 1', 'Zele', 1, 9240, '052/44.55.35'),
(8, 26, 'Sporthal "De Perel"', 'Hoog Kallo', 'Beveren-Waas', 1, 9120, ''),
(9, 36, 'Sporthal "De Ommegang"', 'Ommeganglaan 55', 'Lede', 1, 9340, '053/80.06.22'),
(10, 2, 'Gemeenteschool', 'Zandstraat 16', 'Sint-Gillis-Waas', 1, 9170, '03/780.19.18'),
(11, 48, 'Stekene', 'Nieuwstraat 60E', 'Stekene', 1, 9190, '03/789.22.72'),
(12, 30, 'Teneramonda', 'Mevrouw Courtmanspark 4', 'Dendermonde', 1, 9200, '052/21.89.74'),
(13, 37, 'Zaal Pax', 'Dospsstraat 121', 'Erpe-Mere', 1, 9420, '053/80.30.54'),
(14, 44, 'St-Gertrudiscollege', 'Wegvoeringsstraat 21', 'Wetteren', 1, 9230, ''),
(15, 12, 'St.-Niklase', 'Nijverheidsstraat 29', 'Sint-Niklaas', 1, 9100, '03/778.06.63'),
(16, 9, 'Sportcentrum "F. Schuerman"', 'Eeckhoutdriesstraat 157', 'Temse', 1, 9140, '03/771.56.56'),
(17, 32, 'Cafe "Standaard"', 'Guide Gezellestraat 3', 'Denderleeuw', 1, 9470, '053/66.68.63'),
(18, 52, 'Zaal "Wateringe"', 'Beekje', 'Bornem', 1, 2880, '03/899.26.43'),
(19, 40, 'Gemeenschapshuis', 'Jozef Spiessensstraat 4', 'Wintam', 1, 2880, ''),
(20, 3, 'Hof Ter Burst', 'Hof ter Burstlaan 13', 'Lebbeke', 1, 9280, '052/35.59.29'),
(21, 28, 'Zaal "Torengalm"', 'Aaigemdorp 94', 'Erpe-Mere', 1, 9420, '053/62.27.16'),
(22, 51, '"Crype"', 'Kortestraat 14', 'Erembodegem', 1, 9320, ''),
(23, 43, 'Capelderij', 'Vekenstraat 1', 'Buggenhout', 1, 9255, ''),
(24, 46, 'Kaho Sportzaal', 'Gebr Desmetstraat 1', 'Gent', 1, 9000, '09/265.86.23'),
(25, 34, 'Sportpark "''t Veld"', 'Eikelberg 3', 'Damme', 1, 8340, '050/35.70.02'),
(26, 21, 'Recrean', 'Eindrieskaai 26', 'Oudenaarde', 1, 9700, '055/31.93.00'),
(27, 42, 'Sparrenhof', 'Brugse Steenweg 183', 'Eeklo', 1, 9900, ''),
(28, 6, 'Jeugdhuis "Djem"', 'Damburgstraat 5', 'Melsele', 1, 9120, '03/775.58.87'),
(29, 14, 'Basisschool Glorieux', 'St. Pietersnieuwstraat 22', 'Ronse', 1, 9600, ''),
(30, 47, 'Sporthal Middenschool Evergem', 'Hofbilkstraat 21', 'Evergem', 1, 9940, ''),
(31, 13, 'Hoofdlokaal', 'Tempelstraat 11', 'Ophasselt', 1, 9500, '054 / 41 31 31'),
(32, 5, 'Hoofdlokaal', 'Sportstraat 5', 'Scheldewindeke', 1, 9860, '09/362.48.92'),
(33, 50, 'Ten Hove', 'Nieuwstraat 1', 'Deinze', 1, 9800, ''),
(34, 49, 'TTC Rooigem Gent', 'Rooigemlaan 180', 'Gent', 1, 9000, '09/236.10.10'),
(35, 17, 'Bevegemse vijvers', 'Zwembadstraat 7', 'Zottegem', 1, 9620, '09/361.15.31'),
(36, 24, 'Ontmoetingscentrum', 'Polderbos 20', 'De Pinte', 1, 9840, '09/280.98.42'),
(37, 7, 'Sporthal MPI De Capelderij', 'Vekenstraat 1-3', 'Buggenhout-Opdorp', 1, 9255, ''),
(38, 16, 'Gemeentelijke Basisschool Lochristi', 'Koning Boudewijnlaan 4', 'Lochristi', 1, 9080, ''),
(39, 18, 'Buurthuis', 'Dagmoedstraat 14A', 'Schendelbeke', 1, 9506, ''),
(40, 11, 'Sportcentrum De Pit', 'Platte Put 14', 'Buggenhout', 1, 9255, '052/33.12.22'),
(41, 25, 'Sportzaal', 'Grimmingeplein 1', 'Grimminge', 1, 9506, '0479/23.07.65'),
(42, 45, 'Gemeentelijke Sporthal', 'Schoolstraat 1', 'Assenede', 1, 9960, '0473/85.63.74'),
(43, 23, 'Sportzaal A. Ottoy', 'Walleken 12', 'Denderleeuw', 1, 9470, '053/66.98.32'),
(44, 28, 'Zaal Uno', 'Hollestraat 54', 'Aaigem', 0, 9420, '053/62.43.05'),
(45, 53, NULL, 'Blauwersstraat 16', 'Zomergem', 1, 9930, ''),
(46, 65, 'Sporthal Hernieuwenbrug', 'Hernieuwenstraat, 14', 'Wielsbeke', 1, 8710, '');

-- --------------------------------------------------------

--
-- Table structure for table `clubploeg`
--

CREATE TABLE IF NOT EXISTS `clubploeg` (
  `ID` int(10) unsigned NOT NULL AUTO_INCREMENT,
  `ReeksID` int(10) unsigned NOT NULL DEFAULT '0',
  `ClubID` int(10) unsigned NOT NULL DEFAULT '0',
  `Code` varchar(5) DEFAULT NULL,
  PRIMARY KEY (`ID`)
) ENGINE=MyISAM  DEFAULT CHARSET=latin1 AUTO_INCREMENT=752 ;

--
-- Dumping data for table `clubploeg`
--

INSERT INTO `clubploeg` (`ID`, `ReeksID`, `ClubID`, `Code`) VALUES
(165, 167, 17, 'B'),
(166, 167, 42, 'D'),
(167, 167, 1, 'A'),
(168, 167, 22, 'C'),
(169, 167, 8, 'A'),
(170, 167, 6, 'C'),
(171, 167, 21, 'A'),
(172, 167, 49, 'F'),
(173, 167, 47, 'A'),
(174, 167, 45, 'A'),
(175, 167, 9, 'B'),
(176, 167, 44, 'B'),
(189, 169, 24, 'A'),
(190, 169, 23, 'B'),
(191, 169, 17, 'C'),
(192, 169, 42, 'E'),
(193, 169, 1, 'B'),
(194, 169, 22, 'F'),
(195, 169, 50, 'E'),
(196, 169, 36, 'A'),
(197, 169, 6, 'D'),
(198, 169, 21, 'C'),
(199, 169, 49, 'I'),
(200, 169, 5, 'C'),
(201, 170, 46, 'H'),
(202, 170, 24, 'C'),
(203, 170, 23, 'C'),
(204, 170, 17, 'D'),
(205, 170, 1, 'C'),
(206, 170, 22, 'G'),
(207, 170, 16, 'C'),
(208, 170, 21, 'E'),
(209, 170, 14, 'E'),
(210, 170, 18, 'B'),
(211, 170, 47, 'C'),
(212, 171, 46, 'M'),
(213, 171, 24, 'F'),
(214, 171, 23, 'D'),
(215, 171, 1, 'D'),
(216, 171, 22, 'I'),
(217, 171, 25, 'B'),
(218, 171, 25, 'A'),
(219, 171, 14, 'G'),
(220, 171, 14, 'F'),
(221, 171, 13, 'E'),
(222, 171, 13, 'G'),
(223, 172, 46, 'B'),
(224, 172, 1, 'A'),
(225, 172, 37, 'B'),
(226, 172, 8, 'E'),
(227, 172, 36, 'A'),
(228, 172, 43, 'D'),
(229, 172, 26, 'D'),
(230, 172, 32, 'A'),
(231, 172, 30, 'A'),
(232, 172, 44, 'A'),
(233, 173, 28, 'C'),
(234, 173, 40, 'A'),
(235, 173, 46, 'C'),
(236, 173, 1, 'B'),
(237, 173, 37, 'C'),
(238, 173, 3, 'B'),
(239, 173, 43, 'F'),
(240, 173, 38, 'A'),
(241, 173, 32, 'B'),
(242, 173, 51, 'A'),
(243, 174, 28, 'D'),
(244, 174, 40, 'C'),
(245, 174, 34, 'A'),
(246, 174, 1, 'C'),
(247, 174, 10, 'C'),
(248, 174, 8, 'H'),
(249, 174, 36, 'D'),
(250, 174, 36, 'B'),
(251, 174, 52, 'B'),
(252, 174, 43, 'H'),
(253, 174, 30, 'B'),
(286, 177, 29, 'D'),
(285, 177, 31, 'C'),
(284, 177, 48, 'D'),
(283, 177, 2, 'C'),
(282, 177, 12, 'D'),
(281, 177, 26, 'F'),
(280, 177, 43, 'I'),
(279, 177, 36, 'C'),
(278, 177, 8, 'G'),
(277, 177, 1, 'D'),
(276, 177, 41, 'C'),
(287, 178, 46, 'F'),
(288, 178, 17, 'B'),
(289, 178, 1, 'A'),
(290, 178, 10, 'C'),
(291, 178, 8, 'B'),
(292, 178, 6, 'C'),
(293, 178, 54, 'C'),
(294, 178, 49, 'G'),
(295, 178, 45, 'A'),
(296, 178, 9, 'A'),
(297, 178, 44, 'A'),
(298, 178, 53, 'B'),
(299, 179, 24, 'C'),
(300, 179, 23, 'B'),
(301, 179, 17, 'C'),
(302, 179, 1, 'B'),
(303, 179, 22, 'E'),
(304, 179, 50, 'B'),
(305, 179, 16, 'B'),
(306, 179, 7, 'D'),
(307, 179, 54, 'D'),
(308, 179, 21, 'B'),
(309, 179, 5, 'C'),
(310, 180, 28, 'B'),
(311, 180, 46, 'I'),
(312, 180, 17, 'E'),
(313, 180, 1, 'C'),
(314, 180, 22, 'F'),
(315, 180, 25, 'A'),
(316, 180, 36, 'B'),
(317, 180, 14, 'D'),
(318, 180, 5, 'C'),
(319, 180, 13, 'D'),
(320, 180, 29, 'C'),
(322, 182, 1, 'D'),
(323, 182, 55, 'D'),
(324, 182, 22, 'J'),
(325, 182, 22, 'I'),
(326, 182, 25, 'B'),
(327, 182, 21, 'F'),
(328, 182, 14, 'G'),
(329, 182, 14, 'F'),
(330, 182, 18, 'B'),
(331, 182, 18, 'C'),
(332, 182, 13, 'F'),
(333, 182, 13, 'G'),
(334, 183, 28, 'B'),
(335, 183, 1, 'A'),
(336, 183, 37, 'B'),
(337, 183, 3, 'A'),
(338, 183, 8, 'D'),
(339, 183, 36, 'A'),
(340, 183, 52, 'A'),
(341, 183, 43, 'E'),
(342, 183, 26, 'C'),
(343, 183, 51, 'A'),
(344, 184, 28, 'C'),
(345, 184, 40, 'A'),
(346, 184, 1, 'B'),
(347, 184, 36, 'B'),
(348, 184, 43, 'H'),
(349, 184, 43, 'F'),
(350, 184, 26, 'F'),
(351, 184, 12, 'C'),
(352, 184, 32, 'B'),
(353, 184, 30, 'A'),
(354, 185, 28, 'D'),
(355, 185, 40, 'B'),
(356, 185, 1, 'C'),
(357, 185, 8, 'G'),
(358, 185, 36, 'C'),
(359, 185, 43, 'J'),
(360, 185, 48, 'D'),
(361, 185, 30, 'B'),
(362, 185, 51, 'B'),
(363, 185, 31, 'C'),
(364, 186, 46, 'E'),
(365, 186, 24, 'A'),
(366, 186, 42, 'C'),
(367, 186, 1, 'A'),
(368, 186, 22, 'D'),
(369, 186, 57, 'A'),
(370, 186, 6, 'C'),
(371, 186, 21, 'A'),
(372, 186, 49, 'G'),
(373, 186, 2, 'C'),
(374, 186, 29, 'B'),
(375, 186, 53, 'B'),
(376, 187, 28, 'A'),
(377, 187, 46, 'G'),
(378, 187, 23, 'B'),
(379, 187, 17, 'B'),
(380, 187, 1, 'B'),
(381, 187, 22, 'E'),
(382, 187, 50, 'B'),
(383, 187, 7, 'D'),
(384, 187, 6, 'E'),
(385, 187, 12, 'C'),
(386, 187, 45, 'B'),
(387, 188, 17, 'D'),
(388, 188, 1, 'C'),
(389, 188, 55, 'B'),
(390, 188, 22, 'F'),
(391, 188, 50, 'D'),
(392, 188, 36, 'B'),
(393, 188, 21, 'E'),
(394, 188, 58, NULL),
(395, 188, 14, 'D'),
(396, 188, 18, 'B'),
(397, 188, 13, 'D'),
(398, 189, 24, 'F'),
(399, 189, 60, 'B'),
(400, 189, 60, 'A'),
(401, 189, 17, 'F'),
(402, 189, 1, 'D'),
(403, 189, 55, 'E'),
(404, 189, 25, 'B'),
(405, 189, 59, 'B'),
(406, 189, 14, 'E'),
(407, 189, 14, 'G'),
(408, 189, 18, 'C'),
(409, 190, 1, 'E'),
(410, 190, 55, 'D'),
(411, 190, 22, 'H'),
(412, 190, 25, 'A'),
(413, 190, 36, 'C'),
(414, 190, 21, 'F'),
(415, 190, 61, 'C'),
(416, 190, 14, 'F'),
(417, 190, 13, 'G'),
(418, 190, 62, NULL),
(419, 190, 44, 'D'),
(420, 191, 28, 'B'),
(421, 191, 46, 'B'),
(422, 191, 1, 'A'),
(423, 191, 37, 'B'),
(424, 191, 8, 'D'),
(425, 191, 52, 'A'),
(426, 191, 43, 'C'),
(427, 191, 43, 'E'),
(428, 191, 32, 'A'),
(429, 191, 30, 'A'),
(430, 192, 41, 'B'),
(431, 192, 1, 'B'),
(432, 192, 37, 'C'),
(433, 192, 8, 'C'),
(434, 192, 43, 'D'),
(435, 192, 26, 'C'),
(436, 192, 12, 'B'),
(437, 192, 48, 'C'),
(438, 192, 31, 'A'),
(439, 192, 29, 'B'),
(440, 193, 28, 'C'),
(441, 193, 40, 'A'),
(442, 193, 1, 'C'),
(443, 193, 3, 'B'),
(444, 193, 36, 'A'),
(445, 193, 36, 'C'),
(446, 193, 43, 'I'),
(447, 193, 43, 'F'),
(448, 193, 12, 'D'),
(449, 193, 29, 'C'),
(450, 194, 28, 'D'),
(451, 194, 40, 'B'),
(452, 194, 46, 'C'),
(453, 194, 1, 'D'),
(454, 194, 52, 'B'),
(455, 194, 43, 'J'),
(456, 194, 26, 'F'),
(457, 194, 63, 'A'),
(458, 194, 30, 'B'),
(459, 195, 28, 'F'),
(460, 195, 1, 'E'),
(461, 195, 36, 'D'),
(462, 195, 43, 'K'),
(463, 195, 63, 'C'),
(464, 195, 63, 'B'),
(465, 195, 12, 'F'),
(466, 195, 12, 'G'),
(467, 195, 48, 'E'),
(468, 195, 30, 'D'),
(469, 195, 30, 'C'),
(470, 196, 1, NULL),
(471, 197, 46, 'D'),
(472, 197, 17, 'A'),
(473, 197, 42, 'B'),
(474, 197, 1, 'A'),
(475, 197, 50, 'A'),
(476, 197, 7, 'A'),
(477, 197, 6, 'B'),
(478, 197, 54, 'B'),
(479, 197, 12, 'A'),
(480, 197, 13, 'A'),
(481, 197, 44, 'A'),
(482, 197, 29, 'B'),
(483, 198, 46, 'G'),
(484, 198, 23, 'A'),
(485, 198, 1, 'B'),
(486, 198, 55, 'C'),
(487, 198, 8, 'C'),
(488, 198, 36, 'A'),
(489, 198, 16, 'B'),
(490, 198, 7, 'D'),
(491, 198, 21, 'D'),
(492, 198, 49, 'G'),
(493, 198, 13, 'B'),
(494, 199, 42, 'E'),
(495, 199, 1, 'C'),
(496, 199, 36, 'B'),
(497, 199, 57, 'C'),
(498, 199, 18, 'C'),
(499, 199, 12, 'D'),
(500, 199, 2, 'E'),
(501, 199, 5, 'C'),
(502, 199, 13, 'E'),
(503, 199, 44, 'C'),
(504, 199, 53, 'D'),
(505, 200, 60, 'B'),
(506, 200, 23, 'B'),
(507, 200, 17, 'F'),
(508, 200, 1, 'D'),
(509, 200, 55, 'E'),
(510, 200, 22, 'G'),
(511, 200, 25, 'B'),
(512, 200, 59, 'C'),
(513, 200, 14, 'G'),
(514, 200, 14, 'E'),
(515, 200, 13, 'G'),
(516, 201, 1, 'E'),
(517, 201, 0, 'F'),
(518, 201, 22, 'F'),
(519, 201, 50, 'D'),
(520, 201, 21, 'F'),
(521, 201, 59, 'B'),
(522, 201, 14, 'F'),
(523, 201, 49, 'J'),
(524, 201, 13, 'F'),
(525, 201, 62, NULL),
(526, 202, 1, 'F'),
(527, 202, 22, 'F'),
(528, 202, 50, 'D'),
(529, 202, 21, 'F'),
(530, 202, 59, 'B'),
(531, 202, 14, 'F'),
(532, 202, 49, 'J'),
(533, 202, 13, 'F'),
(534, 202, 62, NULL),
(535, 202, 0, 'E'),
(536, 203, 28, 'A'),
(537, 203, 1, 'A'),
(538, 203, 37, 'A'),
(539, 203, 3, 'A'),
(540, 203, 8, 'A'),
(541, 203, 8, 'B'),
(542, 203, 12, 'A'),
(543, 203, 12, 'B'),
(544, 203, 2, 'B'),
(545, 203, 9, 'A'),
(546, 204, 28, 'B'),
(547, 204, 1, 'B'),
(548, 204, 37, 'B'),
(549, 204, 36, 'A'),
(550, 204, 43, 'B'),
(551, 204, 26, 'C'),
(552, 204, 32, 'A'),
(553, 204, 30, 'A'),
(554, 204, 31, 'B'),
(555, 205, 28, 'C'),
(556, 205, 40, 'A'),
(557, 205, 46, 'A'),
(558, 205, 1, 'C'),
(559, 205, 3, 'B'),
(560, 205, 43, 'E'),
(561, 205, 43, 'G'),
(562, 205, 63, 'A'),
(563, 205, 12, 'D'),
(564, 205, 29, 'B'),
(565, 206, 28, 'D'),
(566, 206, 40, 'C'),
(567, 206, 1, 'D'),
(568, 206, 36, 'B'),
(569, 206, 26, 'F'),
(570, 206, 63, 'B'),
(571, 206, 12, 'F'),
(572, 206, 12, 'G'),
(573, 206, 30, 'C'),
(574, 206, 29, 'C'),
(575, 207, 28, 'E'),
(576, 207, 40, 'D'),
(577, 207, 1, 'E'),
(578, 207, 8, 'D'),
(579, 207, 36, 'C'),
(580, 207, 26, 'E'),
(581, 207, 12, 'E'),
(582, 207, 2, 'C'),
(583, 207, 48, 'E'),
(584, 207, 30, 'B'),
(585, 208, 28, 'F'),
(586, 208, 1, 'F'),
(587, 208, 10, 'D'),
(588, 208, 36, 'D'),
(589, 208, 43, 'I'),
(590, 208, 43, 'J'),
(591, 208, 63, 'C'),
(592, 208, 12, 'H'),
(593, 208, 48, 'F'),
(594, 208, 30, 'D'),
(595, 208, 31, 'C'),
(596, 209, 17, 'A'),
(597, 209, 42, 'A'),
(598, 209, 1, 'A'),
(599, 209, 55, 'A'),
(600, 209, 50, 'A'),
(601, 209, 7, 'A'),
(602, 209, 6, 'B'),
(603, 209, 2, 'B'),
(604, 209, 48, 'C'),
(605, 209, 9, 'A'),
(606, 209, 13, 'A'),
(607, 209, 29, 'B'),
(608, 210, 24, 'A'),
(609, 210, 1, 'B'),
(610, 210, 22, 'C'),
(611, 210, 10, 'C'),
(612, 210, 50, 'B'),
(613, 210, 54, 'C'),
(614, 210, 49, 'F'),
(615, 210, 12, 'A'),
(616, 210, 48, 'D'),
(617, 210, 13, 'B'),
(618, 210, 44, 'A'),
(619, 210, 53, 'B'),
(620, 211, 24, 'A'),
(621, 211, 1, 'B'),
(622, 211, 22, 'C'),
(623, 211, 10, 'C'),
(624, 211, 50, 'B'),
(625, 211, 54, 'C'),
(626, 211, 49, 'F'),
(627, 211, 12, 'A'),
(628, 211, 48, 'D'),
(629, 211, 13, 'B'),
(630, 211, 44, 'A'),
(631, 211, 53, 'B'),
(645, 213, 17, 'D'),
(633, 212, 23, 'A'),
(634, 212, 11, 'B'),
(635, 212, 1, 'C'),
(636, 212, 55, 'C'),
(637, 212, 6, 'D'),
(638, 212, 21, 'D'),
(639, 212, 61, 'A'),
(640, 212, 14, 'C'),
(641, 212, 2, 'D'),
(642, 212, 47, 'B'),
(643, 212, 13, 'C'),
(644, 212, 46, 'F'),
(646, 213, 1, 'D'),
(647, 213, 55, 'E'),
(648, 213, 16, 'D'),
(649, 213, 7, 'E'),
(650, 213, 61, 'B'),
(651, 213, 59, 'A'),
(652, 213, 14, 'F'),
(653, 213, 49, 'H'),
(654, 213, 18, 'C'),
(655, 213, 46, 'H'),
(656, 213, 44, 'C'),
(657, 214, 1, 'E'),
(658, 214, 55, 'F'),
(659, 214, 16, 'F'),
(660, 214, 54, 'H'),
(661, 214, 59, 'C'),
(662, 214, 49, 'L'),
(663, 214, 12, 'H'),
(664, 214, 48, 'H'),
(665, 214, 45, 'C'),
(666, 214, 46, 'I'),
(667, 214, 44, 'D'),
(668, 214, 29, 'E'),
(669, 215, 28, 'A'),
(670, 215, 1, 'A'),
(671, 215, 37, 'A'),
(672, 215, 3, 'A'),
(673, 215, 8, 'A'),
(674, 215, 43, 'B'),
(675, 215, 26, 'B'),
(676, 215, 2, 'A'),
(677, 215, 48, 'A'),
(678, 215, 9, 'B'),
(697, 217, 31, 'B'),
(689, 217, 28, 'B'),
(696, 217, 30, 'A'),
(695, 217, 32, 'A'),
(694, 217, 43, 'E'),
(693, 217, 43, 'C'),
(692, 217, 36, 'A'),
(691, 217, 10, 'C'),
(690, 217, 1, 'B'),
(698, 217, 65, 'B'),
(699, 218, 28, 'C'),
(700, 218, 1, 'C'),
(701, 218, 3, 'B'),
(702, 218, 8, 'D'),
(703, 218, 36, 'B'),
(704, 218, 43, 'F'),
(705, 218, 43, 'H'),
(706, 218, 63, 'A'),
(707, 218, 12, 'C'),
(708, 218, 46, 'A'),
(709, 219, 28, 'E'),
(710, 219, 40, 'D'),
(711, 219, 1, 'D'),
(712, 219, 36, 'C'),
(713, 219, 43, 'I'),
(714, 219, 26, 'F'),
(715, 219, 63, 'B'),
(716, 219, 12, 'E'),
(717, 219, 30, 'B'),
(746, 223, 1, 'F'),
(737, 222, 1, 'E'),
(738, 222, 0, 'F'),
(739, 222, 36, 'D'),
(740, 222, 43, 'J'),
(741, 222, 63, 'C'),
(742, 222, 63, 'D'),
(743, 222, 30, 'C'),
(744, 223, 28, 'F'),
(745, 223, 0, 'E'),
(736, 222, 28, 'F'),
(747, 223, 36, 'D'),
(748, 223, 43, 'J'),
(749, 223, 63, 'C'),
(750, 223, 63, 'D'),
(751, 223, 30, 'C');

-- --------------------------------------------------------

--
-- Table structure for table `clubploegspeler`
--

CREATE TABLE IF NOT EXISTS `clubploegspeler` (
  `ID` int(10) unsigned NOT NULL AUTO_INCREMENT,
  `ClubPloegID` int(10) unsigned NOT NULL DEFAULT '0',
  `SpelerID` int(10) unsigned NOT NULL DEFAULT '0',
  `Kapitein` tinyint(3) unsigned NOT NULL DEFAULT '0',
  PRIMARY KEY (`ID`)
) ENGINE=MyISAM  DEFAULT CHARSET=latin1 AUTO_INCREMENT=430 ;

--
-- Dumping data for table `clubploegspeler`
--

INSERT INTO `clubploegspeler` (`ID`, `ClubPloegID`, `SpelerID`, `Kapitein`) VALUES
(101, 167, 7, 1),
(102, 167, 4, 0),
(103, 167, 8, 0),
(104, 167, 32, 0),
(105, 167, 33, 0),
(106, 193, 16, 1),
(107, 193, 2, 0),
(108, 193, 5, 0),
(109, 193, 26, 0),
(110, 193, 12, 0),
(111, 193, 20, 0),
(112, 205, 25, 1),
(113, 205, 1, 0),
(114, 205, 28, 0),
(115, 205, 14, 0),
(116, 205, 27, 0),
(117, 205, 31, 0),
(118, 215, 17, 1),
(119, 215, 6, 0),
(120, 215, 11, 0),
(121, 215, 29, 0),
(122, 215, 19, 0),
(123, 215, 22, 0),
(124, 215, 23, 0),
(125, 224, 7, 1),
(126, 224, 4, 0),
(127, 224, 26, 0),
(128, 224, 2, 0),
(129, 224, 20, 0),
(130, 236, 1, 1),
(131, 236, 16, 0),
(132, 236, 12, 0),
(133, 236, 25, 0),
(134, 236, 14, 0),
(135, 236, 27, 0),
(136, 246, 0, 1),
(137, 246, 11, 0),
(138, 246, 28, 0),
(139, 246, 19, 0),
(140, 246, 23, 0),
(141, 246, 22, 0),
(156, 277, 31, 0),
(155, 277, 6, 0),
(154, 277, 29, 0),
(153, 277, 30, 0),
(152, 277, 17, 1),
(157, 289, 4, 1),
(158, 289, 7, 0),
(159, 289, 8, 0),
(160, 289, 33, 0),
(161, 289, 32, 0),
(162, 302, 16, 1),
(163, 302, 12, 0),
(164, 302, 5, 0),
(165, 302, 2, 0),
(166, 302, 20, 0),
(167, 313, 25, 1),
(168, 313, 28, 0),
(169, 313, 1, 0),
(170, 313, 14, 0),
(171, 313, 22, 0),
(183, 322, 31, 0),
(182, 322, 34, 0),
(181, 322, 6, 0),
(180, 322, 29, 0),
(179, 322, 11, 0),
(178, 322, 17, 1),
(184, 335, 7, 1),
(185, 335, 16, 0),
(186, 335, 12, 0),
(187, 335, 2, 0),
(188, 335, 20, 0),
(189, 346, 25, 1),
(190, 346, 28, 0),
(191, 346, 1, 0),
(192, 346, 14, 0),
(193, 356, 17, 1),
(194, 356, 30, 0),
(195, 356, 28, 0),
(196, 356, 29, 0),
(197, 356, 6, 0),
(198, 356, 31, 0),
(199, 367, 4, 1),
(200, 367, 7, 0),
(201, 367, 5, 0),
(202, 367, 36, 0),
(203, 367, 8, 0),
(204, 380, 16, 1),
(205, 380, 12, 0),
(206, 380, 58, 0),
(207, 380, 2, 0),
(208, 380, 20, 0),
(209, 388, 1, 1),
(210, 388, 60, 0),
(211, 388, 59, 0),
(212, 388, 28, 0),
(213, 388, 14, 0),
(214, 388, 27, 0),
(215, 388, 22, 0),
(216, 388, 31, 0),
(217, 402, 17, 1),
(218, 402, 60, 0),
(219, 402, 11, 0),
(220, 402, 61, 0),
(221, 402, 62, 0),
(222, 402, 6, 0),
(223, 402, 22, 0),
(224, 402, 31, 0),
(225, 409, 34, 1),
(226, 409, 72, 0),
(227, 409, 30, 0),
(228, 409, 70, 0),
(229, 409, 65, 0),
(230, 409, 63, 0),
(231, 409, 29, 0),
(232, 409, 71, 0),
(233, 409, 64, 0),
(234, 422, 7, 1),
(235, 422, 4, 0),
(236, 422, 67, 0),
(237, 422, 68, 0),
(238, 422, 69, 0),
(239, 422, 20, 0),
(240, 422, 13, 0),
(241, 431, 16, 1),
(242, 431, 59, 0),
(243, 431, 12, 0),
(244, 431, 58, 0),
(245, 431, 2, 0),
(246, 442, 1, 1),
(247, 442, 60, 0),
(248, 442, 28, 0),
(249, 442, 14, 0),
(250, 442, 27, 0),
(251, 442, 22, 0),
(252, 442, 31, 0),
(253, 453, 17, 1),
(254, 453, 11, 0),
(255, 453, 28, 0),
(256, 453, 61, 0),
(257, 453, 62, 0),
(258, 453, 22, 0),
(259, 453, 31, 0),
(260, 460, 29, 1),
(261, 460, 72, 0),
(262, 460, 30, 0),
(263, 460, 66, 0),
(264, 460, 70, 0),
(265, 460, 65, 0),
(266, 460, 63, 0),
(267, 460, 71, 0),
(268, 460, 6, 0),
(269, 470, 0, 1),
(270, 474, 4, 0),
(271, 474, 7, 1),
(272, 474, 36, 0),
(273, 474, 8, 0),
(274, 474, 75, 0),
(275, 485, 16, 1),
(276, 485, 12, 0),
(277, 485, 5, 0),
(278, 485, 2, 0),
(279, 485, 20, 0),
(280, 495, 58, 0),
(281, 495, 59, 0),
(282, 495, 78, 0),
(283, 495, 14, 0),
(284, 495, 27, 0),
(285, 508, 34, 1),
(286, 508, 11, 0),
(287, 508, 28, 0),
(288, 508, 22, 0),
(289, 508, 31, 0),
(290, 495, 1, 1),
(291, 516, 65, 0),
(292, 516, 17, 1),
(293, 516, 29, 0),
(294, 516, 61, 0),
(295, 516, 62, 0),
(296, 516, 64, 0),
(297, 526, 74, 1),
(298, 526, 72, 0),
(299, 526, 30, 0),
(300, 526, 63, 0),
(301, 526, 71, 0),
(302, 526, 6, 0),
(303, 508, 79, 0),
(304, 537, 4, 0),
(305, 537, 7, 1),
(306, 537, 67, 0),
(307, 537, 68, 0),
(308, 537, 36, 0),
(309, 537, 13, 0),
(310, 547, 16, 1),
(311, 547, 12, 0),
(312, 547, 58, 0),
(313, 547, 2, 0),
(314, 558, 1, 1),
(315, 547, 59, 0),
(316, 558, 66, 0),
(317, 558, 28, 0),
(318, 558, 14, 0),
(319, 558, 27, 0),
(320, 558, 22, 0),
(321, 558, 31, 0),
(322, 567, 17, 1),
(323, 567, 11, 0),
(324, 567, 29, 0),
(325, 567, 61, 0),
(326, 577, 65, 1),
(327, 577, 63, 0),
(328, 577, 64, 0),
(329, 577, 6, 0),
(330, 586, 72, 1),
(331, 586, 74, 0),
(332, 586, 30, 0),
(333, 586, 70, 0),
(334, 586, 71, 0),
(335, 586, 77, 0),
(336, 577, 62, 0),
(337, 598, 7, 1),
(338, 598, 4, 0),
(339, 598, 8, 0),
(340, 598, 75, 0),
(341, 598, 20, 0),
(356, 635, 83, 0),
(354, 635, 59, 0),
(353, 635, 78, 0),
(355, 635, 79, 0),
(352, 635, 58, 1),
(347, 621, 16, 1),
(348, 621, 80, 0),
(349, 621, 12, 0),
(350, 621, 5, 0),
(351, 621, 2, 0),
(357, 635, 34, 0),
(358, 646, 65, 1),
(359, 646, 74, 0),
(360, 646, 28, 0),
(361, 646, 1, 0),
(362, 646, 14, 0),
(363, 646, 81, 0),
(364, 646, 61, 0),
(365, 646, 22, 0),
(366, 646, 31, 0),
(367, 657, 17, 1),
(368, 657, 72, 0),
(369, 657, 11, 0),
(370, 657, 30, 0),
(371, 657, 63, 0),
(372, 657, 71, 0),
(373, 657, 62, 0),
(374, 657, 64, 0),
(375, 657, 6, 0),
(376, 657, 82, 0),
(377, 646, 84, 0),
(378, 670, 4, 1),
(379, 670, 7, 0),
(380, 670, 67, 0),
(381, 670, 36, 0),
(382, 670, 75, 0),
(383, 670, 20, 0),
(395, 700, 74, 1),
(394, 690, 2, 0),
(393, 690, 12, 0),
(392, 690, 66, 0),
(391, 690, 59, 0),
(390, 690, 16, 1),
(396, 700, 78, 0),
(397, 700, 28, 0),
(398, 700, 1, 0),
(399, 700, 58, 0),
(400, 700, 14, 0),
(401, 711, 65, 1),
(402, 711, 81, 0),
(403, 711, 61, 0),
(404, 711, 62, 0),
(405, 711, 22, 0),
(406, 711, 31, 0),
(419, 737, 17, 1),
(420, 737, 11, 0),
(421, 737, 63, 0),
(422, 737, 64, 0),
(423, 737, 6, 0),
(424, 746, 17, 1),
(425, 746, 72, 0),
(426, 746, 30, 0),
(427, 746, 71, 0),
(428, 746, 77, 0),
(429, 746, 82, 0);

-- --------------------------------------------------------

--
-- Table structure for table `kalender`
--

CREATE TABLE IF NOT EXISTS `kalender` (
  `ID` int(3) unsigned NOT NULL AUTO_INCREMENT,
  `Datum` date NOT NULL DEFAULT '0000-00-00',
  `Uur` time NOT NULL DEFAULT '20:00:00',
  `ThuisClubID` int(10) unsigned DEFAULT NULL,
  `ThuisPloeg` varchar(5) DEFAULT NULL,
  `ThuisClubPloegID` int(10) unsigned DEFAULT '0',
  `UitClubID` int(10) unsigned DEFAULT '0',
  `UitPloeg` varchar(5) DEFAULT NULL,
  `UitClubPloegID` int(10) unsigned DEFAULT NULL,
  `Week` tinyint(3) unsigned DEFAULT NULL,
  `Beschrijving` varchar(250) DEFAULT NULL,
  `Thuis` tinyint(3) unsigned DEFAULT NULL,
  `GeleideTraining` varchar(150) DEFAULT NULL,
  PRIMARY KEY (`ID`)
) ENGINE=MyISAM  DEFAULT CHARSET=latin1 AUTO_INCREMENT=1071 ;

--
-- Dumping data for table `kalender`
--

INSERT INTO `kalender` (`ID`, `Datum`, `Uur`, `ThuisClubID`, `ThuisPloeg`, `ThuisClubPloegID`, `UitClubID`, `UitPloeg`, `UitClubPloegID`, `Week`, `Beschrijving`, `Thuis`, `GeleideTraining`) VALUES
(89, '2010-10-29', '20:00:00', 1, 'A', 167, 17, 'B', 165, 8, NULL, 1, NULL),
(90, '2011-03-08', '20:00:00', 1, 'A', 167, 17, 'B', 165, 19, NULL, 0, NULL),
(91, '2010-09-17', '20:15:00', 1, 'A', 167, 42, 'D', 166, 1, NULL, 0, NULL),
(92, '2011-01-14', '20:00:00', 1, 'A', 167, 42, 'D', 166, 12, NULL, 1, NULL),
(93, '2010-10-09', '19:00:00', 1, 'A', 167, 22, 'C', 168, 4, NULL, 0, NULL),
(94, '2011-02-11', '20:00:00', 1, 'A', 167, 22, 'C', 168, 15, NULL, 1, NULL),
(95, '2010-11-05', '20:00:00', 1, 'A', 167, 8, 'A', 169, 6, NULL, 0, NULL),
(96, '2011-02-23', '20:00:00', 1, 'A', 167, 8, 'A', 169, 16, NULL, 1, NULL),
(97, '2010-12-03', '20:30:00', 1, 'A', 167, 6, 'C', 170, 10, NULL, 0, NULL),
(98, '2011-04-01', '20:00:00', 1, 'A', 167, 6, 'C', 170, 21, NULL, 1, NULL),
(99, '2010-11-23', '20:00:00', 1, 'A', 167, 21, 'A', 171, 9, NULL, 0, NULL),
(100, '2011-03-18', '20:00:00', 1, 'A', 167, 21, 'A', 171, 20, NULL, 1, NULL),
(101, '2010-10-15', '20:00:00', 1, 'A', 167, 49, 'F', 172, 7, NULL, 1, NULL),
(102, '2011-03-04', '20:00:00', 1, 'A', 167, 49, 'F', 172, 18, NULL, 0, NULL),
(103, '2010-10-22', '20:00:00', 1, 'A', 167, 47, 'A', 173, 5, NULL, 1, NULL),
(104, '2011-02-18', '20:00:00', 1, 'A', 167, 47, 'A', 173, 17, NULL, 0, NULL),
(105, '2010-10-01', '20:15:00', 1, 'A', 167, 45, 'A', 174, 3, NULL, 0, NULL),
(106, '2011-01-28', '20:00:00', 1, 'A', 167, 45, 'A', 174, 14, NULL, 1, NULL),
(107, '2010-12-10', '20:00:00', 1, 'A', 167, 9, 'B', 175, 11, NULL, 1, NULL),
(108, '2011-04-08', '19:30:00', 1, 'A', 167, 9, 'B', 175, 22, NULL, 0, NULL),
(109, '2010-09-24', '20:00:00', 1, 'A', 167, 44, 'B', 176, 2, NULL, 1, NULL),
(110, '2011-01-21', '19:45:00', 1, 'A', 167, 44, 'B', 176, 13, NULL, 0, NULL),
(111, '2010-10-22', '20:00:00', 1, 'B', 193, 24, 'A', 189, 5, NULL, 1, NULL),
(112, '2011-02-18', '20:00:00', 1, 'B', 193, 24, 'A', 189, 16, NULL, 0, NULL),
(113, '2010-10-15', '20:00:00', 1, 'B', 193, 23, 'B', 190, 7, NULL, 1, NULL),
(114, '2011-03-01', '19:30:00', 1, 'B', 193, 23, 'B', 190, 18, NULL, 0, NULL),
(115, '2010-09-24', '20:00:00', 1, 'B', 193, 17, 'C', 191, 2, NULL, 1, NULL),
(116, '2011-01-18', '20:00:00', 1, 'B', 193, 17, 'C', 191, 13, NULL, 0, NULL),
(117, '2010-10-09', '19:30:00', 1, 'B', 193, 42, 'E', 192, 4, NULL, 0, NULL),
(118, '2011-02-11', '20:00:00', 1, 'B', 193, 42, 'E', 192, 15, NULL, 1, NULL),
(119, '2010-12-03', '20:00:00', 1, 'B', 193, 22, 'F', 194, 10, NULL, 0, NULL),
(120, '2011-04-01', '20:00:00', 1, 'B', 193, 22, 'F', 194, 21, NULL, 1, NULL),
(121, '2010-11-26', '20:15:00', 1, 'B', 193, 50, 'E', 195, 9, NULL, 0, NULL),
(122, '2011-03-18', '20:00:00', 1, 'B', 193, 50, 'E', 195, 20, NULL, 1, NULL),
(123, '2010-09-28', '19:30:00', 1, 'B', 193, 36, 'A', 196, 3, NULL, 0, NULL),
(124, '2011-01-28', '20:00:00', 1, 'B', 193, 36, 'A', 196, 14, NULL, 1, NULL),
(125, '2010-09-18', '14:30:00', 1, 'B', 193, 6, 'D', 197, 1, NULL, 0, NULL),
(126, '2011-01-14', '20:00:00', 1, 'B', 193, 6, 'D', 197, 12, NULL, 1, NULL),
(127, '2010-11-02', '20:00:00', 1, 'B', 193, 21, 'C', 198, 6, NULL, 0, NULL),
(128, '2011-02-23', '20:00:00', 1, 'B', 193, 21, 'C', 198, 17, NULL, 1, NULL),
(129, '2010-12-10', '20:00:00', 1, 'B', 193, 49, 'I', 199, 11, NULL, 1, NULL),
(130, '2011-04-08', '20:00:00', 1, 'B', 193, 49, 'I', 199, 22, NULL, 0, NULL),
(131, '2010-10-29', '20:00:00', 1, 'B', 193, 5, 'C', 200, 8, NULL, 1, NULL),
(132, '2011-03-09', '20:00:00', 1, 'B', 193, 5, 'C', 200, 19, NULL, 0, NULL),
(133, '2010-10-01', '20:00:00', 1, 'C', 205, 46, 'H', 201, 3, NULL, 1, NULL),
(134, '2011-01-28', '20:00:00', 1, 'C', 205, 46, 'H', 201, 14, NULL, 0, NULL),
(135, '2010-09-17', '20:00:00', 1, 'C', 205, 24, 'C', 202, 1, NULL, 1, NULL),
(136, '2011-01-14', '20:00:00', 1, 'C', 205, 24, 'C', 202, 12, NULL, 0, NULL),
(137, '2010-12-03', '20:00:00', 1, 'C', 205, 23, 'C', 203, 10, NULL, 1, NULL),
(138, '2011-03-25', '19:30:00', 1, 'C', 205, 23, 'C', 203, 21, NULL, 0, NULL),
(139, '2010-11-16', '20:00:00', 1, 'C', 205, 17, 'D', 204, 8, NULL, 0, NULL),
(140, '2011-03-11', '20:00:00', 1, 'C', 205, 17, 'D', 204, 19, NULL, 1, NULL),
(141, '2010-10-22', '20:00:00', 1, 'C', 205, 22, 'G', 206, 5, NULL, 0, NULL),
(142, '2011-02-16', '20:00:00', 1, 'C', 205, 22, 'G', 206, 16, NULL, 1, NULL),
(143, '2010-11-12', '20:30:00', 1, 'C', 205, 16, 'C', 207, 7, NULL, 0, NULL),
(144, '2011-03-04', '20:00:00', 1, 'C', 205, 16, 'C', 207, 18, NULL, 1, NULL),
(145, '2010-11-24', '20:00:00', 1, 'C', 205, 21, 'E', 208, 9, NULL, 1, NULL),
(146, '2011-03-18', '20:00:00', 1, 'C', 205, 21, 'E', 208, 20, NULL, 0, NULL),
(147, '2010-09-24', '20:00:00', 1, 'C', 205, 14, 'E', 209, 2, NULL, 0, NULL),
(148, '2011-01-21', '20:00:00', 1, 'C', 205, 14, 'E', 209, 13, NULL, 1, NULL),
(149, '2010-12-10', '20:00:00', 1, 'C', 205, 18, 'B', 210, 11, NULL, 0, NULL),
(150, '2011-04-08', '20:00:00', 1, 'C', 205, 18, 'B', 210, 22, NULL, 1, NULL),
(151, '2010-10-08', '20:00:00', 1, 'C', 205, 47, 'C', 211, 4, NULL, 1, NULL),
(152, '2011-02-11', '20:15:00', 1, 'C', 205, 47, 'C', 211, 15, NULL, 0, NULL),
(153, '2010-11-19', '20:30:00', 1, 'D', 215, 46, 'M', 212, 8, NULL, 0, NULL),
(154, '2011-03-11', '20:00:00', 1, 'D', 215, 46, 'M', 212, 19, NULL, 1, NULL),
(155, '2010-10-01', '20:00:00', 1, 'D', 215, 24, 'F', 213, 3, NULL, 1, NULL),
(156, '2011-01-28', '20:00:00', 1, 'D', 215, 24, 'F', 213, 14, NULL, 0, NULL),
(157, '2010-12-03', '20:00:00', 1, 'D', 215, 23, 'D', 214, 10, NULL, 1, NULL),
(158, '2011-03-25', '19:30:00', 1, 'D', 215, 23, 'D', 214, 21, NULL, 0, NULL),
(159, '2010-11-24', '20:00:00', 1, 'D', 215, 22, 'I', 216, 9, NULL, 1, NULL),
(160, '2011-03-19', '14:00:00', 1, 'D', 215, 22, 'I', 216, 20, NULL, 0, NULL),
(161, '2010-10-22', '20:00:00', 1, 'D', 215, 25, 'B', 217, 5, NULL, 0, NULL),
(162, '2011-02-16', '20:00:00', 1, 'D', 215, 25, 'B', 217, 16, NULL, 1, NULL),
(163, '2010-12-10', '20:00:00', 1, 'D', 215, 25, 'A', 218, 11, NULL, 0, NULL),
(164, '2011-04-08', '20:00:00', 1, 'D', 215, 25, 'A', 218, 22, NULL, 1, NULL),
(165, '2010-09-17', '20:00:00', 1, 'D', 215, 14, 'G', 219, 1, NULL, 1, NULL),
(166, '2011-01-15', '14:00:00', 1, 'D', 215, 14, 'G', 219, 12, NULL, 0, NULL),
(167, '2010-09-24', '20:00:00', 1, 'D', 215, 14, 'F', 220, 2, NULL, 0, NULL),
(168, '2011-01-21', '20:00:00', 1, 'D', 215, 14, 'F', 220, 13, NULL, 1, NULL),
(169, '2010-10-08', '20:00:00', 1, 'D', 215, 13, 'E', 221, 4, NULL, 1, NULL),
(170, '2011-02-11', '20:00:00', 1, 'D', 215, 13, 'E', 221, 15, NULL, 0, NULL),
(171, '2010-11-13', '14:00:00', 1, 'D', 215, 13, 'G', 222, 7, NULL, 0, NULL),
(172, '2011-03-04', '20:00:00', 1, 'D', 215, 13, 'G', 222, 18, NULL, 1, NULL),
(173, '2010-10-25', '20:00:00', 1, 'A', 224, 46, 'B', 223, 7, NULL, 1, NULL),
(174, '2011-03-03', '20:00:00', 1, 'A', 224, 46, 'B', 223, 18, NULL, 0, NULL),
(175, '2010-10-11', '20:00:00', 1, 'A', 224, 37, 'B', 225, 5, NULL, 1, NULL),
(176, '2011-02-15', '20:00:00', 1, 'A', 224, 37, 'B', 225, 16, NULL, 0, NULL),
(177, '2010-09-14', '20:00:00', 1, 'A', 224, 8, 'E', 226, 2, NULL, 0, NULL),
(178, '2011-01-17', '20:00:00', 1, 'A', 224, 8, 'E', 226, 13, NULL, 1, NULL),
(179, '2010-09-30', '20:00:00', 1, 'A', 224, 36, 'A', 227, 4, NULL, 0, NULL),
(180, '2011-01-31', '20:00:00', 1, 'A', 224, 36, 'A', 227, 15, NULL, 1, NULL),
(181, '2010-11-08', '20:00:00', 1, 'A', 224, 43, 'D', 228, 8, NULL, 0, NULL),
(182, '2011-03-14', '20:00:00', 1, 'A', 224, 43, 'D', 228, 19, NULL, 1, NULL),
(183, '2010-10-18', '20:00:00', 1, 'A', 224, 26, 'D', 229, 6, NULL, 0, NULL),
(184, '2011-02-21', '20:00:00', 1, 'A', 224, 26, 'D', 229, 17, NULL, 1, NULL),
(185, '2010-09-20', '20:00:00', 1, 'A', 224, 32, 'A', 230, 3, NULL, 1, NULL),
(186, '2011-01-27', '20:00:00', 1, 'A', 224, 32, 'A', 230, 14, NULL, 0, NULL),
(187, '2010-10-04', '20:00:00', 1, 'A', 224, 30, 'A', 231, 10, NULL, 0, NULL),
(188, '2011-03-28', '20:00:00', 1, 'A', 224, 30, 'A', 231, 21, NULL, 1, NULL),
(189, '2010-11-15', '20:00:00', 1, 'A', 224, 44, 'A', 232, 9, NULL, 1, NULL),
(190, '2011-03-21', '20:00:00', 1, 'A', 224, 44, 'A', 232, 20, NULL, 0, NULL),
(191, '2010-09-14', '20:30:00', 1, 'B', 236, 28, 'C', 233, 2, NULL, 0, NULL),
(192, '2011-01-17', '20:00:00', 1, 'B', 236, 28, 'C', 233, 13, NULL, 1, NULL),
(193, '2010-10-11', '20:00:00', 1, 'B', 236, 40, 'A', 234, 5, NULL, 1, NULL),
(194, '2011-02-15', '20:00:00', 1, 'B', 236, 40, 'A', 234, 16, NULL, 0, NULL),
(195, '2010-10-25', '20:00:00', 1, 'B', 236, 46, 'C', 235, 7, NULL, 1, NULL),
(196, '2011-03-03', '20:00:00', 1, 'B', 236, 46, 'C', 235, 18, NULL, 0, NULL),
(197, '2010-11-15', '20:00:00', 1, 'B', 236, 37, 'C', 237, 9, NULL, 1, NULL),
(198, '2011-03-24', '20:00:00', 1, 'B', 236, 37, 'C', 237, 20, NULL, 0, NULL),
(199, '2010-11-23', '20:00:00', 1, 'B', 236, 3, 'B', 238, 10, NULL, 0, NULL),
(200, '2011-03-28', '20:00:00', 1, 'B', 236, 3, 'B', 238, 21, NULL, 1, NULL),
(201, '2010-09-20', '20:00:00', 1, 'B', 236, 43, 'F', 239, 3, NULL, 1, NULL),
(202, '2011-01-24', '20:00:00', 1, 'B', 236, 43, 'F', 239, 14, NULL, 0, NULL),
(203, '2010-09-29', '20:00:00', 1, 'B', 236, 38, 'A', 240, 4, NULL, 0, NULL),
(204, '2011-01-31', '20:00:00', 1, 'B', 236, 38, 'A', 240, 15, NULL, 1, NULL),
(205, '2010-11-11', '20:00:00', 1, 'B', 236, 32, 'B', 241, 8, NULL, 0, NULL),
(206, '2011-03-14', '20:00:00', 1, 'B', 236, 32, 'B', 241, 19, NULL, 1, NULL),
(207, '2010-10-20', '20:00:00', 1, 'B', 236, 51, 'A', 242, 6, NULL, 0, NULL),
(208, '2011-02-21', '20:00:00', 1, 'B', 236, 51, 'A', 242, 17, NULL, 1, NULL),
(209, '2010-09-07', '20:30:00', 1, 'C', 246, 28, 'D', 243, 1, NULL, 0, NULL),
(210, '2011-01-10', '20:00:00', 1, 'C', 246, 28, 'D', 243, 12, NULL, 1, NULL),
(211, '2010-10-12', '20:00:00', 1, 'C', 246, 40, 'C', 244, 5, NULL, 0, NULL),
(212, '2011-02-14', '20:00:00', 1, 'C', 246, 40, 'C', 244, 16, NULL, 1, NULL),
(213, '2010-11-22', '20:00:00', 1, 'C', 246, 34, 'A', 245, 10, NULL, 1, NULL),
(214, '2011-03-29', '20:30:00', 1, 'C', 246, 34, 'A', 245, 21, NULL, 0, NULL),
(215, '2010-10-18', '20:00:00', 1, 'C', 246, 10, 'C', 247, 6, NULL, 1, NULL),
(216, '2011-02-24', '20:00:00', 1, 'C', 246, 10, 'C', 247, 17, NULL, 0, NULL),
(217, '2010-11-29', '20:00:00', 1, 'C', 246, 8, 'H', 248, 11, NULL, 1, NULL),
(218, '2011-04-05', '20:00:00', 1, 'C', 246, 8, 'H', 248, 22, NULL, 0, NULL),
(219, '2010-10-28', '20:00:00', 1, 'C', 246, 36, 'B', 250, 7, NULL, 0, NULL),
(220, '2011-02-28', '20:00:00', 1, 'C', 246, 36, 'B', 250, 18, NULL, 1, NULL),
(221, '2010-09-13', '20:00:00', 1, 'C', 246, 36, 'D', 249, 2, NULL, 1, NULL),
(222, '2011-01-20', '20:00:00', 1, 'C', 246, 36, 'D', 249, 13, NULL, 0, NULL),
(223, '2010-11-15', '20:00:00', 1, 'C', 246, 52, 'B', 251, 9, NULL, 0, NULL),
(224, '2011-03-21', '20:00:00', 1, 'C', 246, 52, 'B', 251, 20, NULL, 1, NULL),
(225, '2010-11-01', '20:00:00', 1, 'C', 246, 43, 'H', 252, 8, NULL, 1, NULL),
(226, '2011-03-16', '20:00:00', 1, 'C', 246, 43, 'H', 252, 19, NULL, 0, NULL),
(227, '2010-09-21', '20:00:00', 1, 'C', 246, 30, 'B', 253, 3, NULL, 0, NULL),
(228, '2011-01-24', '20:00:00', 1, 'C', 246, 30, 'B', 253, 14, NULL, 1, NULL),
(232, '2010-09-06', '20:00:00', 1, 'D', 277, 41, 'C', 276, 1, NULL, 0, NULL),
(233, '2011-01-10', '20:00:00', 1, 'D', 277, 41, 'C', 276, 12, NULL, 1, NULL),
(234, '2010-09-21', '20:00:00', 1, 'D', 277, 8, 'G', 278, 3, NULL, 0, NULL),
(235, '2011-01-24', '20:00:00', 1, 'D', 277, 8, 'G', 278, 14, NULL, 1, NULL),
(236, '2010-09-13', '20:00:00', 1, 'D', 277, 36, 'C', 279, 2, NULL, 1, NULL),
(237, '2011-01-20', '20:00:00', 1, 'D', 277, 36, 'C', 279, 13, NULL, 0, NULL),
(238, '2010-11-15', '20:00:00', 1, 'D', 277, 43, 'I', 280, 9, NULL, 0, NULL),
(239, '2011-03-21', '20:00:00', 1, 'D', 277, 43, 'I', 280, 20, NULL, 1, NULL),
(240, '2010-09-27', '20:00:00', 1, 'D', 277, 26, 'F', 281, 4, NULL, 1, NULL),
(241, '2011-01-31', '20:00:00', 1, 'D', 277, 26, 'F', 281, 15, NULL, 0, NULL),
(242, '2010-11-22', '20:00:00', 1, 'D', 277, 12, 'D', 282, 10, NULL, 1, NULL),
(243, '2011-03-28', '20:00:00', 1, 'D', 277, 12, 'D', 282, 21, NULL, 0, NULL),
(244, '2010-11-29', '20:00:00', 1, 'D', 277, 2, 'C', 283, 11, NULL, 1, NULL),
(245, '2011-04-09', '10:00:00', 1, 'D', 277, 2, 'C', 283, 22, NULL, 0, NULL),
(246, '2010-10-14', '20:30:00', 1, 'D', 277, 48, 'D', 284, 5, NULL, 0, NULL),
(247, '2011-02-14', '20:00:00', 1, 'D', 277, 48, 'D', 284, 16, NULL, 1, NULL),
(248, '2010-10-18', '20:00:00', 1, 'D', 277, 31, 'C', 285, 6, NULL, 1, NULL),
(249, '2011-02-24', '20:00:00', 1, 'D', 277, 31, 'C', 285, 17, NULL, 0, NULL),
(250, '2010-11-01', '20:00:00', 1, 'D', 277, 29, 'D', 286, 8, NULL, 1, NULL),
(251, '2011-03-16', '20:00:00', 1, 'D', 277, 29, 'D', 286, 19, NULL, 0, NULL),
(252, '2010-12-04', '18:00:00', NULL, NULL, 0, 0, NULL, NULL, NULL, 'Eetfestijn TTC Erembodegem', NULL, NULL),
(253, '2011-09-24', '18:00:00', NULL, NULL, 0, 0, NULL, NULL, NULL, 'Eetfestijn TTC Erembodegem', NULL, NULL),
(254, '2011-11-04', '20:00:00', 1, 'A', 289, 46, 'F', 287, 6, NULL, 1, NULL),
(255, '2012-03-03', '19:00:00', 1, 'A', 289, 46, 'F', 287, 17, NULL, 0, NULL),
(256, '2011-12-02', '20:00:00', 1, 'A', 289, 17, 'B', 288, 10, NULL, 1, NULL),
(257, '2012-04-13', '20:00:00', 1, 'A', 289, 17, 'B', 288, 21, NULL, 0, NULL),
(258, '2011-09-24', '19:00:00', 1, 'A', 289, 10, 'C', 290, 2, NULL, 0, NULL),
(259, '2012-01-20', '20:00:00', 1, 'A', 289, 10, 'C', 290, 13, NULL, 1, NULL),
(260, '2011-11-18', '20:00:00', 1, 'A', 289, 8, 'B', 291, 8, NULL, 1, NULL),
(261, '2012-03-16', '20:00:00', 1, 'A', 289, 8, 'B', 291, 19, NULL, 0, NULL),
(262, '2011-10-07', '20:00:00', 1, 'A', 289, 6, 'C', 292, 4, NULL, 1, NULL),
(263, '2012-02-04', '14:30:00', 1, 'A', 289, 6, 'C', 292, 15, NULL, 0, NULL),
(264, '2011-11-11', '20:30:00', 1, 'A', 289, 54, 'C', 293, 7, NULL, 0, NULL),
(265, '2012-03-09', '20:00:00', 1, 'A', 289, 54, 'C', 293, 18, NULL, 1, NULL),
(266, '2011-09-16', '20:00:00', 1, 'A', 289, 49, 'G', 294, 1, NULL, 1, NULL),
(267, '2012-01-13', '20:00:00', 1, 'A', 289, 49, 'G', 294, 12, NULL, 0, NULL),
(268, '2011-12-09', '20:15:00', 1, 'A', 289, 45, 'A', 295, 11, NULL, 0, NULL),
(269, '2012-04-20', '20:00:00', 1, 'A', 289, 45, 'A', 295, 22, NULL, 1, NULL),
(270, '2011-10-22', '19:00:00', 1, 'A', 289, 9, 'A', 296, 5, NULL, 0, NULL),
(271, '2012-02-17', '20:00:00', 1, 'A', 289, 9, 'A', 296, 16, NULL, 1, NULL),
(272, '2011-11-25', '20:00:00', 1, 'A', 289, 44, 'A', 297, 9, NULL, 0, NULL),
(273, '2012-03-23', '20:00:00', 1, 'A', 289, 44, 'A', 297, 20, NULL, 1, NULL),
(274, '2011-09-30', '20:00:00', 1, 'A', 289, 53, 'B', 298, 3, NULL, 1, NULL),
(275, '2012-01-27', '20:00:00', 1, 'A', 289, 53, 'B', 298, 14, NULL, 0, NULL),
(276, '2011-09-30', '20:00:00', 1, 'B', 302, 24, 'C', 299, 3, NULL, 1, NULL),
(277, '2012-01-27', '20:00:00', 1, 'B', 302, 24, 'C', 299, 14, NULL, 0, NULL),
(278, '2011-12-06', '19:30:00', 1, 'B', 302, 23, 'B', 300, 11, NULL, 1, NULL),
(279, '2012-04-20', '20:00:00', 1, 'B', 302, 23, 'B', 300, 22, NULL, 0, NULL),
(280, '2011-11-18', '20:00:00', 1, 'B', 302, 17, 'C', 301, 8, NULL, 1, NULL),
(281, '2012-03-13', '20:00:00', 1, 'B', 302, 17, 'C', 301, 19, NULL, 0, NULL),
(282, '2011-11-11', '20:00:00', 1, 'B', 302, 22, 'E', 303, 7, NULL, 0, NULL),
(283, '2012-03-09', '20:00:00', 1, 'B', 302, 22, 'E', 303, 18, NULL, 1, NULL),
(284, '2011-09-23', '20:15:00', 1, 'B', 302, 50, 'B', 304, 2, NULL, 0, NULL),
(285, '2012-01-20', '20:00:00', 1, 'B', 302, 50, 'B', 304, 13, NULL, 1, NULL),
(286, '2011-12-02', '20:00:00', 1, 'B', 302, 16, 'B', 305, 10, NULL, 1, NULL),
(287, '2012-04-10', '20:00:00', 1, 'B', 302, 16, 'B', 305, 21, NULL, 0, NULL),
(288, '2011-09-16', '20:00:00', 1, 'B', 302, 7, 'D', 306, 1, NULL, 1, NULL),
(289, '2012-01-13', '20:00:00', 1, 'B', 302, 7, 'D', 306, 12, NULL, 0, NULL),
(290, '2011-11-25', '20:30:00', 1, 'B', 302, 54, 'D', 307, 9, NULL, 0, NULL),
(291, '2012-03-23', '20:00:00', 1, 'B', 302, 54, 'D', 307, 20, NULL, 1, NULL),
(292, '2011-10-18', '20:00:00', 1, 'B', 302, 21, 'B', 308, 5, NULL, 0, NULL),
(293, '2012-02-17', '20:00:00', 1, 'B', 302, 21, 'B', 308, 16, NULL, 1, NULL),
(294, '2011-10-07', '20:00:00', 1, 'B', 302, 5, 'C', 309, 4, NULL, 1, NULL),
(295, '2012-01-31', '19:30:00', 1, 'B', 302, 5, 'C', 309, 15, NULL, 0, NULL),
(296, '2011-10-06', '20:00:00', 1, 'C', 313, 28, 'B', 310, 4, NULL, 0, NULL),
(377, '2012-02-07', '20:30:00', 1, 'B', 346, 28, 'C', 344, 16, NULL, 0, NULL),
(298, '2011-11-04', '20:30:00', 1, 'C', 313, 46, 'I', 311, 6, NULL, 0, NULL),
(376, '2011-10-11', '20:00:00', 1, 'B', 346, 28, 'C', 344, 5, NULL, 1, NULL),
(300, '2011-09-27', '20:00:00', 1, 'C', 313, 17, 'E', 312, 3, NULL, 0, NULL),
(375, '2012-02-28', '20:00:00', 1, 'A', 335, 51, 'A', 343, 18, NULL, 1, NULL),
(302, '2012-03-09', '20:00:00', 1, 'C', 313, 22, 'F', 314, 18, NULL, 0, NULL),
(374, '2011-10-26', '20:00:00', 1, 'A', 335, 51, 'A', 343, 7, NULL, 0, NULL),
(304, '2012-01-20', '20:00:00', 1, 'C', 313, 25, 'A', 315, 13, NULL, 0, NULL),
(373, '2012-01-24', '20:00:00', 1, 'A', 335, 26, 'C', 342, 14, NULL, 1, NULL),
(306, '2011-10-21', '20:00:00', 1, 'C', 313, 36, 'B', 316, 5, NULL, 1, NULL),
(372, '2011-09-19', '20:00:00', 1, 'A', 335, 26, 'C', 342, 3, NULL, 0, NULL),
(308, '2012-03-23', '20:00:00', 1, 'C', 313, 14, 'D', 317, 20, NULL, 0, NULL),
(371, '2012-03-13', '20:00:00', 1, 'A', 335, 43, 'E', 341, 20, NULL, 1, NULL),
(310, '2012-04-18', '19:30:00', 1, 'C', 313, 5, 'C', 318, 22, NULL, 0, NULL),
(370, '2011-11-14', '20:00:00', 1, 'A', 335, 43, 'E', 341, 9, NULL, 0, NULL),
(312, '2012-01-13', '20:00:00', 1, 'C', 313, 13, 'D', 319, 12, NULL, 1, NULL),
(369, '2012-03-05', '20:00:00', 1, 'A', 335, 52, 'A', 340, 19, NULL, 0, NULL),
(314, '2012-04-13', '20:00:00', 1, 'C', 313, 29, 'C', 320, 21, NULL, 1, NULL),
(368, '2011-11-08', '20:00:00', 1, 'A', 335, 52, 'A', 340, 8, NULL, 1, NULL),
(316, '2012-02-03', '20:00:00', 1, 'C', 313, 28, 'B', 310, 15, NULL, 1, NULL),
(367, '2012-01-31', '20:00:00', 1, 'A', 335, 36, 'A', 339, 15, NULL, 1, NULL),
(318, '2012-03-02', '20:00:00', 1, 'C', 313, 46, 'I', 311, 17, NULL, 1, NULL),
(366, '2011-09-29', '20:00:00', 1, 'A', 335, 36, 'A', 339, 4, NULL, 0, NULL),
(320, '2012-01-27', '20:00:00', 1, 'C', 313, 17, 'E', 312, 14, NULL, 1, NULL),
(365, '2012-01-17', '20:00:00', 1, 'A', 335, 8, 'D', 338, 13, NULL, 0, NULL),
(322, '2011-11-11', '20:00:00', 1, 'C', 313, 22, 'F', 314, 7, NULL, 1, NULL),
(364, '2011-09-13', '20:00:00', 1, 'A', 335, 8, 'D', 338, 2, NULL, 1, NULL),
(324, '2011-09-23', '20:00:00', 1, 'C', 313, 25, 'A', 315, 2, NULL, 1, NULL),
(363, '2012-02-14', '20:00:00', 1, 'A', 335, 3, 'A', 337, 17, NULL, 0, NULL),
(326, '2012-02-14', '19:30:00', 1, 'C', 313, 36, 'B', 316, 16, NULL, 1, NULL),
(362, '2011-10-18', '20:00:00', 1, 'A', 335, 3, 'A', 337, 6, NULL, 1, NULL),
(328, '2011-11-25', '20:00:00', 1, 'C', 313, 14, 'D', 317, 9, NULL, 1, NULL),
(361, '2012-03-23', '20:00:00', 1, 'A', 335, 37, 'B', 336, 21, NULL, 0, NULL),
(330, '2011-12-09', '20:00:00', 1, 'C', 313, 5, 'C', 318, 11, NULL, 1, NULL),
(360, '2011-11-22', '20:00:00', 1, 'A', 335, 37, 'B', 336, 10, NULL, 1, NULL),
(332, '2011-09-16', '20:00:00', 1, 'C', 313, 13, 'D', 319, 1, NULL, 0, NULL),
(359, '2012-02-07', '20:30:00', 1, 'A', 335, 28, 'B', 334, 16, NULL, 0, NULL),
(334, '2011-12-02', '20:00:00', 1, 'C', 313, 29, 'C', 320, 10, NULL, 0, NULL),
(358, '2011-10-11', '20:00:00', 1, 'A', 335, 28, 'B', 334, 5, NULL, 1, NULL),
(336, '2011-12-09', '20:00:00', 1, 'D', 322, 55, 'D', 323, 11, NULL, 1, NULL),
(337, '2012-04-21', '19:00:00', 1, 'D', 322, 55, 'D', 323, 22, NULL, 0, NULL),
(338, '2011-10-21', '20:00:00', 1, 'D', 322, 22, 'J', 324, 5, NULL, 1, NULL),
(339, '2012-02-18', '14:00:00', 1, 'D', 322, 22, 'J', 324, 16, NULL, 0, NULL),
(340, '2011-11-11', '20:00:00', 1, 'D', 322, 22, 'I', 325, 7, NULL, 1, NULL),
(341, '2012-03-10', '14:00:00', 1, 'D', 322, 22, 'I', 325, 18, NULL, 0, NULL),
(342, '2011-10-07', '20:00:00', 1, 'D', 322, 25, 'B', 326, 4, NULL, 0, NULL),
(343, '2012-02-03', '20:00:00', 1, 'D', 322, 25, 'B', 326, 15, NULL, 1, NULL),
(344, '2011-09-23', '20:00:00', 1, 'D', 322, 21, 'F', 327, 2, NULL, 1, NULL),
(345, '2012-01-17', '20:00:00', 1, 'D', 322, 21, 'F', 327, 13, NULL, 0, NULL),
(346, '2011-10-01', '14:00:00', 1, 'D', 322, 14, 'G', 328, 3, NULL, 0, NULL),
(347, '2012-01-27', '20:00:00', 1, 'D', 322, 14, 'G', 328, 14, NULL, 1, NULL),
(348, '2011-11-25', '20:00:00', 1, 'D', 322, 14, 'F', 329, 9, NULL, 1, NULL),
(349, '2012-03-23', '20:00:00', 1, 'D', 322, 14, 'F', 329, 20, NULL, 0, NULL),
(350, '2011-10-31', '20:00:00', 1, 'D', 322, 18, 'B', 330, 6, NULL, 0, NULL),
(351, '2012-03-02', '20:00:00', 1, 'D', 322, 18, 'B', 330, 17, NULL, 1, NULL),
(352, '2011-11-28', '20:00:00', 1, 'D', 322, 18, 'C', 331, 10, NULL, 0, NULL),
(353, '2012-04-13', '20:00:00', 1, 'D', 322, 18, 'C', 331, 21, NULL, 1, NULL),
(354, '2011-11-19', '14:00:00', 1, 'D', 322, 13, 'G', 333, 8, NULL, 0, NULL),
(355, '2012-03-16', '20:00:00', 1, 'D', 322, 13, 'G', 333, 19, NULL, 1, NULL),
(356, '2011-09-16', '20:00:00', 1, 'D', 322, 13, 'F', 332, 1, NULL, 0, NULL),
(357, '2012-01-13', '20:00:00', 1, 'D', 322, 13, 'F', 332, 12, NULL, 1, NULL),
(378, '2011-09-13', '20:00:00', 1, 'B', 346, 40, 'A', 345, 2, NULL, 1, NULL),
(379, '2012-01-17', '20:00:00', 1, 'B', 346, 40, 'A', 345, 13, NULL, 0, NULL),
(380, '2011-09-29', '20:00:00', 1, 'B', 346, 36, 'B', 347, 4, NULL, 0, NULL),
(381, '2012-01-31', '20:00:00', 1, 'B', 346, 36, 'B', 347, 15, NULL, 1, NULL),
(382, '2011-10-26', '20:00:00', 1, 'B', 346, 43, 'H', 348, 7, NULL, 0, NULL),
(383, '2012-02-26', '20:00:00', 1, 'B', 346, 43, 'H', 348, 18, NULL, 1, NULL),
(384, '2011-11-14', '20:00:00', 1, 'B', 346, 43, 'F', 349, 9, NULL, 0, NULL),
(385, '2012-03-13', '20:00:00', 1, 'B', 346, 43, 'F', 349, 20, NULL, 1, NULL),
(386, '2011-09-19', '20:00:00', 1, 'B', 346, 26, 'F', 350, 3, NULL, 0, NULL),
(387, '2012-01-24', '20:00:00', 1, 'B', 346, 26, 'F', 350, 14, NULL, 1, NULL),
(388, '2011-11-22', '20:00:00', 1, 'B', 346, 12, 'C', 351, 10, NULL, 1, NULL),
(389, '2012-03-19', '20:00:00', 1, 'B', 346, 12, 'C', 351, 21, NULL, 0, NULL),
(390, '2011-10-18', '20:00:00', 1, 'B', 346, 32, 'B', 352, 6, NULL, 1, NULL),
(391, '2012-02-16', '20:00:00', 1, 'B', 346, 32, 'B', 352, 17, NULL, 0, NULL),
(392, '2011-11-08', '20:00:00', 1, 'B', 346, 30, 'A', 353, 8, NULL, 1, NULL),
(393, '2012-03-06', '20:00:00', 1, 'B', 346, 30, 'A', 353, 19, NULL, 0, NULL),
(394, '2011-11-08', '20:30:00', 1, 'C', 356, 28, 'D', 354, 8, NULL, 0, NULL),
(395, '2012-03-06', '20:00:00', 1, 'C', 356, 28, 'D', 354, 19, NULL, 1, NULL),
(396, '2011-10-20', '20:00:00', 1, 'C', 356, 40, 'B', 355, 6, NULL, 0, NULL),
(397, '2012-02-14', '20:00:00', 1, 'C', 356, 40, 'B', 355, 17, NULL, 1, NULL),
(398, '2011-09-13', '20:00:00', 1, 'C', 356, 8, 'G', 357, 2, NULL, 0, NULL),
(399, '2012-01-17', '20:00:00', 1, 'C', 356, 8, 'G', 357, 13, NULL, 1, NULL),
(400, '2011-10-13', '20:00:00', 1, 'C', 356, 36, 'C', 358, 5, NULL, 0, NULL),
(401, '2012-02-07', '20:00:00', 1, 'C', 356, 36, 'C', 358, 16, NULL, 1, NULL),
(402, '2011-09-27', '20:00:00', 1, 'C', 356, 43, 'J', 359, 4, NULL, 1, NULL),
(403, '2012-02-01', '20:00:00', 1, 'C', 356, 43, 'J', 359, 15, NULL, 0, NULL),
(404, '2011-11-22', '20:30:00', 1, 'C', 356, 48, 'D', 360, 10, NULL, 0, NULL),
(405, '2012-03-20', '20:00:00', 1, 'C', 356, 48, 'D', 360, 21, NULL, 1, NULL),
(406, '2011-10-25', '20:00:00', 1, 'C', 356, 30, 'B', 361, 7, NULL, 1, NULL),
(407, '2012-02-27', '20:00:00', 1, 'C', 356, 30, 'B', 361, 18, NULL, 0, NULL),
(408, '2011-09-20', '20:00:00', 1, 'C', 356, 51, 'B', 362, 3, NULL, 1, NULL),
(409, '2012-01-25', '20:00:00', 1, 'C', 356, 51, 'B', 362, 14, NULL, 0, NULL),
(410, '2011-11-15', '20:00:00', 1, 'C', 356, 31, 'C', 363, 9, NULL, 1, NULL),
(411, '2012-03-12', '20:00:00', 1, 'C', 356, 31, 'C', 363, 20, NULL, 0, NULL),
(412, '2012-10-13', '18:00:00', NULL, NULL, 0, 0, NULL, NULL, NULL, 'Eetfestijn TTC Erembodegem', NULL, NULL),
(413, '2012-11-09', '20:00:00', 1, 'A', 367, 46, 'E', 364, 8, NULL, 1, NULL),
(414, '2013-03-15', '20:30:00', 1, 'A', 367, 46, 'E', 364, 19, NULL, 0, NULL),
(415, '2012-11-23', '20:00:00', 1, 'A', 367, 24, 'A', 365, 11, NULL, 0, NULL),
(416, '2013-04-19', '20:00:00', 1, 'A', 367, 24, 'A', 365, 22, NULL, 1, NULL),
(417, '2012-10-12', '20:00:00', 1, 'A', 367, 42, 'C', 366, 5, NULL, 1, NULL),
(418, '2013-02-22', '20:15:00', 1, 'A', 367, 42, 'C', 366, 16, NULL, 0, NULL),
(419, '2012-10-19', '20:15:00', 1, 'A', 367, 22, 'D', 368, 6, NULL, 0, NULL),
(420, '2013-03-01', '20:00:00', 1, 'A', 367, 22, 'D', 368, 17, NULL, 1, NULL),
(421, '2012-11-16', '20:00:00', 1, 'A', 367, 57, 'A', 369, 9, NULL, 0, NULL),
(422, '2013-03-22', '20:00:00', 1, 'A', 367, 57, 'A', 369, 20, NULL, 1, NULL),
(423, '2012-11-30', '20:00:00', 1, 'A', 367, 6, 'C', 370, 10, NULL, 1, NULL),
(424, '2013-04-13', '15:00:00', 1, 'A', 367, 6, 'C', 370, 21, NULL, 0, NULL),
(425, '2012-09-28', '20:00:00', 1, 'A', 367, 21, 'A', 371, 3, NULL, 1, NULL),
(426, '2013-01-25', '20:30:00', 1, 'A', 367, 21, 'A', 371, 14, NULL, 0, NULL),
(427, '2012-09-14', '20:00:00', 1, 'A', 367, 49, 'G', 372, 1, NULL, 1, NULL),
(428, '2013-01-11', '20:00:00', 1, 'A', 367, 49, 'G', 372, 12, NULL, 0, NULL),
(429, '2012-10-05', '20:00:00', 1, 'A', 367, 2, 'C', 373, 4, NULL, 0, NULL),
(430, '2013-02-01', '20:00:00', 1, 'A', 367, 2, 'C', 373, 15, NULL, 1, NULL),
(431, '2012-09-21', '20:00:00', 1, 'A', 367, 29, 'B', 374, 2, NULL, 0, NULL),
(432, '2013-01-18', '20:00:00', 1, 'A', 367, 29, 'B', 374, 13, NULL, 1, NULL),
(433, '2012-11-02', '20:00:00', 1, 'A', 367, 53, 'B', 375, 7, NULL, 1, NULL),
(434, '2013-03-08', '20:00:00', 1, 'A', 367, 53, 'B', 375, 18, NULL, 0, NULL),
(435, '2012-09-13', '20:00:00', 1, 'B', 380, 28, 'A', 376, 1, NULL, 1, NULL),
(436, '2013-01-11', '20:00:00', 1, 'B', 380, 28, 'A', 376, 12, NULL, 0, NULL),
(437, '2012-11-09', '20:00:00', 1, 'B', 380, 46, 'G', 377, 8, NULL, 1, NULL),
(438, '2013-03-15', '20:30:00', 1, 'B', 380, 46, 'G', 377, 19, NULL, 0, NULL),
(439, '2012-11-30', '20:00:00', 1, 'B', 380, 23, 'B', 378, 10, NULL, 1, NULL),
(440, '2013-03-29', '19:30:00', 1, 'B', 380, 23, 'B', 378, 21, NULL, 0, NULL),
(441, '2012-10-12', '20:00:00', 1, 'B', 380, 17, 'B', 379, 5, NULL, 1, NULL),
(442, '2013-02-21', '20:15:00', 1, 'B', 380, 17, 'B', 379, 16, NULL, 0, NULL),
(443, '2012-12-07', '20:00:00', 1, 'B', 380, 22, 'E', 381, 11, NULL, 0, NULL),
(444, '2013-04-19', '20:00:00', 1, 'B', 380, 22, 'E', 381, 22, NULL, 1, NULL),
(445, '2012-09-28', '20:00:00', 1, 'B', 380, 50, 'B', 382, 3, NULL, 1, NULL),
(446, '2013-01-25', '20:15:00', 1, 'B', 380, 50, 'B', 382, 14, NULL, 0, NULL),
(447, '2012-09-21', '20:00:00', 1, 'B', 380, 7, 'D', 383, 2, NULL, 0, NULL),
(448, '2013-01-18', '20:00:00', 1, 'B', 380, 7, 'D', 383, 13, NULL, 1, NULL),
(449, '2012-11-02', '20:00:00', 1, 'B', 380, 6, 'E', 384, 7, NULL, 1, NULL),
(450, '2013-03-05', '20:00:00', 1, 'B', 380, 6, 'E', 384, 18, NULL, 0, NULL),
(451, '2012-10-20', '19:00:00', 1, 'B', 380, 12, 'C', 385, 6, NULL, 0, NULL),
(452, '2013-03-01', '20:00:00', 1, 'B', 380, 12, 'C', 385, 17, NULL, 1, NULL),
(453, '2012-10-05', '20:15:00', 1, 'B', 380, 45, 'B', 386, 4, NULL, 0, NULL),
(454, '2013-02-01', '20:00:00', 1, 'B', 380, 45, 'B', 386, 15, NULL, 1, NULL),
(455, '2012-12-07', '20:00:00', 1, 'C', 388, 17, 'D', 387, 11, NULL, 1, NULL),
(456, '2013-04-18', '20:15:00', 1, 'C', 388, 17, 'D', 387, 22, NULL, 0, NULL),
(457, '2012-11-16', '20:00:00', 1, 'C', 388, 55, 'B', 389, 9, NULL, 1, NULL),
(458, '2013-03-23', '20:00:00', 1, 'C', 388, 55, 'B', 389, 20, NULL, 0, NULL),
(459, '2012-10-19', '20:00:00', 1, 'C', 388, 22, 'F', 390, 6, NULL, 1, NULL),
(460, '2013-03-01', '20:00:00', 1, 'C', 388, 22, 'F', 390, 17, NULL, 0, NULL),
(461, '2012-11-09', '20:15:00', 1, 'C', 388, 50, 'D', 391, 8, NULL, 0, NULL),
(462, '2013-03-15', '20:00:00', 1, 'C', 388, 50, 'D', 391, 19, NULL, 1, NULL),
(463, '2012-10-05', '20:00:00', 1, 'C', 388, 36, 'B', 392, 4, NULL, 1, NULL),
(464, '2013-01-29', '19:30:00', 1, 'C', 388, 36, 'B', 392, 15, NULL, 0, NULL),
(465, '2012-11-27', '20:00:00', 1, 'C', 388, 21, 'E', 393, 10, NULL, 0, NULL),
(466, '2013-04-12', '20:00:00', 1, 'C', 388, 21, 'E', 393, 21, NULL, 1, NULL),
(467, '2012-09-28', '20:00:00', 1, 'C', 388, 58, '', 394, 3, NULL, 0, NULL),
(468, '2013-01-25', '20:00:00', 1, 'C', 388, 58, '', 394, 14, NULL, 1, NULL),
(469, '2012-10-12', '20:15:00', 1, 'C', 388, 14, 'D', 395, 5, NULL, 0, NULL),
(470, '2013-02-22', '20:00:00', 1, 'C', 388, 14, 'D', 395, 16, NULL, 1, NULL),
(471, '2012-09-14', '20:00:00', 1, 'C', 388, 18, 'B', 396, 1, NULL, 0, NULL),
(472, '2013-01-11', '20:00:00', 1, 'C', 388, 18, 'B', 396, 12, NULL, 1, NULL),
(473, '2012-10-29', '20:00:00', 1, 'C', 388, 13, 'D', 397, 7, NULL, 0, NULL),
(474, '2013-03-08', '20:00:00', 1, 'C', 388, 13, 'D', 397, 18, NULL, 1, NULL),
(475, '2012-09-12', '20:00:00', 1, 'D', 402, 24, 'F', 398, 1, NULL, 1, NULL),
(476, '2013-01-11', '20:00:00', 1, 'D', 402, 24, 'F', 398, 12, NULL, 0, NULL),
(477, '2012-09-26', '20:00:00', 1, 'D', 402, 60, 'B', 399, 3, NULL, 1, NULL),
(478, '2013-01-25', '20:00:00', 1, 'D', 402, 60, 'B', 399, 14, NULL, 0, NULL),
(479, '2012-10-05', '20:00:00', 1, 'D', 402, 60, 'A', 400, 4, NULL, 0, NULL),
(480, '2013-01-30', '20:00:00', 1, 'D', 402, 60, 'A', 400, 15, NULL, 1, NULL),
(481, '2012-11-16', '20:00:00', 1, 'D', 402, 17, 'F', 401, 9, NULL, 0, NULL),
(482, '2013-03-20', '20:00:00', 1, 'D', 402, 17, 'F', 401, 20, NULL, 1, NULL),
(483, '2012-10-10', '20:00:00', 1, 'D', 402, 55, 'E', 403, 5, NULL, 1, NULL),
(484, '2013-02-23', '20:00:00', 1, 'D', 402, 55, 'E', 403, 16, NULL, 0, NULL),
(485, '2012-12-07', '20:00:00', 1, 'D', 402, 25, 'B', 404, 11, NULL, 0, NULL),
(486, '2013-04-17', '20:00:00', 1, 'D', 402, 25, 'B', 404, 22, NULL, 1, NULL),
(487, '2012-09-20', '20:30:00', 1, 'D', 402, 59, 'B', 405, 2, NULL, 0, NULL),
(488, '2013-01-16', '20:00:00', 1, 'D', 402, 59, 'B', 405, 13, NULL, 1, NULL),
(489, '2012-11-28', '20:00:00', 1, 'D', 402, 14, 'G', 407, 10, NULL, 1, NULL),
(490, '2013-04-13', '20:00:00', 1, 'D', 402, 14, 'G', 407, 21, NULL, 0, NULL),
(491, '2012-11-07', '20:00:00', 1, 'D', 402, 14, 'E', 406, 8, NULL, 1, NULL),
(492, '2013-03-15', '20:00:00', 1, 'D', 402, 14, 'E', 406, 19, NULL, 0, NULL),
(493, '2012-10-17', '20:00:00', 1, 'D', 402, 18, 'C', 408, 6, NULL, 1, NULL),
(494, '2013-02-25', '20:00:00', 1, 'D', 402, 18, 'C', 408, 17, NULL, 0, NULL),
(495, '2012-11-16', '20:00:00', 1, 'E', 409, 55, 'D', 410, 9, NULL, 1, NULL),
(496, '2013-03-20', '20:00:00', 1, 'E', 409, 55, 'D', 410, 20, NULL, 0, NULL),
(497, '2012-12-07', '20:00:00', 1, 'E', 409, 22, 'H', 411, 11, NULL, 1, NULL),
(498, '2013-04-20', '19:00:00', 1, 'E', 409, 22, 'H', 411, 22, NULL, 0, NULL),
(499, '2012-09-21', '20:00:00', 1, 'E', 409, 25, 'A', 412, 2, NULL, 1, NULL),
(500, '2013-01-18', '20:00:00', 1, 'E', 409, 25, 'A', 412, 13, NULL, 0, NULL),
(501, '2012-10-05', '20:00:00', 1, 'E', 409, 36, 'C', 413, 4, NULL, 1, NULL),
(502, '2013-01-29', '19:30:00', 1, 'E', 409, 36, 'C', 413, 15, NULL, 0, NULL),
(503, '2012-10-19', '20:00:00', 1, 'E', 409, 21, 'F', 414, 6, NULL, 1, NULL),
(504, '2013-02-26', '20:00:00', 1, 'E', 409, 21, 'F', 414, 17, NULL, 0, NULL),
(505, '2012-11-09', '20:00:00', 1, 'E', 409, 61, 'C', 415, 8, NULL, 0, NULL),
(506, '2013-03-15', '20:00:00', 1, 'E', 409, 61, 'C', 415, 19, NULL, 1, NULL),
(507, '2012-09-28', '20:00:00', 1, 'E', 409, 14, 'F', 416, 3, NULL, 0, NULL),
(508, '2013-01-25', '20:00:00', 1, 'E', 409, 14, 'F', 416, 14, NULL, 1, NULL),
(509, '2012-10-08', '20:00:00', 1, 'E', 409, 13, 'G', 417, 5, NULL, 0, NULL),
(510, '2013-02-22', '20:00:00', 1, 'E', 409, 13, 'G', 417, 16, NULL, 1, NULL),
(511, '2012-11-30', '19:00:00', 1, 'E', 409, 62, '', 418, 10, NULL, 0, NULL),
(512, '2013-04-12', '19:00:00', 1, 'E', 409, 62, '', 418, 21, NULL, 1, NULL),
(513, '2012-09-15', '14:00:00', 1, 'E', 409, 44, 'D', 419, 1, NULL, 0, NULL),
(514, '2013-01-11', '20:00:00', 1, 'E', 409, 44, 'D', 419, 12, NULL, 1, NULL),
(515, '2012-09-12', '20:30:00', 1, 'A', 422, 28, 'B', 420, 2, NULL, 1, NULL),
(516, '2013-01-15', '20:30:00', 1, 'A', 422, 28, 'B', 420, 13, NULL, 0, NULL),
(517, '2012-11-15', '20:00:00', 1, 'A', 422, 46, 'B', 421, 9, NULL, 0, NULL),
(518, '2013-03-13', '20:30:00', 1, 'A', 422, 46, 'B', 421, 20, NULL, 1, NULL),
(519, '2012-11-21', '20:30:00', 1, 'A', 422, 37, 'B', 423, 10, NULL, 1, NULL),
(520, '2013-03-20', '20:00:00', 1, 'A', 422, 37, 'B', 423, 21, NULL, 0, NULL),
(521, '2012-10-17', '20:30:00', 1, 'A', 422, 8, 'D', 424, 6, NULL, 1, NULL),
(522, '2013-02-19', '20:00:00', 1, 'A', 422, 8, 'D', 424, 17, NULL, 0, NULL),
(523, '2012-09-26', '20:30:00', 1, 'A', 422, 52, 'A', 425, 4, NULL, 1, NULL),
(524, '2013-01-28', '20:00:00', 1, 'A', 422, 52, 'A', 425, 15, NULL, 0, NULL),
(525, '2012-10-24', '20:30:00', 1, 'A', 422, 43, 'C', 426, 7, NULL, 1, NULL),
(526, '2013-02-25', '20:00:00', 1, 'A', 422, 43, 'C', 426, 18, NULL, 0, NULL),
(527, '2012-11-05', '20:00:00', 1, 'A', 422, 43, 'E', 427, 8, NULL, 0, NULL),
(528, '2013-03-06', '20:30:00', 1, 'A', 422, 43, 'E', 427, 19, NULL, 1, NULL),
(529, '2012-10-11', '20:00:00', 1, 'A', 422, 32, 'A', 428, 5, NULL, 0, NULL),
(530, '2013-02-06', '20:30:00', 1, 'A', 422, 32, 'A', 428, 16, NULL, 1, NULL),
(531, '2012-09-19', '20:00:00', 1, 'A', 422, 30, 'A', 429, 3, NULL, 0, NULL),
(532, '2013-01-23', '20:30:00', 1, 'A', 422, 30, 'A', 429, 14, NULL, 1, NULL),
(533, '2012-11-12', '20:00:00', 1, 'B', 431, 41, 'B', 430, 9, NULL, 0, NULL),
(534, '2013-03-11', '20:00:00', 1, 'B', 431, 41, 'B', 430, 20, NULL, 1, NULL),
(535, '2012-09-10', '20:00:00', 1, 'B', 431, 37, 'C', 432, 2, NULL, 1, NULL),
(536, '2013-01-16', '20:00:00', 1, 'B', 431, 37, 'C', 432, 13, NULL, 0, NULL),
(537, '2012-10-15', '20:00:00', 1, 'B', 431, 8, 'C', 433, 6, NULL, 1, NULL),
(538, '2013-02-19', '20:00:00', 1, 'B', 431, 8, 'C', 433, 17, NULL, 0, NULL),
(539, '2012-10-08', '20:00:00', 1, 'B', 431, 43, 'D', 434, 5, NULL, 0, NULL),
(540, '2013-02-04', '20:00:00', 1, 'B', 431, 43, 'D', 434, 16, NULL, 1, NULL),
(541, '2012-10-22', '20:00:00', 1, 'B', 431, 26, 'C', 435, 7, NULL, 1, NULL),
(542, '2013-02-25', '20:30:00', 1, 'B', 431, 26, 'C', 435, 18, NULL, 0, NULL),
(543, '2012-11-05', '20:00:00', 1, 'B', 431, 12, 'B', 436, 8, NULL, 0, NULL),
(544, '2013-03-04', '20:00:00', 1, 'B', 431, 12, 'B', 436, 19, NULL, 1, NULL),
(545, '2012-11-19', '20:00:00', 1, 'B', 431, 48, 'C', 437, 10, NULL, 1, NULL),
(546, '2013-03-11', '20:30:00', 1, 'B', 431, 48, 'C', 437, 21, NULL, 0, NULL),
(547, '2012-09-24', '20:00:00', 1, 'B', 431, 31, 'A', 438, 4, NULL, 1, NULL),
(548, '2013-01-28', '20:00:00', 1, 'B', 431, 31, 'A', 438, 15, NULL, 0, NULL),
(549, '2012-09-19', '20:00:00', 1, 'B', 431, 29, 'B', 439, 3, NULL, 0, NULL),
(550, '2013-01-21', '20:00:00', 1, 'B', 431, 29, 'B', 439, 14, NULL, 1, NULL),
(551, '2012-11-20', '20:30:00', 1, 'C', 442, 28, 'C', 440, 10, NULL, 0, NULL),
(552, '2013-03-18', '20:00:00', 1, 'C', 442, 28, 'C', 440, 21, NULL, 1, NULL),
(553, '2012-09-25', '20:00:00', 1, 'C', 442, 40, 'A', 441, 4, NULL, 0, NULL),
(554, '2013-01-28', '20:00:00', 1, 'C', 442, 40, 'A', 441, 15, NULL, 1, NULL),
(555, '2012-11-12', '20:00:00', 1, 'C', 442, 3, 'B', 443, 9, NULL, 1, NULL),
(556, '2013-03-12', '20:00:00', 1, 'C', 442, 3, 'B', 443, 20, NULL, 0, NULL),
(557, '2012-11-05', '20:00:00', 1, 'C', 442, 36, 'C', 445, 8, NULL, 1, NULL),
(558, '2013-03-07', '20:00:00', 1, 'C', 442, 36, 'C', 445, 19, NULL, 0, NULL),
(559, '2012-10-18', '20:00:00', 1, 'C', 442, 36, 'A', 444, 6, NULL, 0, NULL),
(560, '2013-02-18', '20:00:00', 1, 'C', 442, 36, 'A', 444, 17, NULL, 1, NULL),
(561, '2012-09-12', '20:00:00', 1, 'C', 442, 43, 'I', 446, 2, NULL, 0, NULL),
(562, '2013-01-14', '20:00:00', 1, 'C', 442, 43, 'I', 446, 13, NULL, 1, NULL),
(563, '2012-10-22', '20:00:00', 1, 'C', 442, 43, 'F', 447, 7, NULL, 1, NULL),
(564, '2013-02-25', '20:00:00', 1, 'C', 442, 43, 'F', 447, 18, NULL, 0, NULL),
(565, '2012-10-08', '20:00:00', 1, 'C', 442, 12, 'D', 448, 5, NULL, 1, NULL),
(566, '2013-02-04', '20:00:00', 1, 'C', 442, 12, 'D', 448, 16, NULL, 0, NULL),
(567, '2012-09-17', '20:00:00', 1, 'C', 442, 29, 'C', 449, 3, NULL, 1, NULL),
(568, '2013-01-23', '20:00:00', 1, 'C', 442, 29, 'C', 449, 14, NULL, 0, NULL),
(569, '2012-09-11', '20:30:00', 1, 'D', 453, 28, 'D', 450, 2, NULL, 0, NULL),
(570, '2013-01-14', '20:00:00', 1, 'D', 453, 28, 'D', 450, 13, NULL, 1, NULL),
(571, '2012-11-12', '20:00:00', 1, 'D', 453, 40, 'B', 451, 9, NULL, 1, NULL),
(572, '2013-03-12', '20:00:00', 1, 'D', 453, 40, 'B', 451, 20, NULL, 0, NULL),
(573, '2012-09-27', '20:00:00', 1, 'D', 453, 46, 'C', 452, 4, NULL, 0, NULL),
(574, '2013-01-28', '20:00:00', 1, 'D', 453, 46, 'C', 452, 15, NULL, 1, NULL),
(575, '2012-10-22', '20:00:00', 1, 'D', 453, 52, 'B', 454, 7, NULL, 0, NULL),
(576, '2013-02-25', '20:00:00', 1, 'D', 453, 52, 'B', 454, 19, NULL, 1, NULL),
(577, '2012-10-15', '20:00:00', 1, 'D', 453, 43, 'J', 455, 6, NULL, 0, NULL),
(578, '2013-02-18', '20:00:00', 1, 'D', 453, 43, 'J', 455, 17, NULL, 1, NULL),
(579, '2012-11-05', '20:00:00', 1, 'D', 453, 26, 'F', 456, 8, NULL, 1, NULL),
(580, '2013-03-04', '20:30:00', 1, 'D', 453, 26, 'F', 456, 19, NULL, 0, NULL),
(581, '2012-10-01', '20:00:00', 1, 'D', 453, 63, 'A', 457, 5, NULL, 1, NULL),
(582, '2013-02-07', '20:00:00', 1, 'D', 453, 63, 'A', 457, 16, NULL, 0, NULL),
(583, '2012-09-17', '20:00:00', 1, 'D', 453, 30, 'B', 458, 3, NULL, 1, NULL),
(584, '2013-01-21', '20:00:00', 1, 'D', 453, 30, 'B', 458, 14, NULL, 0, NULL),
(585, '2012-11-13', '20:30:00', 1, 'E', 460, 28, 'F', 459, 9, NULL, 0, NULL),
(586, '2013-03-11', '20:00:00', 1, 'E', 460, 28, 'F', 459, 20, NULL, 1, NULL),
(587, '2012-10-11', '20:00:00', 1, 'E', 460, 36, 'D', 461, 5, NULL, 0, NULL),
(588, '2013-02-04', '20:00:00', 1, 'E', 460, 36, 'D', 461, 16, NULL, 1, NULL),
(589, '2012-11-07', '20:00:00', 1, 'E', 460, 43, 'K', 462, 8, NULL, 0, NULL),
(590, '2013-03-04', '20:00:00', 1, 'E', 460, 43, 'K', 462, 19, NULL, 1, NULL),
(591, '2012-11-19', '20:00:00', 1, 'E', 460, 63, 'B', 464, 10, NULL, 1, NULL),
(592, '2013-03-21', '20:30:00', 1, 'E', 460, 63, 'B', 464, 21, NULL, 0, NULL),
(593, '2012-09-24', '20:00:00', 1, 'E', 460, 63, 'C', 463, 4, NULL, 1, NULL),
(594, '2013-01-29', '20:00:00', 1, 'E', 460, 63, 'C', 463, 15, NULL, 0, NULL),
(595, '2012-09-03', '20:00:00', 1, 'E', 460, 12, 'F', 465, 1, NULL, 0, NULL),
(596, '2013-01-07', '20:00:00', 1, 'E', 460, 12, 'F', 465, 12, NULL, 1, NULL),
(597, '2012-11-26', '20:00:00', 1, 'E', 460, 12, 'G', 466, 11, NULL, 1, NULL),
(598, '2013-03-25', '20:00:00', 1, 'E', 460, 12, 'G', 466, 22, NULL, 0, NULL),
(599, '2012-09-10', '20:00:00', 1, 'E', 460, 48, 'E', 467, 2, NULL, 1, NULL),
(600, '2013-01-17', '20:30:00', 1, 'E', 460, 48, 'E', 467, 13, NULL, 0, NULL),
(601, '2012-09-17', '20:00:00', 1, 'E', 460, 30, 'D', 468, 3, NULL, 0, NULL),
(602, '2013-01-21', '20:00:00', 1, 'E', 460, 30, 'D', 468, 14, NULL, 1, NULL),
(603, '2012-10-23', '20:00:00', 1, 'E', 460, 30, 'C', 469, 7, NULL, 0, NULL),
(604, '2013-02-25', '20:00:00', 1, 'E', 460, 30, 'C', 469, 18, NULL, 1, NULL),
(605, '2013-12-06', '20:30:00', 1, 'A', 474, 46, 'D', 471, 11, NULL, 0, NULL),
(606, '2014-04-25', '20:00:00', 1, 'A', 474, 46, 'D', 471, 22, NULL, 1, NULL),
(607, '2013-11-22', '20:15:00', 1, 'A', 474, 17, 'A', 472, 9, NULL, 0, NULL),
(608, '2014-03-21', '20:00:00', 1, 'A', 474, 17, 'A', 472, 20, NULL, 1, NULL),
(609, '2013-11-15', '20:00:00', 1, 'A', 474, 42, 'B', 473, 8, NULL, 1, NULL),
(610, '2014-03-14', '20:15:00', 1, 'A', 474, 42, 'B', 473, 19, NULL, 0, NULL),
(611, '2013-11-29', '20:00:00', 1, 'A', 474, 50, 'A', 475, 10, NULL, 1, NULL),
(612, '2014-04-05', '19:00:00', 1, 'A', 474, 50, 'A', 475, 21, NULL, 0, NULL),
(613, '2013-09-27', '20:00:00', 1, 'A', 474, 7, 'A', 476, 3, NULL, 1, NULL),
(614, '2014-01-24', '20:00:00', 1, 'A', 474, 7, 'A', 476, 14, NULL, 0, NULL),
(615, '2013-10-18', '20:00:00', 1, 'A', 474, 6, 'B', 477, 6, NULL, 1, NULL),
(616, '2014-02-22', '14:00:00', 1, 'A', 474, 6, 'B', 477, 17, NULL, 0, NULL),
(617, '2013-09-13', '20:00:00', 1, 'A', 474, 54, 'B', 478, 1, NULL, 1, NULL),
(618, '2014-01-11', '19:00:00', 1, 'A', 474, 54, 'B', 478, 12, NULL, 0, NULL),
(619, '2013-11-09', '19:00:00', 1, 'A', 474, 12, 'A', 479, 7, NULL, 0, NULL),
(620, '2014-03-07', '20:00:00', 1, 'A', 474, 12, 'A', 479, 18, NULL, 1, NULL),
(621, '2013-10-11', '20:00:00', 1, 'A', 474, 13, 'A', 480, 5, NULL, 1, NULL),
(622, '2014-02-15', '19:00:00', 1, 'A', 474, 13, 'A', 480, 16, NULL, 0, NULL),
(623, '2013-10-04', '20:00:00', 1, 'A', 474, 44, 'A', 481, 4, NULL, 0, NULL),
(624, '2014-01-31', '20:00:00', 1, 'A', 474, 44, 'A', 481, 15, NULL, 1, NULL),
(625, '2013-09-21', '19:00:00', 1, 'A', 474, 29, 'B', 482, 2, NULL, 0, NULL),
(626, '2014-01-17', '20:00:00', 1, 'A', 474, 29, 'B', 482, 13, NULL, 1, NULL),
(627, '2013-11-08', '20:30:00', 1, 'B', 485, 46, 'G', 483, 7, NULL, 0, NULL),
(628, '2014-03-07', '20:00:00', 1, 'B', 485, 46, 'G', 483, 18, NULL, 1, NULL),
(629, '2013-09-20', '19:30:00', 1, 'B', 485, 23, 'A', 484, 2, NULL, 0, NULL),
(630, '2014-01-17', '20:00:00', 1, 'B', 485, 23, 'A', 484, 13, NULL, 1, NULL),
(631, '2013-12-07', '20:00:00', 1, 'B', 485, 55, 'C', 486, 11, NULL, 0, NULL),
(632, '2014-04-25', '20:00:00', 1, 'B', 485, 55, 'C', 486, 22, NULL, 1, NULL),
(633, '2013-11-29', '20:00:00', 1, 'B', 485, 8, 'C', 487, 10, NULL, 1, NULL),
(634, '2014-04-01', '20:00:00', 1, 'B', 485, 8, 'C', 487, 21, NULL, 0, NULL),
(635, '2013-09-13', '20:00:00', 1, 'B', 485, 36, 'A', 488, 1, NULL, 1, NULL),
(636, '2014-01-07', '19:30:00', 1, 'B', 485, 36, 'A', 488, 12, NULL, 0, NULL),
(637, '2013-10-18', '20:00:00', 1, 'B', 485, 16, 'B', 489, 6, NULL, 1, NULL),
(638, '2014-02-22', '18:30:00', 1, 'B', 485, 16, 'B', 489, 17, NULL, 0, NULL),
(639, '2013-10-04', '20:00:00', 1, 'B', 485, 7, 'D', 490, 4, NULL, 0, NULL),
(640, '2014-01-31', '20:00:00', 1, 'B', 485, 7, 'D', 490, 15, NULL, 1, NULL),
(641, '2013-11-15', '20:00:00', 1, 'B', 485, 21, 'D', 491, 8, NULL, 1, NULL),
(642, '2014-03-11', '20:00:00', 1, 'B', 485, 21, 'D', 491, 19, NULL, 0, NULL),
(643, '2013-09-27', '20:00:00', 1, 'B', 485, 49, 'G', 492, 3, NULL, 1, NULL),
(644, '2014-01-24', '20:00:00', 1, 'B', 485, 49, 'G', 492, 14, NULL, 0, NULL),
(645, '2013-10-11', '20:00:00', 1, 'B', 485, 13, 'B', 493, 5, NULL, 1, NULL),
(646, '2014-02-15', '19:00:00', 1, 'B', 485, 13, 'B', 493, 16, NULL, 0, NULL),
(647, '2013-11-22', '20:00:00', 1, 'C', 495, 42, 'E', 494, 9, NULL, 1, NULL),
(648, '2014-03-21', '20:15:00', 1, 'C', 495, 42, 'E', 494, 20, NULL, 0, NULL),
(649, '2013-09-10', '19:30:00', 1, 'C', 495, 36, 'B', 496, 1, NULL, 0, NULL),
(650, '2014-01-10', '20:00:00', 1, 'C', 495, 36, 'B', 496, 12, NULL, 1, NULL),
(651, '2013-09-27', '20:00:00', 1, 'C', 495, 57, 'C', 497, 3, NULL, 0, NULL),
(652, '2014-01-24', '20:00:00', 1, 'C', 495, 57, 'C', 497, 14, NULL, 1, NULL),
(653, '2013-11-11', '20:00:00', 1, 'C', 495, 18, 'C', 498, 8, NULL, 0, NULL),
(654, '2014-03-14', '20:00:00', 1, 'C', 495, 18, 'C', 498, 19, NULL, 1, NULL),
(655, '2013-11-30', '19:00:00', 1, 'C', 495, 12, 'D', 499, 10, NULL, 0, NULL),
(656, '2014-04-04', '20:00:00', 1, 'C', 495, 12, 'D', 499, 21, NULL, 1, NULL),
(657, '2013-10-04', '20:00:00', 1, 'C', 495, 2, 'E', 500, 4, NULL, 1, NULL),
(658, '2014-01-31', '20:00:00', 1, 'C', 495, 2, 'E', 500, 15, NULL, 0, NULL),
(659, '2013-10-19', '16:30:00', 1, 'C', 495, 5, 'C', 501, 6, NULL, 0, NULL),
(660, '2014-02-21', '20:00:00', 1, 'C', 495, 5, 'C', 501, 17, NULL, 1, NULL),
(661, '2013-09-06', '20:00:00', 1, 'C', 495, 13, 'E', 502, 2, NULL, 1, NULL),
(662, '2014-01-17', '20:00:00', 1, 'C', 495, 13, 'E', 502, 13, NULL, 0, NULL),
(663, '2013-11-08', '20:00:00', 1, 'C', 495, 44, 'C', 503, 7, NULL, 1, NULL),
(664, '2014-03-08', '14:00:00', 1, 'C', 495, 44, 'C', 503, 18, NULL, 0, NULL),
(665, '2013-12-06', '20:00:00', 1, 'C', 495, 53, 'D', 504, 11, NULL, 1, NULL),
(666, '2014-04-25', '20:00:00', 1, 'C', 495, 53, 'D', 504, 22, NULL, 0, NULL),
(667, '2013-09-27', '19:30:00', 1, 'D', 508, 60, 'B', 505, 3, NULL, 0, NULL),
(668, '2014-01-24', '20:00:00', 1, 'D', 508, 60, 'B', 505, 14, NULL, 1, NULL),
(669, '2013-10-04', '20:00:00', 1, 'D', 508, 23, 'B', 506, 4, NULL, 1, NULL),
(670, '2014-01-31', '19:30:00', 1, 'D', 508, 23, 'B', 506, 15, NULL, 0, NULL),
(671, '2013-11-22', '20:00:00', 1, 'D', 508, 17, 'F', 507, 9, NULL, 1, NULL),
(672, '2014-03-21', '20:15:00', 1, 'D', 508, 17, 'F', 507, 20, NULL, 0, NULL),
(673, '2013-11-08', '20:00:00', 1, 'D', 508, 55, 'E', 509, 7, NULL, 1, NULL),
(674, '2014-03-08', '20:00:00', 1, 'D', 508, 55, 'E', 509, 18, NULL, 0, NULL),
(675, '2013-09-14', '14:00:00', 1, 'D', 508, 22, 'G', 510, 1, NULL, 0, NULL),
(676, '2014-01-10', '20:00:00', 1, 'D', 508, 22, 'G', 510, 12, NULL, 1, NULL),
(677, '2013-10-18', '20:00:00', 1, 'D', 508, 25, 'B', 511, 6, NULL, 0, NULL),
(678, '2014-02-21', '20:00:00', 1, 'D', 508, 25, 'B', 511, 17, NULL, 1, NULL),
(679, '2013-11-29', '20:45:00', 1, 'D', 508, 59, 'C', 512, 10, NULL, 0, NULL),
(680, '2014-04-04', '20:00:00', 1, 'D', 508, 59, 'C', 512, 21, NULL, 1, NULL),
(681, '2013-12-06', '20:00:00', 1, 'D', 508, 14, 'E', 514, 11, NULL, 1, NULL),
(682, '2014-04-25', '20:00:00', 1, 'D', 508, 14, 'E', 514, 22, NULL, 0, NULL),
(683, '2013-10-12', '14:00:00', 1, 'D', 508, 14, 'G', 513, 5, NULL, 0, NULL),
(684, '2014-02-14', '20:00:00', 1, 'D', 508, 14, 'G', 513, 16, NULL, 1, NULL),
(685, '2013-09-20', '20:00:00', 1, 'D', 508, 13, 'G', 515, 2, NULL, 1, NULL),
(686, '2014-01-17', '20:00:00', 1, 'D', 508, 13, 'G', 515, 13, NULL, 0, NULL),
(687, '2013-09-11', '20:00:00', 1, 'E', 516, 1, 'F', 516, 1, NULL, 0, NULL),
(688, '2014-01-08', '20:00:00', 1, 'E', 516, 1, 'F', 516, 12, NULL, 1, NULL),
(689, '2013-11-06', '20:00:00', 1, 'E', 516, 22, 'F', 518, 7, NULL, 1, NULL),
(690, '2014-03-08', '19:00:00', 1, 'E', 516, 22, 'F', 518, 18, NULL, 0, NULL),
(691, '2013-10-04', '20:15:00', 1, 'E', 516, 50, 'D', 519, 4, NULL, 0, NULL),
(692, '2014-01-29', '20:00:00', 1, 'E', 516, 50, 'D', 519, 15, NULL, 1, NULL),
(693, '2013-11-26', '20:00:00', 1, 'E', 516, 21, 'F', 520, 10, NULL, 0, NULL),
(694, '2014-04-02', '20:00:00', 1, 'E', 516, 21, 'F', 520, 21, NULL, 1, NULL),
(695, '2013-12-04', '20:00:00', 1, 'E', 516, 59, 'B', 521, 11, NULL, 1, NULL),
(696, '2014-04-25', '20:45:00', 1, 'E', 516, 59, 'B', 521, 22, NULL, 0, NULL),
(697, '2013-11-20', '20:00:00', 1, 'E', 516, 14, 'F', 522, 9, NULL, 1, NULL),
(698, '2014-03-21', '20:00:00', 1, 'E', 516, 14, 'F', 522, 20, NULL, 0, NULL),
(699, '2013-11-15', '20:00:00', 1, 'E', 516, 49, 'J', 523, 8, NULL, 0, NULL),
(700, '2014-03-12', '20:00:00', 1, 'E', 516, 49, 'J', 523, 19, NULL, 1, NULL),
(701, '2013-09-27', '20:00:00', 1, 'E', 516, 13, 'F', 524, 3, NULL, 0, NULL),
(702, '2014-01-22', '20:00:00', 1, 'E', 516, 13, 'F', 524, 14, NULL, 1, NULL),
(703, '2013-10-09', '20:00:00', 1, 'E', 516, 62, '', 525, 5, NULL, 1, NULL),
(704, '2014-02-14', '19:00:00', 1, 'E', 516, 62, '', 525, 16, NULL, 0, NULL),
(705, '2013-09-11', '20:00:00', 1, 'F', 526, 1, 'E', 535, 1, 'Prestige Duel', 1, NULL),
(709, '2013-09-20', '20:00:00', 1, 'F', 526, 49, 'J', 532, 2, NULL, 0, NULL),
(710, '2013-09-25', '20:00:00', 1, 'F', 526, 50, 'D', 528, 3, NULL, 1, NULL),
(711, '2013-10-02', '20:00:00', 1, 'F', 526, 59, 'B', 530, 4, NULL, 1, NULL),
(712, '2013-10-16', '20:00:00', 1, 'F', 526, 21, 'F', 529, 6, NULL, 1, NULL),
(713, '2013-11-08', '20:00:00', 1, 'F', 526, 14, 'F', 531, 7, NULL, 0, NULL),
(714, '2013-11-13', '20:00:00', 1, 'F', 526, 13, 'F', 533, 8, NULL, 1, NULL),
(715, '2013-11-22', '20:00:00', 1, 'F', 526, 22, 'F', 527, 9, NULL, 0, NULL),
(716, '2013-11-27', '20:00:00', 1, 'F', 526, 62, NULL, 534, 10, 'Let op - Verplaatsing te Welfare op 2013-11-29 - 19:00', 1, NULL),
(717, '2014-01-08', '20:00:00', 1, 'F', 526, 1, 'E', 535, 12, 'Tijd voor Revenge', 0, NULL),
(718, '2014-01-15', '20:00:00', 1, 'F', 526, 49, 'J', 532, 13, '', 1, NULL),
(719, '2014-01-24', '20:15:00', 1, 'F', 526, 50, 'D', 528, 14, NULL, 0, NULL),
(720, '2013-12-20', '20:45:00', 1, 'F', 526, 59, 'B', 530, 15, 'Vooruitgeschoven match', 0, NULL),
(721, '2014-02-18', '20:00:00', 1, 'F', 526, 21, 'F', 529, 17, NULL, 0, NULL),
(722, '2014-03-05', '20:00:00', 1, 'F', 526, 14, 'F', 531, 18, NULL, 1, NULL),
(723, '2014-03-14', '20:00:00', 1, 'F', 526, 13, 'F', 533, 19, NULL, 0, NULL),
(724, '2014-03-19', '20:00:00', 1, 'F', 526, 33, 'F', 527, 20, NULL, 1, NULL),
(725, '2014-04-04', '19:00:00', 1, 'F', 526, 62, NULL, 534, 21, NULL, 0, NULL),
(726, '2013-10-16', '20:30:00', 1, 'A', 537, 28, 'A', 536, 5, NULL, 1, NULL),
(727, '2014-02-11', '20:30:00', 1, 'A', 537, 28, 'A', 536, 16, NULL, 0, NULL),
(728, '2013-11-13', '20:00:00', 1, 'A', 537, 37, 'A', 538, 8, NULL, 0, NULL),
(729, '2014-03-12', '20:30:00', 1, 'A', 537, 37, 'A', 538, 19, NULL, 1, NULL),
(730, '2013-09-18', '20:00:00', 1, 'A', 537, 3, 'A', 539, 2, NULL, 0, NULL),
(731, '2014-01-15', '20:30:00', 1, 'A', 537, 3, 'A', 539, 13, NULL, 1, NULL),
(732, '2013-11-06', '20:30:00', 1, 'A', 537, 8, 'A', 540, 7, NULL, 1, NULL),
(733, '2014-02-24', '20:30:00', 1, 'A', 537, 8, 'A', 540, 18, NULL, 0, NULL),
(734, '2013-10-21', '20:00:00', 1, 'A', 537, 8, 'B', 541, 6, NULL, 0, NULL),
(735, '2014-02-19', '20:30:00', 1, 'A', 537, 8, 'B', 541, 17, NULL, 1, NULL),
(736, '2013-09-25', '20:30:00', 1, 'A', 537, 12, 'B', 543, 3, NULL, 1, NULL),
(737, '2014-01-20', '20:00:00', 1, 'A', 537, 12, 'B', 543, 14, NULL, 0, NULL),
(738, '2013-11-27', '20:30:00', 1, 'A', 537, 12, 'A', 542, 10, NULL, 1, NULL),
(739, '2014-03-24', '20:00:00', 1, 'A', 537, 12, 'A', 542, 21, NULL, 0, NULL),
(740, '2013-10-10', '20:30:00', 1, 'A', 537, 2, 'B', 544, 4, NULL, 0, NULL),
(741, '2014-01-29', '20:30:00', 1, 'A', 537, 2, 'B', 544, 15, NULL, 1, NULL),
(742, '2013-11-21', '20:00:00', 1, 'A', 537, 9, 'A', 545, 9, NULL, 0, NULL),
(743, '2014-03-19', '20:30:00', 1, 'A', 537, 9, 'A', 545, 20, NULL, 1, NULL),
(744, '2013-09-17', '20:30:00', 1, 'B', 547, 28, 'B', 546, 2, NULL, 0, NULL),
(745, '2014-01-13', '20:00:00', 1, 'B', 547, 28, 'B', 546, 13, NULL, 1, NULL),
(746, '2013-09-23', '20:00:00', 1, 'B', 547, 37, 'B', 548, 3, NULL, 1, NULL),
(747, '2014-01-22', '20:00:00', 1, 'B', 547, 37, 'B', 548, 14, NULL, 0, NULL),
(748, '2013-11-07', '20:00:00', 1, 'B', 547, 36, 'A', 549, 7, NULL, 0, NULL),
(749, '2014-02-24', '20:00:00', 1, 'B', 547, 36, 'A', 549, 18, NULL, 1, NULL),
(750, '2013-10-07', '20:00:00', 1, 'B', 547, 43, 'B', 550, 4, NULL, 0, NULL),
(751, '2014-01-27', '20:00:00', 1, 'B', 547, 43, 'B', 550, 15, NULL, 1, NULL),
(752, '2013-11-11', '20:00:00', 1, 'B', 547, 26, 'C', 551, 8, NULL, 1, NULL),
(753, '2014-03-10', '20:30:00', 1, 'B', 547, 26, 'C', 551, 19, NULL, 0, NULL),
(754, '2013-11-25', '20:00:00', 1, 'B', 547, 32, 'A', 552, 10, NULL, 1, NULL),
(755, '2014-03-24', '20:00:00', 1, 'B', 547, 32, 'A', 552, 21, NULL, 0, NULL),
(756, '2013-11-19', '20:00:00', 1, 'B', 547, 30, 'A', 553, 9, NULL, 0, NULL),
(757, '2014-03-17', '20:00:00', 1, 'B', 547, 30, 'A', 553, 20, NULL, 1, NULL),
(758, '2013-10-21', '20:00:00', 1, 'B', 547, 31, 'B', 554, 6, NULL, 0, NULL),
(759, '2014-02-17', '20:00:00', 1, 'B', 547, 31, 'B', 554, 17, NULL, 1, NULL),
(760, '2013-09-17', '20:30:00', 1, 'C', 558, 28, 'C', 555, 2, NULL, 0, NULL),
(761, '2014-01-13', '20:00:00', 1, 'C', 558, 28, 'C', 555, 13, NULL, 1, NULL),
(762, '2013-09-23', '20:00:00', 1, 'C', 558, 40, 'A', 556, 3, NULL, 1, NULL),
(763, '2014-01-21', '20:00:00', 1, 'C', 558, 40, 'A', 556, 14, NULL, 0, NULL);
INSERT INTO `kalender` (`ID`, `Datum`, `Uur`, `ThuisClubID`, `ThuisPloeg`, `ThuisClubPloegID`, `UitClubID`, `UitPloeg`, `UitClubPloegID`, `Week`, `Beschrijving`, `Thuis`, `GeleideTraining`) VALUES
(764, '2013-11-11', '20:00:00', 1, 'C', 558, 46, 'A', 557, 8, NULL, 1, NULL),
(765, '2014-03-12', '20:00:00', 1, 'C', 558, 46, 'A', 557, 19, NULL, 0, NULL),
(766, '2013-11-19', '20:00:00', 1, 'C', 558, 3, 'B', 559, 9, NULL, 0, NULL),
(767, '2014-03-17', '20:00:00', 1, 'C', 558, 3, 'B', 559, 20, NULL, 1, NULL),
(768, '2013-11-04', '20:00:00', 1, 'C', 558, 43, 'E', 560, 7, NULL, 0, NULL),
(769, '2014-02-24', '20:00:00', 1, 'C', 558, 43, 'E', 560, 18, NULL, 1, NULL),
(770, '2013-11-25', '20:00:00', 1, 'C', 558, 43, 'G', 561, 10, NULL, 1, NULL),
(771, '2014-03-26', '20:00:00', 1, 'C', 558, 43, 'G', 561, 21, NULL, 0, NULL),
(772, '2013-10-14', '20:00:00', 1, 'C', 558, 63, 'A', 562, 5, NULL, 1, NULL),
(773, '2014-02-11', '20:00:00', 1, 'C', 558, 63, 'A', 562, 16, NULL, 0, NULL),
(774, '2013-10-07', '20:00:00', 1, 'C', 558, 12, 'D', 563, 4, NULL, 0, NULL),
(775, '2014-01-27', '20:00:00', 1, 'C', 558, 12, 'D', 563, 15, NULL, 1, NULL),
(776, '2013-10-23', '20:00:00', 1, 'C', 558, 29, 'B', 564, 6, NULL, 0, NULL),
(777, '2014-02-17', '20:00:00', 1, 'C', 558, 29, 'B', 564, 17, NULL, 1, NULL),
(778, '2013-09-16', '20:00:00', 1, 'D', 567, 28, 'D', 565, 2, NULL, 1, NULL),
(779, '2014-01-14', '20:30:00', 1, 'D', 567, 28, 'D', 565, 13, NULL, 0, NULL),
(780, '2013-09-24', '20:00:00', 1, 'D', 567, 40, 'C', 566, 3, NULL, 0, NULL),
(781, '2014-01-20', '20:00:00', 1, 'D', 567, 40, 'C', 566, 14, NULL, 1, NULL),
(782, '2013-11-04', '20:00:00', 1, 'D', 567, 36, 'B', 568, 7, NULL, 1, NULL),
(783, '2014-02-27', '20:00:00', 1, 'D', 567, 36, 'B', 568, 18, NULL, 0, NULL),
(784, '2013-11-11', '20:30:00', 1, 'D', 567, 26, 'F', 569, 8, NULL, 0, NULL),
(785, '2014-03-10', '20:00:00', 1, 'D', 567, 26, 'F', 569, 19, NULL, 1, NULL),
(786, '2013-10-21', '20:00:00', 1, 'D', 567, 63, 'B', 570, 6, NULL, 1, NULL),
(787, '2014-02-20', '20:30:00', 1, 'D', 567, 63, 'B', 570, 17, NULL, 0, NULL),
(788, '2013-11-25', '20:00:00', 1, 'D', 567, 12, 'G', 572, 10, NULL, 0, NULL),
(789, '2014-03-24', '20:00:00', 1, 'D', 567, 12, 'G', 572, 22, NULL, 1, NULL),
(790, '2013-10-14', '20:00:00', 1, 'D', 567, 12, 'F', 571, 5, NULL, 0, NULL),
(791, '2014-02-10', '20:00:00', 1, 'D', 567, 12, 'F', 571, 16, NULL, 1, NULL),
(792, '2013-11-18', '20:00:00', 1, 'D', 567, 30, 'C', 573, 9, NULL, 1, NULL),
(793, '2014-03-18', '20:00:00', 1, 'D', 567, 30, 'C', 573, 21, NULL, 0, NULL),
(794, '2013-10-07', '20:00:00', 1, 'D', 567, 29, 'C', 574, 4, NULL, 1, NULL),
(795, '2014-01-29', '20:00:00', 1, 'D', 567, 29, 'C', 574, 15, NULL, 0, NULL),
(796, '2013-09-16', '20:00:00', 1, 'E', 577, 28, 'E', 575, 2, NULL, 1, NULL),
(797, '2014-01-14', '20:30:00', 1, 'E', 577, 28, 'E', 575, 13, NULL, 0, NULL),
(798, '2013-09-24', '20:00:00', 1, 'E', 577, 40, 'D', 576, 3, NULL, 0, NULL),
(799, '2014-01-20', '20:00:00', 1, 'E', 577, 40, 'D', 576, 14, NULL, 1, NULL),
(800, '2013-10-07', '20:00:00', 1, 'E', 577, 8, 'D', 578, 4, NULL, 1, NULL),
(801, '2014-01-27', '20:30:00', 1, 'E', 577, 8, 'D', 578, 15, NULL, 0, NULL),
(802, '2013-10-21', '20:00:00', 1, 'E', 577, 36, 'C', 579, 6, NULL, 1, NULL),
(803, '2014-02-20', '20:00:00', 1, 'E', 577, 36, 'C', 579, 17, NULL, 0, NULL),
(804, '2013-11-11', '20:30:00', 1, 'E', 577, 26, 'E', 580, 8, NULL, 0, NULL),
(805, '2014-03-10', '20:00:00', 1, 'E', 577, 26, 'E', 580, 19, NULL, 1, NULL),
(806, '2013-10-14', '20:00:00', 1, 'E', 577, 12, 'E', 581, 5, NULL, 0, NULL),
(807, '2014-02-10', '20:00:00', 1, 'E', 577, 12, 'E', 581, 16, NULL, 1, NULL),
(808, '2013-11-04', '20:00:00', 1, 'E', 577, 2, 'C', 582, 7, NULL, 1, NULL),
(809, '2014-02-27', '20:30:00', 1, 'E', 577, 2, 'C', 582, 18, NULL, 0, NULL),
(810, '2013-11-18', '20:00:00', 1, 'E', 577, 48, 'E', 583, 8, NULL, 1, NULL),
(811, '2014-03-18', '20:30:00', 1, 'E', 577, 48, 'E', 583, 20, NULL, 0, NULL),
(812, '2013-11-25', '20:00:00', 1, 'E', 577, 30, 'B', 584, 9, NULL, 0, NULL),
(813, '2014-03-24', '20:00:00', 1, 'E', 577, 30, 'B', 584, 21, NULL, 1, NULL),
(814, '2013-09-18', '20:00:00', 1, 'F', 586, 28, 'F', 585, 2, NULL, 1, NULL),
(815, '2014-01-14', '20:30:00', 1, 'F', 586, 28, 'F', 585, 13, NULL, 0, NULL),
(816, '2013-10-23', '20:00:00', 1, 'F', 586, 10, 'D', 587, 6, NULL, 1, NULL),
(817, '2014-02-17', '20:00:00', 1, 'F', 586, 10, 'D', 587, 17, NULL, 0, NULL),
(818, '2013-11-20', '20:00:00', 1, 'F', 586, 36, 'D', 588, 9, NULL, 1, NULL),
(819, '2014-03-20', '20:00:00', 1, 'F', 586, 36, 'D', 588, 20, NULL, 0, NULL),
(820, '2013-11-13', '20:00:00', 1, 'F', 586, 43, 'I', 589, 8, NULL, 1, NULL),
(821, '2014-03-12', '20:00:00', 1, 'F', 586, 43, 'I', 589, 19, NULL, 0, NULL),
(822, '2013-09-23', '20:00:00', 1, 'F', 586, 43, 'J', 590, 3, NULL, 0, NULL),
(823, '2014-01-22', '20:00:00', 1, 'F', 586, 43, 'J', 590, 14, NULL, 1, NULL),
(824, '2013-09-12', '20:00:00', 1, 'F', 586, 63, 'C', 591, 1, NULL, 0, NULL),
(825, '2014-01-08', '20:00:00', 1, 'F', 586, 63, 'C', 591, 12, NULL, 1, NULL),
(826, '2013-10-14', '20:00:00', 1, 'F', 586, 12, 'H', 592, 5, NULL, 0, NULL),
(827, '2014-02-12', '20:00:00', 1, 'F', 586, 12, 'H', 592, 16, NULL, 1, NULL),
(828, '2013-10-09', '20:00:00', 1, 'F', 586, 48, 'F', 593, 4, NULL, 1, NULL),
(829, '2014-01-28', '20:30:00', 1, 'F', 586, 48, 'F', 593, 15, NULL, 0, NULL),
(830, '2013-12-02', '20:00:00', 1, 'F', 586, 30, 'D', 594, 11, NULL, 0, NULL),
(831, '2014-04-02', '20:00:00', 1, 'F', 586, 30, 'D', 594, 22, NULL, 1, NULL),
(832, '2013-11-07', '20:00:00', 1, 'F', 586, 31, 'C', 595, 7, NULL, 0, NULL),
(833, '2014-02-26', '20:00:00', 1, 'F', 586, 31, 'C', 595, 18, NULL, 1, NULL),
(834, '2014-09-20', '18:00:00', NULL, NULL, 0, 0, NULL, NULL, NULL, 'Eetfestijn 2014', NULL, NULL),
(835, '2014-01-04', '20:30:00', NULL, NULL, 0, 0, NULL, NULL, NULL, 'Nieuwjaarsreceptie 2014', NULL, NULL),
(836, '2014-05-17', '20:30:00', NULL, NULL, 0, 0, NULL, NULL, NULL, 'Afsluiting Seizoen: algemene vergadering + kampioenenviering', NULL, NULL),
(837, '2014-05-23', '00:00:00', NULL, NULL, 0, 0, NULL, NULL, NULL, 'TTC Erembodegem Dubbeltornooi', NULL, NULL),
(838, '2014-09-05', '20:00:00', NULL, NULL, 0, 0, NULL, NULL, NULL, 'TTC Erembodgem - Enkeltornooi', NULL, NULL),
(839, '2014-05-02', '09:00:00', NULL, NULL, 0, 0, NULL, NULL, NULL, 'Werken - Alle hulp welkom', NULL, NULL),
(840, '2014-05-03', '09:00:00', NULL, NULL, 0, 0, NULL, NULL, NULL, 'Werken - Alle hulp welkom', NULL, NULL),
(841, '2014-05-11', '10:00:00', NULL, NULL, 0, 0, NULL, NULL, NULL, 'Sporta Federale Kampioenschappen - Sporthal Scherpenstein - Schelle', NULL, NULL),
(842, '2014-09-19', '20:00:00', 1, 'A', 598, 17, 'A', 596, 1, NULL, 1, NULL),
(843, '2015-01-09', '20:00:00', 1, 'A', 598, 17, 'A', 596, 12, NULL, 0, NULL),
(844, '2014-10-17', '20:00:00', 1, 'A', 598, 42, 'A', 597, 5, NULL, 1, NULL),
(845, '2015-02-20', '20:15:00', 1, 'A', 598, 42, 'A', 597, 16, NULL, 0, NULL),
(846, '2014-12-05', '20:00:00', 1, 'A', 598, 55, 'A', 599, 10, NULL, 1, NULL),
(847, '2015-04-18', '20:00:00', 1, 'A', 598, 55, 'A', 599, 21, NULL, 0, NULL),
(848, '2014-11-29', '19:00:00', 1, 'A', 598, 50, 'A', 600, 9, NULL, 0, NULL),
(849, '2015-03-27', '20:00:00', 1, 'A', 598, 50, 'A', 600, 20, NULL, 1, NULL),
(850, '2014-12-12', '20:00:00', 1, 'A', 598, 7, 'A', 601, 11, NULL, 0, NULL),
(851, '2015-04-24', '20:00:00', 1, 'A', 598, 7, 'A', 601, 22, NULL, 1, NULL),
(852, '2014-11-21', '20:30:00', 1, 'A', 598, 6, 'B', 602, 8, NULL, 1, NULL),
(853, '2015-03-20', '20:30:00', 1, 'A', 598, 6, 'B', 602, 19, NULL, 0, NULL),
(854, '2014-09-27', '19:00:00', 1, 'A', 598, 2, 'B', 603, 2, NULL, 0, NULL),
(855, '2015-01-16', '20:00:00', 1, 'A', 598, 2, 'B', 603, 13, NULL, 1, NULL),
(856, '2014-10-10', '20:00:00', 1, 'A', 598, 48, 'C', 604, 4, NULL, 0, NULL),
(857, '2015-01-30', '20:00:00', 1, 'A', 598, 48, 'C', 604, 15, NULL, 1, NULL),
(858, '2014-11-14', '20:00:00', 1, 'A', 598, 9, 'A', 605, 7, NULL, 1, NULL),
(859, '2015-03-14', '19:30:00', 1, 'A', 598, 9, 'A', 605, 18, NULL, 0, NULL),
(860, '2014-11-08', '19:00:00', 1, 'A', 598, 13, 'A', 606, 6, NULL, 0, NULL),
(861, '2015-03-06', '20:00:00', 1, 'A', 598, 13, 'A', 606, 17, NULL, 1, NULL),
(862, '2014-10-03', '20:00:00', 1, 'A', 598, 29, 'B', 607, 3, NULL, 1, NULL),
(863, '2015-01-24', '19:00:00', 1, 'A', 598, 29, 'B', 607, 14, NULL, 0, NULL),
(864, '2014-12-05', '20:00:00', 1, 'B', 621, 24, 'A', 620, 10, NULL, 1, NULL),
(865, '2015-04-17', '20:00:00', 1, 'B', 621, 24, 'A', 620, 21, NULL, 0, NULL),
(866, '2014-09-19', '20:00:00', 1, 'B', 621, 22, 'C', 622, 1, NULL, 1, NULL),
(867, '2015-01-09', '20:15:00', 1, 'B', 621, 22, 'C', 622, 12, NULL, 0, NULL),
(868, '2014-10-17', '20:00:00', 1, 'B', 621, 10, 'C', 623, 5, NULL, 1, NULL),
(869, '2015-02-21', '19:00:00', 1, 'B', 621, 10, 'C', 623, 16, NULL, 0, NULL),
(870, '2014-11-28', '20:15:00', 1, 'B', 621, 50, 'B', 624, 9, NULL, 0, NULL),
(871, '2015-03-27', '20:00:00', 1, 'B', 621, 50, 'B', 624, 20, NULL, 1, NULL),
(872, '2014-11-14', '20:00:00', 1, 'B', 621, 54, 'C', 625, 7, NULL, 1, NULL),
(873, '2015-03-13', '20:00:00', 1, 'B', 621, 54, 'C', 625, 18, NULL, 0, NULL),
(874, '2014-12-12', '20:00:00', 1, 'B', 621, 49, 'F', 626, 11, NULL, 0, NULL),
(875, '2015-04-24', '20:00:00', 1, 'B', 621, 49, 'F', 626, 22, NULL, 1, NULL),
(876, '2014-10-03', '20:00:00', 1, 'B', 621, 12, 'A', 627, 3, NULL, 1, NULL),
(877, '2015-01-24', '19:00:00', 1, 'B', 621, 12, 'A', 627, 14, NULL, 0, NULL),
(878, '2014-10-10', '20:00:00', 1, 'B', 621, 48, 'D', 628, 4, NULL, 0, NULL),
(879, '2015-01-30', '20:00:00', 1, 'B', 621, 48, 'D', 628, 15, NULL, 1, NULL),
(880, '2014-11-08', '19:00:00', 1, 'B', 621, 13, 'B', 629, 6, NULL, 0, NULL),
(881, '2015-03-06', '20:00:00', 1, 'B', 621, 13, 'B', 629, 17, NULL, 1, NULL),
(882, '2014-11-21', '20:00:00', 1, 'B', 621, 44, 'A', 630, 8, NULL, 1, NULL),
(883, '2015-03-20', '20:00:00', 1, 'B', 621, 44, 'A', 630, 19, NULL, 0, NULL),
(884, '2014-09-26', '20:00:00', 1, 'B', 621, 53, 'B', 631, 2, NULL, 0, NULL),
(885, '2015-01-16', '20:00:00', 1, 'B', 621, 53, 'B', 631, 13, NULL, 1, NULL),
(911, '2015-03-13', '20:00:00', 1, 'D', 646, 17, 'D', 645, 18, NULL, 1, NULL),
(910, '2014-11-13', '19:30:00', 1, 'D', 646, 17, 'D', 645, 7, NULL, 0, NULL),
(888, '2014-12-12', '20:00:00', 1, 'C', 635, 23, 'A', 633, 11, NULL, 1, NULL),
(889, '2015-04-24', '19:30:00', 1, 'C', 635, 23, 'A', 633, 22, NULL, 0, NULL),
(890, '2014-11-14', '20:15:00', 1, 'C', 635, 11, 'B', 634, 7, NULL, 0, NULL),
(891, '2015-03-13', '20:00:00', 1, 'C', 635, 11, 'B', 634, 18, NULL, 1, NULL),
(892, '2014-10-10', '20:00:00', 1, 'C', 635, 55, 'C', 636, 4, NULL, 1, NULL),
(893, '2015-01-31', '20:00:00', 1, 'C', 635, 55, 'C', 636, 15, NULL, 0, NULL),
(894, '2014-11-28', '20:00:00', 1, 'C', 635, 6, 'D', 637, 9, NULL, 1, NULL),
(895, '2015-03-25', '19:30:00', 1, 'C', 635, 6, 'D', 637, 20, NULL, 0, NULL),
(896, '2014-11-07', '20:00:00', 1, 'C', 635, 21, 'D', 638, 6, NULL, 1, NULL),
(897, '2015-03-03', '20:00:00', 1, 'C', 635, 21, 'D', 638, 17, NULL, 0, NULL),
(898, '2014-11-21', '20:00:00', 1, 'C', 635, 61, 'A', 639, 8, NULL, 0, NULL),
(899, '2015-03-20', '20:00:00', 1, 'C', 635, 61, 'A', 639, 19, NULL, 1, NULL),
(900, '2014-09-26', '20:00:00', 1, 'C', 635, 14, 'C', 640, 2, NULL, 1, NULL),
(901, '2015-01-16', '20:15:00', 1, 'C', 635, 14, 'C', 640, 13, NULL, 0, NULL),
(902, '2014-09-19', '20:00:00', 1, 'C', 635, 2, 'D', 641, 1, NULL, 0, NULL),
(903, '2015-01-09', '20:00:00', 1, 'C', 635, 2, 'D', 641, 12, NULL, 1, NULL),
(904, '2014-10-03', '20:00:00', 1, 'C', 635, 47, 'B', 642, 3, NULL, 0, NULL),
(905, '2015-01-23', '20:00:00', 1, 'C', 635, 47, 'B', 642, 14, NULL, 1, NULL),
(906, '2014-12-06', '19:00:00', 1, 'C', 635, 13, 'C', 643, 10, NULL, 0, NULL),
(907, '2015-04-17', '20:00:00', 1, 'C', 635, 13, 'C', 643, 21, NULL, 1, NULL),
(908, '2014-10-17', '20:30:00', 1, 'C', 635, 46, 'F', 644, 5, NULL, 0, NULL),
(909, '2015-02-20', '20:00:00', 1, 'C', 635, 46, 'F', 644, 16, NULL, 1, NULL),
(912, '2014-10-10', '20:00:00', 1, 'D', 646, 55, 'E', 647, 4, NULL, 1, NULL),
(913, '2015-01-31', '20:00:00', 1, 'D', 646, 55, 'E', 647, 15, NULL, 0, NULL),
(914, '2014-11-28', '20:00:00', 1, 'D', 646, 16, 'D', 648, 9, NULL, 1, NULL),
(915, '2015-03-28', '14:30:00', 1, 'D', 646, 16, 'D', 648, 20, NULL, 0, NULL),
(916, '2014-12-05', '20:00:00', 1, 'D', 646, 7, 'E', 649, 10, NULL, 0, NULL),
(917, '2015-04-17', '20:00:00', 1, 'D', 646, 7, 'E', 649, 21, NULL, 1, NULL),
(918, '2014-09-26', '20:00:00', 1, 'D', 646, 61, 'B', 650, 2, NULL, 1, NULL),
(919, '2015-01-16', '20:00:00', 1, 'D', 646, 61, 'B', 650, 13, NULL, 0, NULL),
(920, '2014-12-12', '20:00:00', 1, 'D', 646, 59, 'A', 651, 11, NULL, 1, NULL),
(921, '2015-04-24', '20:30:00', 1, 'D', 646, 59, 'A', 651, 22, NULL, 0, NULL),
(922, '2014-11-21', '20:00:00', 1, 'D', 646, 14, 'F', 652, 8, NULL, 0, NULL),
(923, '2015-03-20', '20:00:00', 1, 'D', 646, 14, 'F', 652, 19, NULL, 1, NULL),
(924, '2014-11-07', '20:00:00', 1, 'D', 646, 49, 'H', 653, 6, NULL, 1, NULL),
(925, '2015-03-06', '20:00:00', 1, 'D', 646, 49, 'H', 653, 17, NULL, 0, NULL),
(926, '2014-10-13', '20:00:00', 1, 'D', 646, 18, 'C', 654, 5, NULL, 0, NULL),
(927, '2015-02-20', '20:00:00', 1, 'D', 646, 18, 'C', 654, 16, NULL, 1, NULL),
(928, '2014-10-03', '20:30:00', 1, 'D', 646, 46, 'H', 655, 3, NULL, 0, NULL),
(929, '2015-01-23', '20:00:00', 1, 'D', 646, 46, 'H', 655, 14, NULL, 1, NULL),
(930, '2014-09-13', '14:00:00', 1, 'D', 646, 44, 'C', 656, 1, NULL, 0, NULL),
(931, '2015-01-09', '20:00:00', 1, 'D', 646, 44, 'C', 656, 12, NULL, 1, NULL),
(932, '2014-11-26', '20:00:00', 1, 'E', 657, 55, 'F', 658, 9, NULL, 1, NULL),
(933, '2015-03-28', '20:00:00', 1, 'E', 657, 55, 'F', 658, 20, NULL, 0, NULL),
(934, '2014-10-11', '14:30:00', 1, 'E', 657, 16, 'F', 659, 4, NULL, 0, NULL),
(935, '2015-01-28', '20:00:00', 1, 'E', 657, 16, 'F', 659, 15, NULL, 1, NULL),
(936, '2014-12-12', '20:00:00', 1, 'E', 657, 54, 'H', 660, 11, NULL, 0, NULL),
(937, '2015-04-22', '20:00:00', 1, 'E', 657, 54, 'H', 660, 22, NULL, 1, NULL),
(938, '2014-11-07', '20:30:00', 1, 'E', 657, 59, 'C', 661, 6, NULL, 0, NULL),
(939, '2015-03-03', '20:00:00', 1, 'E', 657, 59, 'C', 661, 17, NULL, 1, NULL),
(940, '2014-11-12', '20:00:00', 1, 'E', 657, 49, 'L', 662, 7, NULL, 1, NULL),
(941, '2015-03-13', '20:00:00', 1, 'E', 657, 49, 'L', 662, 18, NULL, 0, NULL),
(942, '2014-09-27', '19:00:00', 1, 'E', 657, 12, 'H', 663, 2, NULL, 0, NULL),
(943, '2015-01-14', '20:00:00', 1, 'E', 657, 12, 'H', 663, 13, NULL, 1, NULL),
(944, '2014-10-01', '20:00:00', 1, 'E', 657, 48, 'H', 664, 3, NULL, 1, NULL),
(945, '2015-01-23', '20:00:00', 1, 'E', 657, 48, 'H', 664, 14, NULL, 0, NULL),
(946, '2014-11-21', '20:15:00', 1, 'E', 657, 45, 'C', 665, 8, NULL, 0, NULL),
(947, '2015-03-18', '20:00:00', 1, 'E', 657, 45, 'C', 665, 19, NULL, 1, NULL),
(948, '2014-10-15', '20:00:00', 1, 'E', 657, 46, 'I', 666, 5, NULL, 1, NULL),
(949, '2015-02-20', '20:30:00', 1, 'E', 657, 46, 'I', 666, 16, NULL, 0, NULL),
(950, '2014-12-03', '20:00:00', 1, 'E', 657, 44, 'D', 667, 10, NULL, 1, NULL),
(951, '2015-04-18', '14:00:00', 1, 'E', 657, 44, 'D', 667, 21, NULL, 0, NULL),
(952, '2014-09-17', '20:00:00', 1, 'E', 657, 29, 'E', 668, 1, NULL, 1, NULL),
(953, '2015-01-10', '19:00:00', 1, 'E', 657, 29, 'E', 668, 12, NULL, 0, NULL),
(954, '2014-10-20', '20:00:00', 1, 'A', 670, 28, 'A', 669, 5, NULL, 1, NULL),
(955, '2015-02-10', '20:30:00', 1, 'A', 670, 28, 'A', 669, 14, NULL, 0, NULL),
(956, '2014-11-05', '20:00:00', 1, 'A', 670, 37, 'A', 671, 6, NULL, 0, NULL),
(957, '2015-02-23', '20:00:00', 1, 'A', 670, 37, 'A', 671, 15, NULL, 1, NULL),
(958, '2014-10-15', '20:00:00', 1, 'A', 670, 3, 'A', 672, 4, NULL, 0, NULL),
(959, '2015-02-02', '20:00:00', 1, 'A', 670, 3, 'A', 672, 13, NULL, 1, NULL),
(960, '2014-09-29', '20:00:00', 1, 'A', 670, 8, 'A', 673, 3, NULL, 1, NULL),
(961, '2015-01-26', '20:30:00', 1, 'A', 670, 8, 'A', 673, 12, NULL, 0, NULL),
(962, '2014-11-24', '20:00:00', 1, 'A', 670, 43, 'B', 674, 10, NULL, 0, NULL),
(963, '2015-03-23', '20:00:00', 1, 'A', 670, 43, 'B', 674, 18, NULL, 1, NULL),
(964, '2014-09-22', '20:30:00', 1, 'A', 670, 26, 'B', 675, 2, NULL, 0, NULL),
(965, '2015-01-19', '20:00:00', 1, 'A', 670, 26, 'B', 675, 11, NULL, 1, NULL),
(966, '2014-09-15', '20:00:00', 1, 'A', 670, 2, 'A', 676, 1, NULL, 1, NULL),
(967, '2015-01-15', '20:00:00', 1, 'A', 670, 2, 'A', 676, 10, NULL, 0, NULL),
(968, '2014-11-18', '20:30:00', 1, 'A', 670, 48, 'A', 677, 8, NULL, 0, NULL),
(969, '2015-03-16', '20:00:00', 1, 'A', 670, 48, 'A', 677, 17, NULL, 1, NULL),
(970, '2014-11-10', '20:00:00', 1, 'A', 670, 9, 'B', 678, 7, NULL, 1, NULL),
(971, '2015-03-04', '20:00:00', 1, 'A', 670, 9, 'B', 678, 16, NULL, 0, NULL),
(972, '2014-10-20', '20:00:00', 1, 'B', 690, 28, 'B', 689, 5, NULL, 1, NULL),
(973, '2015-02-10', '20:30:00', 1, 'B', 690, 28, 'B', 689, 14, NULL, 0, NULL),
(974, '2014-09-22', '20:00:00', 1, 'B', 690, 10, 'C', 691, 2, NULL, 0, NULL),
(975, '2015-01-19', '20:00:00', 1, 'B', 690, 10, 'C', 691, 11, NULL, 1, NULL),
(976, '2014-11-10', '20:00:00', 1, 'B', 690, 36, 'A', 692, 7, NULL, 1, NULL),
(977, '2015-03-03', '20:00:00', 1, 'B', 690, 36, 'A', 692, 16, NULL, 0, NULL),
(978, '2014-10-13', '20:00:00', 1, 'B', 690, 43, 'E', 694, 4, NULL, 0, NULL),
(979, '2015-02-02', '20:00:00', 1, 'B', 690, 43, 'E', 694, 13, NULL, 1, NULL),
(980, '2014-11-03', '20:00:00', 1, 'B', 690, 43, 'C', 693, 6, NULL, 0, NULL),
(981, '2015-02-23', '20:00:00', 1, 'B', 690, 43, 'C', 693, 15, NULL, 1, NULL),
(982, '2014-09-15', '20:00:00', 1, 'B', 690, 32, 'A', 695, 1, NULL, 1, NULL),
(983, '2015-01-12', '20:00:00', 1, 'B', 690, 32, 'A', 695, 10, NULL, 0, NULL),
(984, '2014-11-18', '20:00:00', 1, 'B', 690, 30, 'A', 696, 8, NULL, 0, NULL),
(985, '2015-03-16', '20:00:00', 1, 'B', 690, 30, 'A', 696, 17, NULL, 1, NULL),
(986, '2014-11-24', '20:00:00', 1, 'B', 690, 31, 'B', 697, 9, NULL, 0, NULL),
(987, '2015-03-23', '20:00:00', 1, 'B', 690, 31, 'B', 697, 18, NULL, 1, NULL),
(988, '2014-09-29', '20:00:00', 1, 'B', 690, 65, 'B', 698, 3, NULL, 1, NULL),
(989, '2015-01-28', '20:00:00', 1, 'B', 690, 65, 'B', 698, 12, NULL, 0, NULL),
(990, '2014-09-30', '20:30:00', 1, 'C', 700, 28, 'C', 699, 3, NULL, 0, NULL),
(991, '2015-01-26', '20:00:00', 1, 'C', 700, 28, 'C', 699, 12, NULL, 1, NULL),
(992, '2014-10-21', '20:00:00', 1, 'C', 700, 3, 'B', 701, 5, NULL, 0, NULL),
(993, '2015-02-09', '20:00:00', 1, 'C', 700, 3, 'B', 701, 14, NULL, 1, NULL),
(994, '2014-11-24', '20:00:00', 1, 'C', 700, 8, 'D', 702, 9, NULL, 1, NULL),
(995, '2015-03-23', '20:00:00', 1, 'C', 700, 8, 'D', 702, 18, NULL, 0, NULL),
(996, '2014-11-11', '20:00:00', 1, 'C', 700, 36, 'B', 703, 7, NULL, 0, NULL),
(997, '2015-03-02', '20:00:00', 1, 'C', 700, 36, 'B', 703, 16, NULL, 1, NULL),
(998, '2014-10-13', '20:00:00', 1, 'C', 700, 43, 'F', 704, 4, NULL, 1, NULL),
(999, '2015-02-04', '20:00:00', 1, 'C', 700, 43, 'F', 704, 13, NULL, 0, NULL),
(1000, '2014-11-03', '20:00:00', 1, 'C', 700, 43, 'H', 705, 6, NULL, 1, NULL),
(1001, '2015-02-25', '20:00:00', 1, 'C', 700, 43, 'H', 705, 15, NULL, 0, NULL),
(1002, '2014-11-17', '20:00:00', 1, 'C', 700, 63, 'A', 706, 8, NULL, 1, NULL),
(1003, '2015-03-17', '20:00:00', 1, 'C', 700, 63, 'A', 706, 17, NULL, 0, NULL),
(1004, '2014-09-15', '20:00:00', 1, 'C', 700, 12, 'C', 707, 1, NULL, 0, NULL),
(1005, '2015-01-12', '20:00:00', 1, 'C', 700, 12, 'C', 707, 10, NULL, 1, NULL),
(1006, '2014-09-22', '20:00:00', 1, 'C', 700, 46, 'A', 708, 2, NULL, 1, NULL),
(1007, '2015-01-19', '20:00:00', 1, 'C', 700, 46, 'A', 708, 11, NULL, 0, NULL),
(1008, '2014-10-15', '20:00:00', 1, 'D', 711, 28, 'E', 709, 4, NULL, 1, NULL),
(1009, '2015-02-03', '20:30:00', 1, 'D', 711, 28, 'E', 709, 13, NULL, 0, NULL),
(1010, '2014-11-05', '20:00:00', 1, 'D', 711, 40, 'D', 710, 6, NULL, 1, NULL),
(1011, '2015-02-23', '20:00:00', 1, 'D', 711, 40, 'D', 710, 15, NULL, 0, NULL),
(1012, '2014-09-24', '20:00:00', 1, 'D', 711, 36, 'C', 712, 2, NULL, 1, NULL),
(1013, '2015-01-20', '20:00:00', 1, 'D', 711, 36, 'C', 712, 11, NULL, 0, NULL),
(1014, '2014-11-12', '20:00:00', 1, 'D', 711, 43, 'I', 713, 7, NULL, 0, NULL),
(1015, '2015-03-04', '20:00:00', 1, 'D', 711, 43, 'I', 713, 16, NULL, 1, NULL),
(1016, '2014-09-29', '20:30:00', 1, 'D', 711, 26, 'F', 714, 3, NULL, 0, NULL),
(1017, '2015-01-28', '20:00:00', 1, 'D', 711, 26, 'F', 714, 12, NULL, 1, NULL),
(1018, '2014-11-26', '20:00:00', 1, 'D', 711, 63, 'B', 715, 9, NULL, 1, NULL),
(1019, '2015-03-24', '20:00:00', 1, 'D', 711, 63, 'B', 715, 18, NULL, 0, NULL),
(1020, '2014-09-15', '20:00:00', 1, 'D', 711, 12, 'E', 716, 1, NULL, 0, NULL),
(1021, '2015-01-14', '20:00:00', 1, 'D', 711, 12, 'E', 716, 10, NULL, 1, NULL),
(1022, '2014-11-19', '20:00:00', 1, 'D', 711, 30, 'B', 717, 8, NULL, 1, NULL),
(1023, '2015-03-17', '20:00:00', 1, 'D', 711, 30, 'B', 717, 17, NULL, 0, NULL),
(1050, '2014-11-06', '20:00:00', 1, 'E', 737, 63, 'C', 741, 6, NULL, 0, NULL),
(1040, '2014-09-23', '20:30:00', 1, 'E', 737, 28, 'F', 736, 2, NULL, 0, NULL),
(1041, '2015-01-21', '20:00:00', 1, 'E', 737, 28, 'F', 736, 11, NULL, 1, NULL),
(1042, '2014-09-16', '20:00:00', 1, 'E', 737, 1, 'F', 738, 1, NULL, 1, NULL),
(1043, '2015-01-12', '20:00:00', 1, 'E', 737, 1, 'F', 738, 10, NULL, 0, NULL),
(1044, '2014-11-25', '20:00:00', 1, 'E', 737, 36, 'D', 739, 9, NULL, 0, NULL),
(1045, '2015-03-25', '20:00:00', 1, 'E', 737, 36, 'D', 739, 18, NULL, 1, NULL),
(1046, '2014-11-13', '20:00:00', 1, 'E', 737, 43, 'J', 740, 7, NULL, 1, NULL),
(1047, '2015-03-04', '20:00:00', 1, 'E', 737, 43, 'J', 740, 16, NULL, 0, NULL),
(1048, '2014-10-16', '20:00:00', 1, 'E', 737, 63, 'D', 742, 4, NULL, 0, NULL),
(1049, '2015-02-04', '20:00:00', 1, 'E', 737, 63, 'D', 742, 13, NULL, 1, NULL),
(1051, '2015-02-25', '20:00:00', 1, 'E', 737, 63, 'C', 741, 15, NULL, 1, NULL),
(1052, '2014-10-22', '20:00:00', 1, 'E', 737, 30, 'C', 743, 5, NULL, 1, NULL),
(1053, '2015-02-09', '20:00:00', 1, 'E', 737, 30, 'C', 743, 14, NULL, 0, NULL),
(1054, '2014-10-13', '20:00:00', 1, 'F', 746, 28, 'F', 744, 4, NULL, 1, NULL),
(1055, '2015-02-03', '20:30:00', 1, 'F', 746, 28, 'F', 744, 13, NULL, 0, NULL),
(1068, '2014-12-19', '20:00:00', NULL, NULL, 0, 0, NULL, NULL, NULL, 'Kwartfinale Beker OVL VTTL: Erembodegem A - Rooigem A', NULL, NULL),
(1058, '2014-11-11', '20:00:00', 1, 'F', 746, 36, 'D', 747, 7, NULL, 0, NULL),
(1059, '2015-03-02', '20:00:00', 1, 'F', 746, 36, 'D', 747, 16, NULL, 1, NULL),
(1060, '2014-09-22', '20:00:00', 1, 'F', 746, 43, 'J', 748, 2, NULL, 1, NULL),
(1061, '2015-01-21', '20:00:00', 1, 'F', 746, 43, 'J', 748, 11, NULL, 0, NULL),
(1062, '2014-10-23', '20:00:00', 1, 'F', 746, 63, 'C', 749, 5, NULL, 0, NULL),
(1063, '2015-02-09', '20:00:00', 1, 'F', 746, 63, 'C', 749, 14, NULL, 1, NULL),
(1064, '2014-11-03', '20:00:00', 1, 'F', 746, 63, 'D', 750, 6, NULL, 1, NULL),
(1065, '2015-02-26', '20:00:00', 1, 'F', 746, 63, 'D', 750, 15, NULL, 0, NULL),
(1066, '2014-09-29', '20:00:00', 1, 'F', 746, 30, 'C', 751, 3, NULL, 0, NULL),
(1067, '2015-01-26', '20:00:00', 1, 'F', 746, 30, 'C', 751, 12, NULL, 1, NULL),
(1069, '2015-01-03', '20:00:00', NULL, NULL, 0, 0, NULL, NULL, NULL, 'Nieuwjaarsreceptie', NULL, NULL),
(1070, '2015-03-05', '20:00:00', NULL, NULL, 0, 0, NULL, NULL, NULL, 'Geleide training om 21u (8 plaatsen vrij) en om 22u (7 plaatsen vrij)', NULL, '21,22,Geleide training om 21u ({vrij1} plaatsen vrij) en om 22u ({vrij2} plaatsen vrij)');

-- --------------------------------------------------------

--
-- Table structure for table `klassement`
--

CREATE TABLE IF NOT EXISTS `klassement` (
  `Code` varchar(5) NOT NULL DEFAULT '0',
  `WaardeVTTL` int(11) NOT NULL DEFAULT '0',
  `WaardeSporta` int(11) NOT NULL DEFAULT '0',
  PRIMARY KEY (`Code`)
) ENGINE=MyISAM DEFAULT CHARSET=latin1;

--
-- Dumping data for table `klassement`
--

INSERT INTO `klassement` (`Code`, `WaardeVTTL`, `WaardeSporta`) VALUES
('A', 18, 19),
('B0', 17, 18),
('B2', 16, 17),
('B4', 15, 16),
('B6', 14, 15),
('C0', 13, 14),
('C2', 12, 13),
('C4', 11, 12),
('C6', 10, 11),
('D0', 9, 10),
('D2', 8, 9),
('D4', 7, 8),
('D6', 6, 7),
('E0', 5, 6),
('E2', 4, 5),
('E4', 3, 4),
('E6', 2, 3),
('F', -1, 2),
('NG', 1, 1);

-- --------------------------------------------------------

--
-- Table structure for table `parameter`
--

CREATE TABLE IF NOT EXISTS `parameter` (
  `sleutel` varchar(20) NOT NULL DEFAULT '0',
  `value` varchar(255) NOT NULL DEFAULT '0',
  `omschrijving` varchar(255) DEFAULT NULL,
  PRIMARY KEY (`sleutel`)
) ENGINE=MyISAM DEFAULT CHARSET=latin1;

--
-- Dumping data for table `parameter`
--

INSERT INTO `parameter` (`sleutel`, `value`, `omschrijving`) VALUES
('stduur', '20:00', 'Standaard speeluur'),
('updated', '21/08/2015 09:35 van spelers door Wouter', 'Laatste update van de website'),
('kalold', '2', 'Aantal gepasseerde weken zichtbaar in kalender'),
('kalnew', '7', 'Aantal weken in de toekomst zichtbaar in kalender'),
('email', 'info@ttc-erembodegem.be', 'Email club'),
('jaar', '2015', 'Huidig speeljaar'),
('linkKaartVTTL', 'http://competitie.vttl.be/index.php?menu=6&sel=%s&result=1', 'Link kaart VTTL'),
('linkKaartSporta', 'http://tafeltennis.sporcrea.be/competitie/index.php?menu=6&sel=%s&result=1', 'Link kaart Sporta'),
('linkResVTTL', 'http://competitie.vttl.be/index.php?menu=4&season=%s&province=5&club_id=282&perteam=1&div_id=%s', 'Link resultaten ploeg VTTL'),
('linkRangVTTL', 'http://competitie.vttl.be/index.php?menu=5&season=%s&div_id=%s', 'Link rangschikking ploeg VTTL'),
('linkResSporta', 'http://tafeltennis.sporcrea.be/competitie/index.php?menu=4&season=%s&province=4&club_id=37&perteam=1&div_id=%s', 'Link resultaten ploeg Sporta'),
('linkRangSporta', 'http://tafeltennis.sporcrea.be/competitie/index.php?menu=5&season=%s&province=4&club_id=37&perteam=1&div_id=%s', 'Link rangschikking ploeg Sporta'),
('linkOpstellingVTTL', 'http://competitie.vttl.be/index.php?menu=3&tsel=1&sel_week=%s', 'Link ploegopstelling ploeg VTTL'),
('linkOpstellingSporta', 'http://tafeltennis.sporcrea.be/competitie/index.php?menu=3&province=4&club_id=37&perteam=1&tsel=1&sel_week=%s', 'Link ploegopstelling ploeg Sporta'),
('frenoy_password', 'rojila00', 'Paswoord voor synchronisatie met Frenoy'),
('frenoy_login', 'chipmonk', 'Login voor synchronisatie met Frenoy'),
('frenoy_wsdlUrlVTTL', 'http://api.vttl.be/0.7/?wsdl', 'Url voor synchronisatie met Frenoy (VTTL)'),
('frenoy_wsdlUrlSporta', 'http://tafeltennis.sporcrea.be/api/?wsdl', 'Url voor synchronisatie met Frenoy (Sporta)'),
('CLUBINFO_TRAINING', 'Dinsdag en donderdag vanaf 20u', 'Trainings dagen/tijdstippen'),
('CLUBINFO_COMPETITIE', 'Maandag, woensdag en vrijdag om 20u', 'Competitie dagen/tijdstippen'),
('CLUBINFO_VOLWASSENEN', '90 voor volwassenen', 'Lidgeld voor volwassenen'),
('CLUBINFO_MIN18JARIGE', '50 voor -18 jarigen', 'Lidgeld voor -18 jarigen'),
('training_personen', '8', 'Aantal personen dat kan meedoen aan geleide trainingen'),
('training_kaldesc', '21,22,Geleide training om 21u ({vrij1} plaatsen vrij) en om 22u ({vrij2} plaatsen vrij)', 'Default value voor geleide training in de admin sectie');

-- --------------------------------------------------------

--
-- Table structure for table `reeks`
--

CREATE TABLE IF NOT EXISTS `reeks` (
  `ID` int(10) unsigned NOT NULL AUTO_INCREMENT,
  `Competitie` varchar(10) NOT NULL DEFAULT '',
  `Reeks` varchar(20) NOT NULL DEFAULT '',
  `ReeksType` varchar(5) DEFAULT NULL,
  `ReeksCode` varchar(5) DEFAULT NULL,
  `Jaar` int(4) unsigned NOT NULL DEFAULT '0',
  `LinkID` varchar(20) NOT NULL DEFAULT '',
  PRIMARY KEY (`ID`)
) ENGINE=MyISAM  DEFAULT CHARSET=latin1 AUTO_INCREMENT=224 ;

--
-- Dumping data for table `reeks`
--

INSERT INTO `reeks` (`ID`, `Competitie`, `Reeks`, `ReeksType`, `ReeksCode`, `Jaar`, `LinkID`) VALUES
(167, 'VTTL', '2', 'Prov', 'A', 2010, '934_A'),
(169, 'VTTL', '3', 'Prov', 'B', 2010, '937_B'),
(170, 'VTTL', '4', 'Prov', 'B', 2010, '941_C'),
(171, 'VTTL', '5', 'Prov', 'D', 2010, '947_D'),
(172, 'Sporta', '2', 'Afd', 'A', 2010, '333_A'),
(173, 'Sporta', '3', 'Afd', 'B', 2010, '335_B'),
(174, 'Sporta', '4', 'Afd', 'B', 2010, '337_C'),
(177, 'Sporta', '4', 'Afd', 'A', 2010, '336_D'),
(178, 'VTTL', '2', 'Prov', 'A', 2011, '1119_A'),
(179, 'VTTL', '3', 'Prov', 'B', 2011, '1122_B'),
(180, 'VTTL', '4', 'Prov', 'C', 2011, '1127_C'),
(182, 'VTTL', '5', 'Prov', 'D', 2011, '1133_D'),
(183, 'Sporta', '2', 'Afd', 'B', 2011, '333_A'),
(184, 'Sporta', '3', 'Afd', 'B', 2011, '439_B'),
(185, 'Sporta', '4', 'Afd', 'B', 2011, '441_C'),
(186, 'VTTL', '2', 'Prov', 'A', 2012, '1284_A'),
(187, 'VTTL', '3', 'Prov', 'B', 2012, '1287_B'),
(188, 'VTTL', '4', 'Prov', 'C', 2012, '1292_C'),
(189, 'VTTL', '5', 'Prov', 'D', 2012, '1297_D'),
(190, 'VTTL', '5', 'Prov', 'C', 2012, '1296_E'),
(191, 'Sporta', '2', 'Afd', 'B', 2012, '544_A'),
(192, 'Sporta', '2', 'Afd', 'A', 2012, '543_B'),
(193, 'Sporta', '3', 'Afd', 'B', 2012, '546_C'),
(194, 'Sporta', '4', 'Afd', 'B', 2012, '548_D'),
(195, 'Sporta', '5', 'Afd', '', 2012, '549_E'),
(198, 'VTTL', '3', 'Prov', 'B', 2013, '1481_B'),
(197, 'VTTL', '1', 'Prov', 'B', 2013, '1284_A'),
(199, 'VTTL', '4', 'Prov', 'B', 2013, '1485_C'),
(200, 'VTTL', '5', 'Prov', 'D', 2013, '1491_D'),
(222, 'Sporta', '5', 'Afd', 'B', 2014, '731_E'),
(202, 'VTTL', '5', 'Prov', 'C', 2013, '1490_F'),
(203, 'Sporta', '1', 'Afd', '', 2013, '617_A'),
(204, 'Sporta', '2', 'Afd', 'B', 2013, '620_B'),
(205, 'Sporta', '3', 'Prov', 'B', 2013, '622_C'),
(206, 'Sporta', '4', 'Afd', 'B', 2013, '624_D'),
(207, 'Sporta', '4', 'Afd', 'A', 2013, '623_E'),
(208, 'Sporta', '5', 'Afd', '', 2013, '625_F'),
(209, 'VTTL', '1', 'Prov', 'B', 2014, '1668_A'),
(212, 'VTTL', '3', 'Prov', 'B', 2014, '1672_C'),
(211, 'VTTL', '2', 'Prov', 'A', 2014, '1669_B'),
(213, 'VTTL', '4', 'Prov', 'B', 2014, '1676_D'),
(214, 'VTTL', '5', 'Prov', 'B', 2014, '1680_E'),
(215, 'Sporta', '1', 'afd', '', 2014, '723_A'),
(217, 'Sporta', '2', 'Afd', 'B', 2014, '725_B'),
(218, 'Sporta', '3', 'Afd', 'B', 2014, '727_C'),
(219, 'Sporta', '4', 'Afd', 'B', 2014, '729_D'),
(223, 'Sporta', '5', 'Afd', 'B', 2014, '731_F');

-- --------------------------------------------------------

--
-- Table structure for table `speler`
--

CREATE TABLE IF NOT EXISTS `speler` (
  `ID` int(10) unsigned NOT NULL AUTO_INCREMENT,
  `Naam` varchar(50) NOT NULL DEFAULT '0',
  `LinkKaartVTTL` varchar(250) DEFAULT NULL,
  `KlassementVTTL` varchar(5) DEFAULT NULL,
  `KlassementSporta` varchar(5) DEFAULT NULL,
  `Stijl` varchar(50) DEFAULT NULL,
  `BesteSlag` varchar(200) DEFAULT NULL,
  `ComputerNummerVTTL` int(11) DEFAULT NULL,
  `Adres` varchar(250) DEFAULT NULL,
  `Gemeente` varchar(250) DEFAULT NULL,
  `GSM` varchar(20) DEFAULT NULL,
  `Email` varchar(250) DEFAULT NULL,
  `Paswoord` varchar(32) DEFAULT NULL,
  `ClubIdVTTL` int(10) unsigned DEFAULT NULL,
  `ClubIdSporta` int(10) unsigned DEFAULT NULL,
  `NaamKort` varchar(20) DEFAULT NULL,
  `VolgnummerVTTL` tinyint(3) unsigned DEFAULT NULL,
  `IndexVTTL` tinyint(3) unsigned DEFAULT NULL,
  `LidNummerSporta` int(11) DEFAULT NULL,
  `VolgnummerSporta` tinyint(3) unsigned DEFAULT NULL,
  `IndexSporta` tinyint(3) unsigned DEFAULT NULL,
  `Gestopt` int(4) unsigned DEFAULT NULL,
  `Toegang` tinyint(3) unsigned NOT NULL DEFAULT '0',
  `LinkKaartSporta` varchar(20) DEFAULT NULL,
  PRIMARY KEY (`ID`)
) ENGINE=MyISAM  DEFAULT CHARSET=latin1 AUTO_INCREMENT=92 ;

--
-- Dumping data for table `speler`
--

INSERT INTO `speler` (`ID`, `Naam`, `LinkKaartVTTL`, `KlassementVTTL`, `KlassementSporta`, `Stijl`, `BesteSlag`, `ComputerNummerVTTL`, `Adres`, `Gemeente`, `GSM`, `Email`, `Paswoord`, `ClubIdVTTL`, `ClubIdSporta`, `NaamKort`, `VolgnummerVTTL`, `IndexVTTL`, `LidNummerSporta`, `VolgnummerSporta`, `IndexSporta`, `Gestopt`, `Toegang`, `LinkKaartSporta`) VALUES
(1, 'Bontinck Jan', '8822', 'E2', 'D6', 'Aanvaller', 'Drive forehand', 504039, 'Kerkstraat 21  ', '9550 Herzele  ', '0473/94 38 63  ', 'jan.bontinck@gmail.com  ', 'ceab621fe8ae1e3b985e253c43de309e', 1, 1, 'Jan', 21, 24, 7767, 14, 16, NULL, 7, '2850'),
(2, 'De Deyn Patrick', '8823', 'D2', 'C6', 'Aanvaller', 'Afslaan met backhand', 503784, 'Waverstraat 131  ', '9310 Moorsel  ', '0496/64 83 60  ', 'patrick.dedeyn@hotmail.com', '2d001ed6c103bfce9ff110940df38323', 1, 1, 'Patrick', 10, 12, 8155, 6, 8, NULL, 1, '2934'),
(3, 'De Quick Thijs', '8824', '0', '0', 'Verdediger', 'Verdedigende slag met backhand', 504040, NULL, NULL, NULL, NULL, NULL, NULL, NULL, '', NULL, NULL, NULL, NULL, NULL, 2009, 0, '2984'),
(4, 'De Smedt Dirk', '8825', 'C4', 'C2', 'Verdediger', 'Opslag ;-)', 503785, 'Brusselsesteenweg 242  ', '9300 Aalst', '0495/24.94.20', 'dirk.desmedt@skynet.be', 'fefe4034668f2a7495245f3d2d9bfd04', 1, 1, 'Dirk DS.', 3, 4, 8303, 5, 5, NULL, 7, '2998'),
(5, 'De Vilder Gerdo', '8826', 'D0', '0', 'Verdediger', 'Verdedigende slagen', 504332, 'Koebosstraat 59  ', '9200 Appels  ', '0497/44 40 35  ', 'gerdodv@hotmail.com  ', '48fe4beccdfaf06819e2956e3a47b1b7', 1, NULL, 'Gerdo', 6, 9, NULL, NULL, NULL, NULL, 1, '3008'),
(6, 'De Baets Thierry', '8827', 'E6', 'F', 'Verdediger', 'Verdedigende slagen', 504122, 'Leuvestraat 100  ', '9320 Erembodegem  ', '0495/59 60 69  ', 'thierry.de-baets@schneider-electric.com  ', 'f7e987f370d857a4f0063ac60a9c8255', 1, 1, 'Thierry', 31, 36, 8080, 28, 33, NULL, 1, '2909'),
(7, 'Decroock Dimitri', '8828', 'D2', 'D0', 'Aanvaller', 'Topspin forehand', 504061, 'Guchtweg 4  ', '1790 Hekelgem  ', '0498/21 59 85  ', 'dimitri_de_croock@yahoo.com  ', '58e81ff2a960aae3cd8e225891a933c1', 1, 1, 'Dimitri', 11, 12, 8151, 10, 12, NULL, 7, '2933'),
(8, 'Eeckhout Jurgen', '8829', 'C6', '0', 'Aanvaller', 'Topspin forehand en backhand', 504060, 'Hof Ten Houte 3  ', '1785 Merchtem  ', '0472/46 09 94  ', 'jurgen.eeckhout@telenet.be  ', '5a70c28c677109c843670be7aea81d2f', 1, NULL, 'Jurgen E.', 5, 5, NULL, NULL, NULL, NULL, 1, '3060'),
(9, 'Elen Chiel', '8830', '0', '0', 'Aanvaller', 'Topspin forehand', 504147, NULL, NULL, NULL, NULL, NULL, NULL, NULL, '', NULL, NULL, NULL, NULL, NULL, 2009, 0, '3842'),
(10, 'Meert Lieven', '8831', '0', '0', 'All-rounder', 'Topspin backhand', 503532, NULL, NULL, NULL, NULL, NULL, NULL, NULL, '', NULL, NULL, NULL, NULL, NULL, 2009, 0, '3152'),
(11, 'Neckebroeck Etienne', '8832', 'E6', 'E6', 'All-rounder', 'Strategisch grootmeester', 504456, 'Leeuwerikenlaan 27  ', '9320 Erembodegem  ', '0486/49 01 33  ', 'etienne.neckebroeck@telenet.be  ', 'a71e9f02445d8c39fa0df2363980e2f5', 1, 1, 'Etienne', 33, 36, 9463, 23, 27, NULL, 1, '3176'),
(12, 'Roeland Geert', '8833', 'D2', 'D0', 'All round', 'Verdediging', 503883, 'Papeveld 21  ', '9320 Erembodegem  ', '0486/20 19 63  ', 'geert.roeland1@telenet.be  ', 'f13d0a444b52e9319d4d50a10949e11f', 1, 1, 'Geert', 12, 12, 9717, 11, 12, NULL, 1, '3212'),
(13, 'Sterckx Pascal', '3158', '0', '0', 'All-rounder', 'Topspin forehand en backhand', NULL, 'Brusselstraat 788  ', '1700 Dilbeek  ', '0476/20 42 71  ', 'pascal.sterckx@telenet.be  ', NULL, NULL, NULL, '', NULL, NULL, NULL, NULL, NULL, 2014, 0, '3240'),
(14, 'Tuypens Luc', '8834', 'E0', 'D6', 'Aanvaller', 'Forehand', 503786, 'Kleistraat 68  ', '9320 Erembodegem  ', '0468/31 10 53  ', 'lucpingpong@telenet.be  ', 'c61a524debc46627b1f46b99b5f8817a', 1, 1, 'Luc', 20, 20, 10098, 15, 16, NULL, 1, '3266'),
(15, 'Van Den Steen Gerrit', '13790', '0', '0', 'Aanvaller', 'Forehand', 510424, NULL, NULL, NULL, NULL, NULL, NULL, NULL, '', NULL, NULL, NULL, NULL, NULL, 2009, 0, NULL),
(16, 'Van Driessche Bart', '8835', 'D0', 'C6', 'All-rounder', 'Block', 503787, 'Hof ten Bergestraat 30', '9300 Aalst', '0494/54 70 53  ', 'bart.van.driessche2@telenet.be', 'f54146a3fc82ab17e5265695b23f646b', 1, 1, 'Bart', 7, 9, 10402, 7, 8, NULL, 7, '3342'),
(17, 'Van Keymeulen Dirk', '8836', 'E4', 'F', 'All-rounder', 'Verdedigende slag met backhand', 503551, 'Modderstraat 6B  ', '9402 Meerbeke  ', '0477/93 48 55  ', 'd.vankeymeulen@skynet.be', '9fabd44392cdb257c3ccd6a03526635c', 1, 1, 'Dirk K.', 29, 30, 10514, 32, 33, NULL, 7, '3369'),
(18, 'Van Ransbeeck Willy', '8837', '0', '0', 'Aanvaller', 'Aanval backhand met noppen', 504038, NULL, NULL, NULL, NULL, NULL, NULL, NULL, '', NULL, NULL, NULL, NULL, NULL, 2009, 0, '366'),
(19, 'Van Reckem Jean-Pierre', '8838', '0', '0', 'Aanvaller', 'Backhand', 504123, NULL, NULL, NULL, NULL, 'c6af7c9e715cf11a7ea46627cee009e8', NULL, NULL, '', NULL, NULL, NULL, NULL, NULL, 2012, 0, NULL),
(20, 'Van Schandevijl Wouter', '9944', 'D0', 'C6', 'Aanvaller', 'Forehand smash', 509241, 'Doolhofstraat 37', '9300 Aalst', '0476 40 35 02', 'laoujin@hotmail.com', '9003d1df22eb4d3820015070385194c8', 1, 1, 'Wouter', 9, 9, 10630, 8, 8, NULL, 7, '3397'),
(21, 'Van Schepdael Stefaan', '8842', '0', '0', 'All-rounder', 'Sheer perfection', NULL, NULL, NULL, NULL, NULL, NULL, NULL, NULL, '', NULL, NULL, NULL, NULL, NULL, 2009, 0, '3398'),
(22, 'Vereecken Arthur', '8839', 'E4', 'E6', 'Aanvaller', 'Forehand', 504059, 'd''uitseweg 55  ', '9320 Erembodegem  ', '0486/30 92 97  ', 'arthur.vereecken@telenet.be  ', '49827110271cb6cf397f30de9b55428b', 1, 1, 'Tuur', 30, 30, 10794, 26, 27, NULL, 1, '3431'),
(23, 'Wauters Louis', '8840', '0', '0', 'Aanvaller', 'Forehand', 503552, NULL, NULL, NULL, NULL, '42f2bd85a22b18065c00666976ae0d1f', NULL, NULL, '', NULL, NULL, 10978, NULL, NULL, 2012, 0, '3461'),
(24, 'Wauters Nancy', '', '0', '0', 'Aanvaller', 'Forehand', NULL, NULL, NULL, NULL, NULL, NULL, NULL, NULL, '', NULL, NULL, NULL, NULL, NULL, 2009, 0, NULL),
(25, 'Van der Schueren Klaas', '41890', '0', '0', 'Aanvaller', 'Topspin forehand', 514166, NULL, NULL, NULL, NULL, 'pa', NULL, NULL, '', NULL, NULL, NULL, NULL, NULL, 2012, 0, '4400'),
(26, 'Limbourg Jurgen', '7091', '0', '0', 'Aanvaller', 'Tafelspel', 504432, NULL, NULL, NULL, 'JLimbourg@Delhaize.be', '', NULL, NULL, '', NULL, NULL, 30933, NULL, NULL, 2010, 0, '3812'),
(27, 'Van der Schueren Marc', '45752', 'D6', 'D6', 'Aanvaller', 'Afslaan met backhand', 515038, 'Dendermondsesteenweg 144  ', '9300 Aalst  ', '0478/69 00 49  ', 'marcvanderschueren@skynet.be', 'd284b23ab5e313b5e4c69260cc691b1f', 1, 1, 'Marc', 19, 19, 39758, 16, 16, NULL, 0, '4821'),
(28, 'Jacobs Guy', '45853', 'E4', 'E2', 'All-rounder', 'onmogelijke returns via zwierslag', 515142, 'Ledebaan 136  ', '9300 Aalst  ', '0498/08 86 33  ', 'jacobsguy9@telenet.be', '0f8e464483cc78441986a7ef11d7d786', 1, 1, 'Guy', 26, 30, 8968, 21, 22, NULL, 1, '3109'),
(29, 'Overdenborger Martin', '45852', '0', 'F', 'Aanvaller', 'Afslaan met backhand', 515141, 'Halfbunder 6  ', '9420 Erpe  ', '0495/89 18 60  ', 'martin.overden@gmail.com', 'ff3670f430b790a2668c33b3996244ce', NULL, 1, 'Martin', NULL, NULL, 9521, 30, 33, NULL, 1, '3187'),
(30, 'Cornut Etienne', '54347', '0', 'NG', 'All-rounder', 'Contraspel', 517673, 'Diepestraat 78  ', '9300 Aalst  ', '0475/86 02 59  ', 'etienne.cornu@telenet,be  ', 'e2f2cf104c3b0a4752f09919b64253b5', NULL, 1, 'Etienne C.', NULL, NULL, 35929, 34, 36, NULL, 1, '4224'),
(33, 'Marissens Jurgen', '13423', '0', '0', 'Aanvaller', 'Tafelspel', 503988, NULL, NULL, NULL, NULL, '02f23b09fc3bda44dc1c9da2bcac37df', NULL, NULL, '', NULL, NULL, NULL, NULL, NULL, 2012, 0, '234'),
(31, 'Wauters Veerle', '42651', 'E2', 'E0', 'All-rounder', 'Tafelspel', 514383, 'Hageveld 14  ', '9320 Erembodegem  ', '0473/86 78 16  ', 'veerlew@hotmail.com  ', '6e7cc76f84f3b079982401ea58f23b27', 1, 1, 'Veerle', 24, 24, 36814, 18, 18, NULL, 1, '4476'),
(32, 'Kumps Stijn', '45753', '0', '0', 'Aanvaller', NULL, 515039, NULL, NULL, NULL, NULL, '3d4a42e96bcddd1678ebd0bfe6bdc218', NULL, NULL, '', NULL, NULL, NULL, NULL, NULL, 2012, 0, '201'),
(34, 'Citters Thomas', '47945', 'D4', '0', 'Aanvaller', 'Tafelspel', 515685, 'Stefan De Jonghestraat 13 bus 7', '9300 Aalst  ', '0497/55 66 31  ', 'thomas.citters@hotmail.com  ', NULL, 1, NULL, 'Thomas', 14, 18, NULL, NULL, NULL, NULL, 1, NULL),
(35, 'Goeman Peter', '3123', '0', '0', NULL, NULL, NULL, NULL, NULL, NULL, NULL, NULL, NULL, NULL, '', NULL, NULL, NULL, NULL, NULL, 2012, 0, NULL),
(36, 'Heyvaert Jorn', '31752', 'C4', 'C0', 'Aanvaller', '', 511726, 'Klaarstraat 36  ', '1745 Opwijk  ', '0476/36 28 66  ', 'jorn.heyvaert@telenet.be  ', '6b951ad46f60cc12a2ee1f4e7352e6e0', 1, 1, 'Jorn', 4, 4, 24484, 3, 3, NULL, 1, '3496'),
(75, 'Al Husein Sami', '3991', 'C4', 'C2', 'Aanvaller', 'Opslag', 505624, 'Geraardbergsestraat 198', '9300 Aalst', '0475/92 20 60', 'sami.algor@yahoo.com', NULL, 1, 1, 'Sami', 2, 4, 7562, 4, 5, NULL, 1, '10'),
(74, 'Paesmans Dries', '58038', 'E4', 'E0', 'Aanvaller', 'Forehand topspin', 519015, 'Waverstraat 40b', '9310 Moorsel', '0477 700613', 'D.Paesmans@llbg.com', 'b354f9c3f456284c86f1088a239ace7e', 1, 1, 'Dries', 28, 30, 45482, 17, 18, NULL, 7, '6525'),
(72, 'Petit Daniel', '54348', 'NG', 'F', 'Explosief', 'Smash', 517674, 'Schoolstraat 41A', '9320 Nieuwerkerken', '0477/ 30 25 05', 'daniel.petit@telenet.be', '0f0428df84f309d01f0f8ef14393c426', 1, 1, 'Daniel', 37, 38, 45067, 31, 33, NULL, 1, '6111'),
(71, 'Van Haver Myriam', '54344', '0', 'NG', 'All-rounder', 'Contraspel', 517670, 'Camille marchantplein 22', '9200 Sint Gillis Dendermonde', '0486/40 62 86', 'myriam.vanhaver@gmail.com', NULL, NULL, 1, 'Myriam', NULL, NULL, 45062, 36, 36, NULL, 1, '6106'),
(70, 'Taveirne Geert', NULL, '0', '0', '', NULL, NULL, 'Hertstraat 50', '9473 Welle', '0475/51 15 75', 'geert.taveirne@knauf.be', NULL, NULL, NULL, '', NULL, NULL, 45066, NULL, NULL, 2013, 0, '6110'),
(69, 'Wijmeersch Kevin', NULL, '0', '0', 'Aanvaller', NULL, NULL, 'Stationstraat 1 bus 5', '9450 Haaltert', '0497/31 14 12', 'kevin.wijmeersch@gmail.com', NULL, NULL, NULL, '', NULL, NULL, 30601, NULL, NULL, 2012, 0, '3800'),
(68, 'De Cuyper Jeroen', NULL, '0', '0', 'Aanvaller', 'Forehand topspin', NULL, 'Weldadigheidstraat 72', '3000 Leuven', '0479/48 09 11', 'jeroendecuyper@gmail.com', NULL, NULL, NULL, '', NULL, NULL, 33046, NULL, NULL, 2013, 0, '4035'),
(67, 'Merckx Jasper', NULL, '0', 'A', 'Aanvaller', NULL, NULL, 'Langehaagstraat 5', '9308 Gijzegem', '0494/32 34 86', 'merckxbuyle@skynet.be', NULL, NULL, 1, 'Jasper', NULL, NULL, 9339, 1, 1, NULL, 1, '3156'),
(66, 'Taveirne Finn', NULL, '0', '0', 'Aanvaller', 'Forehand smash', NULL, 'Hertstraat 50', '9473 Welle', '0471/53 62 96', 'finntaveirne@hotmail.com', NULL, NULL, NULL, 'Finn', NULL, NULL, 45064, NULL, NULL, 2015, 1, '6108'),
(65, 'Annaert Leo', '54346', 'E4', 'E2', 'Defensief Dasjterbal', 'Dasjterslag beneej met zwart / naar boven met rood', 517672, 'Gentsestraat 61 bus 2', '9300 Aalst', '0478/99 27 40', 'leo.annaert@telenet.be', 'f40d4d4527a70c1668a051c7e95e395e', 1, 1, 'Leo', 25, 30, 44661, 19, 22, NULL, 1, '5854'),
(64, 'Heyvaert Rudi', '31751', 'E6', 'F', 'Aanvaller', 'Backhand', 511725, 'Klaarstraat 36', '1745 Opwijk', '0477/35 72 72', 'rudi.heyvaert@telenet.be', 'cd3c3621a18bef2bcb2cc568833aa0a5', 1, 1, 'Rudi', 32, 36, 24485, 29, 33, NULL, 1, '3497'),
(63, 'Saeys Marnix', '45881', 'E6', 'E6', 'All-rounder', 'Sidespin surprises', 515170, 'Brusselbaan 243', '9320 Erembodegem', '0475/41 16 26', 'saeysmarnix@pandora.be', NULL, 1, 1, 'Marnix', 34, 36, 36115, 25, 27, NULL, 1, '4283'),
(62, 'Vereecken Peter', '31702', 'E6', 'E6', 'All-rounder', NULL, 511693, 'Italienweg 10 bus 2', '9320 Erembodegem', '0486/ 44 41 33', 'pvereecken@telenet.be', '0062a1c4000b63e9701966bd39852a19', 1, 1, 'Peter V', 35, 36, 31148, 27, 27, NULL, 1, '3852'),
(61, 'Neckebroeck Peter', '31691', 'E4', 'E6', 'All-rounder', 'Forehand smash', 511683, 'Erembodegem Dorp 47', '9320 Erembodegem', '0479/48 09 11', 'info@tkleinoffer.com', NULL, 1, 1, 'Peter N', 27, 30, 31149, 24, 27, NULL, 1, '3853'),
(58, 'Van Der Ween Jelle', '3961', 'D4', 'D0', 'All-rounder', 'Backhand drive', 505908, 'Peehoopstraat 88', '1770 Liedekerke', '0477/ 69 84 45', 'kindred@scarlet.be', '003074a9cc620ddea18577a387724be8', 1, 1, 'Jelle', 18, 18, 25199, 12, 12, NULL, 7, '3520'),
(59, 'Beeckman Dirk', '32112', 'D4', 'D0', 'Verdediger', 'Anti-Top', 512086, 'Kromme Elleboogstraat 34', '9320 Erembodegem', '0496/75 99 84', 'dbeeckman@telenet.be', '669912b1ae4199fd79a157b6ca284873', 1, 1, 'Dirk B', 13, 18, 28535, 9, 12, NULL, 1, '3612'),
(60, 'Neckebroeck Bart', '31703', '0', '0', '', NULL, 511694, 'Kortestraat 5', '9320 Erembodegem', '0479/49 01 33', 'bart@broadcastcollege.be', NULL, NULL, NULL, '', NULL, NULL, 28537, NULL, NULL, 2012, 0, '3614'),
(76, 'Brootcoorens Jurgen', NULL, '0', '0', NULL, NULL, 506155, NULL, NULL, NULL, NULL, NULL, NULL, NULL, '', NULL, NULL, 24477, NULL, NULL, 2013, 0, NULL),
(77, 'Vinck Tim', '31123', 'E6', 'F', 'All-rounder', 'Tafelspel', 511211, 'Sint Apolloniastraat 3', '9200 Appels', '0474/83 24 86', 'vinck.tim@hotmail.com', '12646d24ab8b73be64f48e68dab66b3a', 1, 1, 'Tim', 36, 36, 46029, 33, 33, NULL, 1, '6822'),
(78, 'Van Den Eeckhout Bart', '58505', '0', 'E2', 'Verdediger', 'Verdedigende slagen', 519162, 'Kruisstraat 10', '1761 Roosdaal', '0496/94 51 74', 'bartvdeeckhout@yahoo.com', '93b08ea2bcf450a81b73501b38209528', NULL, 1, 'Bart VDE', NULL, NULL, 46545, 22, 22, NULL, 1, NULL),
(79, 'Redant Hugo', '58506', 'D4', '0', 'Aanvaller', 'Forehand smash', 519183, 'Karel Van der Slotenstraat 130', '9308 Hofstade', '0474/50 26 09', 'huge.redant@telenet.be', NULL, 1, NULL, 'Hugo', 17, 18, NULL, NULL, NULL, NULL, 1, NULL),
(80, 'De Ketelbutter Arne', '31764', 'D4', '0', 'Aanvaller', 'Forehand topspin', 511737, 'Lange Nieuwstraat 88', '9420 Erpe-Mere', '0472/53 72 98', 'arne.deketelbutter@gmail.com', 'b354f9c3f456284c86f1088a239ace7e', 1, NULL, 'Arne', 15, 18, NULL, NULL, NULL, NULL, 1, NULL),
(81, 'De Smet Patrick', '62558', 'E2', 'E2', 'Aanvaller', '', 520662, 'Mespelarestraat 108 A', '9200 Mespelare', '0477/61 71 96', 'patrick.de.smet@telenet.be', 'b354f9c3f456284c86f1088a239ace7e', 1, 1, 'Patrick DS', 22, 24, 46537, 20, 22, NULL, 1, '7125'),
(82, 'Meesters Tim', '62637', '0', '0', 'Aanvaller', '', 520728, 'Noordstraat 38', '9300 Aalst', '0495/85 09 30', 'timmeestersaoe@hotmail.com', 'b354f9c3f456284c86f1088a239ace7e', NULL, NULL, 'Tim M', NULL, NULL, 9317, NULL, NULL, 2015, 1, '7262'),
(83, 'Neerinckx Laurens', '62557', 'D4', '0', 'Aanvaller', '', 520661, 'Gustaaf Papestraat', '9300 Aalst', '0498/63 99 62', 'laurens.neerinckx@gmail.com', 'b354f9c3f456284c86f1088a239ace7e', 1, NULL, 'Laurens', 16, 18, NULL, NULL, NULL, NULL, 1, NULL),
(84, 'Schelfthout Maarten', '2938', 'E2', 'D4', 'Under investigation...', 'Under investigation...', 505481, 'Stationsstraat 271', '1770 Liedekerke', '0496/08 33 54', 'maartenschelfthout@hotmail.com', '3cc9588796c29520f068926f2333c6ec', 1, 1, 'Maarten', 23, 24, 46671, 13, 13, NULL, 1, '7281'),
(85, 'Van Lieverloo Jens', '31699', 'D0', '0', '', '', 511690, 'Ottergem Perrestraat 27', '9420 Erpe-Mere', '0475/27 29 14', 'jens.van.lieverloo@telenet.be', 'b354f9c3f456284c86f1088a239ace7e', 1, NULL, 'Jens', 8, 9, 0, NULL, NULL, NULL, 0, ''),
(86, 'Alhabet Khamis', '59139', 'C0', 'C0', 'Aanvaller', '', 519472, 'Hertshage 1', '9300 Aalst', '0484/84 19 42', 'khamis69@hotmail.com', '0c4631459916d2b8df88ceff0fb65693', 1, 1, 'Kharmis', 1, 1, 46746, 2, 3, NULL, 1, '7357'),
(87, 'Janssens Wim', '', '0', 'NG', '', '', NULL, 'Molenveld 39', '9450 Haaltert', '0496/53 12 12', 'wimjanssens1973@telenet.be', 'e8d34bc1b46ce5f89cbdf70d6e19aaa2', NULL, 1, 'Wim', NULL, NULL, 46923, 35, 36, NULL, 1, '7407'),
(88, 'Vertongen Rudy', '', '0', '0', '', '', NULL, 'Potaardestraat 10', '1790 Affligem', '053/68 03 52', 'rudyvertongen@telenet.be', 'f525f189c402ccdd0a63937c0997c218', NULL, NULL, 'Rudy', NULL, NULL, NULL, NULL, NULL, 2015, 1, ''),
(89, 'Schelfthout Michiel', '66181', 'NG', '0', '', '', 522022, '', '', '', '', 'f2566f06073898a3e25f4a9b631aae0e', 1, NULL, 'Michiel', 38, 38, NULL, NULL, NULL, NULL, 1, ''),
(90, 'Goossens Robbe', '', '0', '0', '', '', NULL, 'Langhaagstraat 3', '1790 Affligem', '0468/12 46 37', 'robbe.goossens1@telenet.be', '98ab1f19f00cb6e81f84fab2199854f8', NULL, NULL, 'Robbe', NULL, NULL, NULL, NULL, NULL, NULL, 1, ''),
(91, 'Van Damme Ria', '', '0', '0', '', '', NULL, 'Brusselbaan 218', '9320 Erembodegem', '0485/59 45 61', 'riavandamme@telenet.be', '6b54c0dad1319bad193ab85fa52df5a5', NULL, NULL, 'Ria', NULL, NULL, NULL, NULL, NULL, NULL, 1, '');

-- --------------------------------------------------------

--
-- Table structure for table `spelerweek`
--

CREATE TABLE IF NOT EXISTS `spelerweek` (
  `ID` int(10) unsigned NOT NULL AUTO_INCREMENT,
  `SpelerID` int(10) unsigned NOT NULL DEFAULT '0',
  `Beschrijving` varchar(250) NOT NULL DEFAULT '',
  `Datum` date NOT NULL DEFAULT '0000-00-00',
  PRIMARY KEY (`ID`)
) ENGINE=MyISAM  DEFAULT CHARSET=latin1 AUTO_INCREMENT=2 ;

--
-- Dumping data for table `spelerweek`
--

INSERT INTO `spelerweek` (`ID`, `SpelerID`, `Beschrijving`, `Datum`) VALUES
(1, 11, 'Wegens de meeste weerstand leveren in EDB tegen ECB, en zijn matchke mee te pikken', '2007-03-05');

-- --------------------------------------------------------

--
-- Table structure for table `training`
--

CREATE TABLE IF NOT EXISTS `training` (
  `Id` int(11) NOT NULL AUTO_INCREMENT,
  `KalenderId` int(11) NOT NULL DEFAULT '0',
  `SpelerId` int(11) NOT NULL DEFAULT '0',
  `Uur` int(11) DEFAULT NULL,
  PRIMARY KEY (`Id`)
) ENGINE=MyISAM  DEFAULT CHARSET=latin1 COMMENT='kalender heeft GeleideTraining voor inschrijvingen geleide trainingen' AUTO_INCREMENT=3 ;

--
-- Dumping data for table `training`
--

INSERT INTO `training` (`Id`, `KalenderId`, `SpelerId`, `Uur`) VALUES
(2, 1070, 74, 22);

-- --------------------------------------------------------

--
-- Table structure for table `verslag`
--

CREATE TABLE IF NOT EXISTS `verslag` (
  `ID` int(10) unsigned NOT NULL AUTO_INCREMENT,
  `KalenderID` int(10) unsigned NOT NULL DEFAULT '0',
  `SpelerID` int(10) unsigned DEFAULT NULL,
  `Beschrijving` text,
  `UitslagThuis` tinyint(3) unsigned DEFAULT NULL,
  `UitslagUit` tinyint(3) unsigned DEFAULT NULL,
  `WO` tinyint(3) unsigned NOT NULL DEFAULT '0',
  `Details` tinyint(3) unsigned NOT NULL DEFAULT '0',
  PRIMARY KEY (`ID`)
) ENGINE=MyISAM  DEFAULT CHARSET=latin1 AUTO_INCREMENT=1001 ;

--
-- Dumping data for table `verslag`
--

INSERT INTO `verslag` (`ID`, `KalenderID`, `SpelerID`, `Beschrijving`, `UitslagThuis`, `UitslagUit`, `WO`, `Details`) VALUES
(1, 177, 1, NULL, 3, 7, 0, 0),
(2, 209, 1, NULL, 2, 8, 0, 0),
(3, 232, 1, NULL, 3, 7, 0, 0),
(4, 221, 1, NULL, 10, 0, 0, 0),
(5, 236, 1, NULL, 1, 9, 0, 0),
(6, 191, 1, NULL, 0, 10, 0, 0),
(7, 91, 1, NULL, 2, 14, 0, 0),
(8, 135, 1, NULL, 4, 12, 0, 0),
(9, 165, 1, NULL, 11, 5, 0, 0),
(10, 125, 1, NULL, 10, 6, 0, 0),
(11, 185, 1, NULL, 3, 7, 0, 0),
(12, 201, 1, NULL, 9, 1, 0, 0),
(13, 227, 1, NULL, 8, 2, 0, 0),
(14, 234, 1, NULL, 8, 2, 0, 0),
(15, 109, 1, NULL, 10, 6, 0, 0),
(39, 105, 4, '', 5, 11, 0, 1),
(17, 115, 1, NULL, 11, 5, 0, 0),
(18, 123, 1, NULL, 7, 9, 0, 0),
(19, 147, 1, NULL, 3, 13, 0, 0),
(20, 133, 1, NULL, 7, 9, 0, 0),
(21, 167, 1, NULL, 12, 4, 0, 0),
(22, 155, 1, NULL, 6, 10, 0, 0),
(23, 240, 1, NULL, 3, 7, 0, 0),
(24, 203, 1, NULL, 2, 8, 0, 0),
(25, 179, 1, NULL, 5, 5, 0, 0),
(26, 187, 1, NULL, 2, 8, 0, 0),
(27, 151, 1, NULL, 13, 3, 0, 0),
(28, 169, 1, NULL, 5, 11, 0, 0),
(29, 93, 1, NULL, 6, 10, 0, 0),
(30, 117, 1, NULL, 1, 15, 0, 0),
(37, 175, 20, 'Het eerste wedstrijdverslag :)', 6, 4, 0, 1),
(38, 193, 20, '', 6, 4, 0, 0),
(40, 211, 20, '', 2, 8, 0, 0),
(41, 101, 4, '', 5, 11, 0, 1),
(42, 113, 4, '', 12, 4, 0, 1),
(43, 246, 4, '', 6, 4, 0, 1),
(44, 183, 20, 'Een spannendere match dan de uitslag doet vermoeden waarbij Erembodegem de meeste zoniet alle belles uit de brand kon slepen.\n\nGeert, de man "uit vorm" wint 4 keer :)', 2, 8, 0, 1),
(45, 215, 20, '', 6, 4, 0, 0),
(46, 248, 20, '', 8, 2, 0, 0),
(47, 207, 20, '', 4, 6, 0, 0),
(48, 111, 16, '', 4, 12, 0, 1),
(49, 103, 16, '', 8, 8, 0, 1),
(50, 141, 16, '', 7, 9, 0, 0),
(51, 161, 4, '', 2, 14, 0, 1),
(58, 173, 20, '  ', 4, 6, 0, 1),
(63, 195, 4, '   ', 5, 5, 0, 1),
(59, 219, 20, '', 7, 3, 0, 0),
(61, 89, 4, '', 9, 7, 0, 0),
(62, 131, 4, '', 13, 3, 0, 0),
(64, 127, 16, '', 3, 13, 0, 0),
(65, 95, 4, '', 11, 5, 0, 0),
(66, 250, 20, '', 4, 6, 0, 0),
(67, 225, 20, '', 5, 5, 0, 0),
(68, 181, 20, '', 5, 5, 0, 0),
(70, 205, 16, '', 1, 9, 0, 0),
(71, 143, 25, 'Enorme thriller... Match bleef kampen tot 7-7... Dan won Gerdo vrij makkelijk en Jan in de belle!\n', 7, 9, 0, 1),
(72, 171, 4, '', 5, 11, 0, 0),
(73, 189, 20, '', 4, 6, 0, 0),
(74, 197, 20, '', 4, 6, 0, 0),
(76, 139, 25, '', 10, 6, 0, 0),
(77, 223, 20, '', 7, 3, 0, 0),
(78, 238, 20, '', 9, 1, 0, 0),
(79, 153, 20, '', 6, 10, 0, 0),
(80, 213, 25, '', 4, 6, 0, 0),
(81, 145, 25, '', 11, 5, 0, 0),
(82, 99, 20, '', 12, 4, 0, 0),
(83, 121, 20, '', 7, 9, 0, 0),
(84, 159, 4, '', 11, 5, 0, 0),
(85, 242, 4, '', 0, 10, 0, 0),
(86, 199, 4, '', 1, 9, 0, 0),
(87, 244, 25, '', 9, 1, 0, 0),
(88, 107, 20, '', 8, 8, 0, 0),
(89, 129, 20, '', 10, 6, 0, 0),
(90, 149, 4, '', 5, 11, 0, 0),
(91, 163, 4, '', 12, 4, 0, 0),
(92, 119, 20, '', 16, 0, 0, 0),
(93, 210, 20, '', 7, 3, 0, 0),
(94, 233, 20, '', 5, 5, 0, 0),
(95, 97, 20, '', 9, 7, 0, 0),
(96, 137, 20, '', 12, 4, 0, 0),
(97, 157, 20, '', 9, 7, 0, 0),
(98, 92, 20, '', 14, 2, 0, 0),
(99, 126, 20, '', 5, 11, 0, 0),
(100, 126, 20, '', 5, 11, 0, 0),
(107, 178, 20, '', 6, 4, 0, 0),
(102, 192, 20, '', 7, 3, 0, 0),
(103, 136, 4, '', 10, 6, 0, 0),
(104, 166, 4, '', 6, 10, 0, 0),
(106, 116, 20, '', 3, 13, 0, 0),
(108, 237, 4, '', 8, 2, 0, 0),
(109, 222, 4, '', 1, 9, 0, 0),
(110, 110, 4, '', 6, 10, 0, 0),
(111, 148, 4, '', 11, 5, 0, 0),
(112, 168, 4, '', 7, 9, 0, 0),
(113, 106, 20, '', 10, 6, 0, 0),
(114, 124, 20, '', 6, 10, 0, 0),
(116, 134, 4, '', 10, 6, 0, 0),
(117, 156, 4, '', 3, 13, 0, 0),
(118, 186, 4, '', 6, 4, 0, 0),
(119, 228, 4, '', 7, 3, 0, 0),
(120, 235, 4, '', 2, 8, 0, 0),
(121, 202, 4, '', 4, 6, 0, 0),
(122, 180, 4, '', 7, 3, 0, 0),
(123, 204, 4, '', 6, 4, 0, 0),
(124, 241, 4, '', 8, 2, 0, 0),
(125, 94, 4, '', 11, 5, 0, 0),
(126, 118, 4, '', 16, 0, 0, 0),
(127, 152, 4, '', 10, 6, 0, 0),
(128, 170, 4, '', 12, 4, 0, 0),
(129, 176, 20, '', 2, 8, 0, 0),
(130, 212, 20, '', 8, 2, 0, 0),
(131, 217, 20, '', 7, 3, 0, 0),
(132, 247, 20, '', 2, 8, 0, 0),
(133, 194, 20, '', 1, 9, 0, 0),
(134, 142, 4, '', 11, 5, 0, 0),
(135, 162, 4, '', 12, 4, 0, 0),
(136, 104, 4, '', 9, 7, 0, 0),
(137, 112, 4, '', 10, 6, 0, 0),
(138, 184, 4, '', 5, 5, 0, 0),
(139, 208, 4, '', 3, 7, 0, 0),
(140, 96, 4, '', 3, 13, 0, 0),
(141, 128, 4, '', 11, 5, 0, 0),
(142, 220, 4, '', 1, 9, 0, 0),
(143, 114, 4, '', 6, 10, 0, 0),
(144, 174, 4, '', 1, 9, 0, 0),
(145, 196, 4, '', 5, 5, 0, 0),
(146, 102, 4, '', 11, 5, 0, 0),
(147, 144, 4, '', 9, 7, 0, 0),
(148, 172, 4, '', 8, 8, 0, 0),
(149, 90, 4, '', 7, 9, 0, 0),
(150, 132, 20, '', 11, 5, 0, 0),
(151, 140, 4, '', 7, 9, 0, 0),
(152, 154, 4, '', 6, 10, 0, 0),
(153, 182, 20, '', 4, 6, 0, 0),
(154, 206, 20, '', 7, 3, 0, 0),
(155, 216, 20, '', 5, 5, 0, 0),
(156, 249, 20, '', 4, 6, 0, 0),
(157, 226, 4, '', 1, 9, 0, 0),
(158, 251, 4, '', 7, 3, 0, 0),
(159, 100, 4, '', 9, 7, 0, 0),
(160, 122, 4, '', 13, 3, 0, 0),
(161, 146, 4, '', 8, 8, 0, 0),
(162, 160, 4, '', 6, 10, 0, 0),
(163, 190, 4, '', 6, 4, 0, 0),
(164, 198, 4, '', 6, 4, 0, 0),
(165, 138, 4, '', 12, 4, 0, 0),
(166, 158, 4, '', 7, 9, 0, 0),
(167, 188, 4, '', 6, 4, 0, 0),
(168, 200, 4, '', 7, 3, 0, 0),
(169, 243, 4, '', 10, 0, 0, 0),
(170, 214, 4, '', 3, 7, 0, 0),
(171, 98, 4, '', 9, 7, 0, 0),
(172, 120, 4, '', 11, 5, 0, 0),
(173, 218, 4, '', 2, 8, 0, 0),
(174, 108, 4, '', 12, 4, 0, 0),
(175, 130, 4, '', 9, 7, 0, 0),
(176, 150, 4, '', 11, 5, 0, 0),
(177, 164, 4, '', 1, 15, 0, 0),
(178, 245, 4, '', 10, 0, 0, 0),
(179, 266, 20, '', 4, 12, 0, 0),
(180, 258, 20, '', 10, 6, 0, 0),
(181, 274, 20, '', 5, 11, 0, 0),
(182, 288, 20, '', 14, 2, 0, 0),
(183, 284, 20, '', 9, 7, 0, 0),
(184, 276, 20, '', 16, 0, 0, 0),
(185, 356, 20, '', 10, 6, 0, 0),
(186, 344, 20, '', 7, 9, 0, 0),
(187, 346, 20, '', 5, 11, 0, 0),
(188, 332, 20, '', 10, 6, 0, 0),
(189, 300, 20, '', 1, 15, 0, 0),
(193, 364, 20, '', 7, 3, 0, 0),
(191, 324, 20, '', 10, 6, 0, 0),
(194, 372, 20, '', 4, 6, 0, 0),
(195, 366, 20, '', 2, 8, 0, 0),
(196, 398, 20, '', 5, 5, 0, 0),
(197, 408, 20, '', 7, 3, 0, 0),
(199, 402, 20, '', 2, 8, 0, 0),
(200, 378, 20, '', 9, 1, 0, 0),
(201, 386, 20, '', 0, 10, 0, 0),
(202, 380, 20, '', 4, 6, 0, 0),
(203, 358, 20, '', 9, 1, 0, 0),
(204, 294, 20, '', 16, 0, 0, 0),
(205, 262, 20, '', 8, 8, 0, 0),
(206, 270, 20, '', 10, 6, 0, 0),
(207, 292, 20, '', 10, 6, 0, 0),
(208, 296, 20, '', 10, 6, 0, 0),
(209, 306, 20, '', 14, 2, 0, 0),
(210, 342, 20, '', 7, 9, 0, 0),
(211, 338, 20, '', 15, 1, 0, 0),
(212, 362, 20, '', 4, 6, 0, 0),
(213, 376, 20, '', 8, 2, 0, 0),
(214, 390, 20, '', 1, 9, 0, 0),
(215, 400, 20, '', 7, 3, 0, 0),
(216, 396, 20, '', 6, 4, 0, 0),
(218, 254, 4, '', 12, 4, 0, 0),
(219, 406, 4, '', 3, 7, 0, 0),
(220, 374, 4, '', 7, 3, 0, 0),
(221, 382, 4, '', 4, 6, 0, 0),
(224, 350, 4, '', 16, 0, 0, 0),
(223, 298, 4, '', 15, 1, 0, 0),
(225, 392, 25, '', 3, 7, 0, 0),
(226, 370, 20, '', 5, 5, 0, 0),
(227, 384, 20, '', 7, 3, 0, 0),
(228, 282, 20, '', 8, 8, 0, 0),
(229, 368, 4, '', 7, 3, 0, 0),
(230, 394, 4, '', 2, 8, 0, 0),
(231, 264, 4, '', 7, 9, 0, 0),
(232, 264, 4, '', 7, 9, 0, 0),
(233, 410, 4, '', 8, 2, 0, 0),
(234, 322, 4, '', 10, 6, 0, 0),
(235, 322, 4, '', 10, 6, 0, 0),
(236, 340, 4, '', 9, 7, 0, 0),
(237, 340, 4, '', 9, 7, 0, 0),
(238, 260, 4, '', 6, 10, 0, 0),
(239, 280, 4, '', 11, 5, 0, 0),
(240, 354, 4, '', 8, 8, 0, 0),
(241, 272, 20, '', 13, 3, 0, 0),
(242, 256, 20, '', 10, 6, 0, 0),
(243, 290, 20, '', 6, 10, 0, 0),
(244, 286, 20, '', 11, 5, 0, 0),
(245, 328, 20, '', 7, 9, 0, 0),
(246, 334, 20, '', 14, 2, 0, 0),
(247, 348, 20, '', 6, 10, 0, 0),
(248, 352, 20, '', 14, 2, 0, 0),
(249, 360, 20, '', 5, 5, 0, 0),
(250, 388, 20, '', 7, 3, 0, 0),
(251, 404, 20, '', 9, 1, 0, 0),
(252, 268, 4, '', 8, 8, 0, 0),
(253, 330, 4, '', 10, 6, 0, 0),
(254, 336, 4, '', 14, 2, 0, 0),
(255, 278, 4, 'de wedstrijd was wel denderleeuw thuis tegen erembodegem uit maar we wonnen wel met 6-10', 10, 6, 0, 1),
(256, 373, 4, '', 5, 5, 0, 0),
(257, 387, 4, '', 7, 3, 0, 0),
(258, 409, 4, '', 4, 6, 0, 0),
(259, 275, 4, '', 9, 7, 0, 0),
(260, 277, 4, '', 3, 13, 0, 0),
(261, 320, 4, '', 15, 1, 0, 0),
(262, 347, 4, '', 10, 6, 0, 0),
(263, 367, 4, '', 8, 2, 0, 0),
(264, 381, 4, '', 7, 3, 0, 0),
(265, 403, 4, '', 6, 4, 0, 0),
(266, 326, 4, '', 6, 10, 0, 0),
(267, 363, 4, '', 10, 0, 0, 0),
(268, 397, 4, '', 4, 6, 0, 0),
(269, 391, 4, '', 8, 2, 0, 0),
(270, 271, 4, '', 8, 8, 0, 0),
(271, 293, 4, '', 9, 7, 0, 0),
(272, 339, 4, '', 0, 16, 0, 0),
(273, 595, 20, '', 6, 4, 0, 0),
(274, 599, 20, '', 1, 9, 0, 0),
(275, 601, 20, '', 4, 6, 0, 0),
(276, 569, 20, '', 7, 3, 0, 0),
(278, 583, 20, '', 9, 0, 0, 0),
(279, 561, 20, '', 2, 8, 0, 0),
(280, 567, 20, '', 6, 4, 0, 0),
(281, 535, 20, '', 9, 1, 0, 0),
(282, 549, 20, '', 8, 2, 0, 0),
(283, 515, 20, '', 6, 4, 0, 0),
(284, 531, 20, '', 3, 7, 0, 0),
(285, 427, 20, '', 6, 10, 0, 0),
(286, 431, 20, '', 7, 9, 0, 0),
(287, 435, 20, '', 5, 11, 0, 0),
(288, 447, 20, '', 3, 13, 0, 0),
(289, 471, 20, '', 8, 8, 0, 0),
(294, 475, 20, '', 15, 1, 0, 0),
(291, 487, 20, '', 6, 10, 0, 0),
(292, 513, 20, '', 6, 10, 0, 0),
(293, 499, 20, '', 0, 16, 0, 0),
(296, 547, 20, '', 8, 2, 0, 0),
(297, 593, 20, '', 9, 1, 0, 0),
(298, 425, 20, '', 3, 13, 0, 0),
(299, 553, 20, '', 1, 9, 0, 0),
(312, 477, 20, '', 9, 7, 0, 0),
(301, 523, 20, '', 10, 0, 0, 0),
(302, 573, 20, '', 9, 1, 0, 0),
(303, 581, 20, '', 2, 8, 0, 0),
(304, 445, 20, '', 10, 6, 0, 0),
(305, 453, 20, '', 3, 13, 0, 0),
(306, 467, 20, '', 5, 11, 0, 0),
(307, 463, 20, '', 11, 5, 0, 0),
(308, 507, 20, '', 15, 1, 0, 0),
(309, 501, 20, '', 0, 16, 0, 0),
(310, 429, 20, '', 8, 8, 0, 0),
(311, 479, 20, '', 14, 2, 0, 0),
(313, 509, 20, '', 4, 12, 0, 0),
(314, 539, 20, '', 6, 4, 0, 0),
(315, 565, 20, '', 7, 3, 0, 0),
(316, 483, 20, '', 9, 7, 0, 0),
(317, 417, 20, '', 8, 8, 0, 0),
(318, 441, 20, '', 5, 11, 0, 0),
(319, 469, 20, '', 12, 4, 0, 0),
(320, 529, 20, '', 1, 9, 0, 0),
(321, 521, 20, '', 9, 1, 0, 0),
(322, 587, 20, '', 7, 3, 0, 0),
(323, 577, 20, '', 7, 3, 0, 0),
(324, 493, 20, '', 5, 11, 0, 0),
(325, 559, 20, '', 6, 4, 0, 0),
(326, 419, 20, '', 7, 9, 0, 0),
(327, 459, 20, '', 9, 7, 0, 0),
(328, 503, 20, '', 12, 4, 0, 0),
(329, 451, 20, '', 4, 12, 0, 0),
(330, 473, 20, '', 5, 11, 0, 0),
(331, 449, 20, '', 13, 3, 0, 0),
(332, 433, 20, '', 9, 7, 0, 0),
(333, 603, 20, '', 5, 5, 0, 0),
(334, 575, 20, '', 8, 2, 0, 0),
(335, 579, 20, '', 8, 2, 0, 0),
(336, 563, 20, '', 4, 6, 0, 0),
(337, 557, 20, '', 8, 2, 0, 0),
(338, 537, 20, '', 9, 1, 0, 0),
(339, 541, 20, '', 6, 4, 0, 0),
(340, 543, 20, '', 7, 3, 0, 0),
(341, 525, 20, '', 7, 3, 0, 0),
(342, 527, 20, '', 0, 10, 0, 0),
(343, 491, 20, '', 4, 12, 0, 0),
(344, 589, 20, '', 2, 8, 0, 0),
(345, 585, 20, '', 2, 8, 0, 0),
(355, 413, 20, '', 11, 5, 0, 0),
(347, 437, 20, '', 13, 3, 0, 0),
(348, 461, 20, '', 4, 12, 0, 0),
(349, 505, 20, '', 13, 3, 0, 0),
(350, 533, 20, '', 6, 4, 0, 0),
(351, 555, 20, '', 10, 0, 0, 0),
(352, 571, 20, '', 3, 7, 0, 0),
(353, 517, 20, '', 4, 6, 0, 0),
(356, 421, 20, '', 10, 6, 0, 0),
(357, 415, 20, '', 5, 11, 0, 0),
(358, 423, 20, '', 11, 5, 0, 0),
(359, 439, 20, '', 12, 4, 0, 0),
(360, 443, 20, '', 8, 8, 0, 0),
(361, 457, 20, '', 4, 12, 0, 0),
(362, 465, 20, '', 6, 10, 0, 0),
(363, 455, 20, '', 8, 8, 0, 0),
(364, 481, 20, '', 14, 2, 0, 0),
(365, 489, 20, '', 6, 10, 0, 0),
(366, 485, 20, '', 5, 11, 0, 0),
(367, 495, 20, '', 3, 13, 0, 0),
(368, 511, 20, '', 11, 5, 0, 0),
(369, 497, 20, '', 7, 9, 0, 0),
(370, 519, 20, '', 9, 1, 0, 0),
(371, 545, 20, '', 4, 6, 0, 0),
(372, 551, 20, '', 3, 7, 0, 0),
(373, 591, 20, '', 5, 5, 0, 0),
(374, 597, 20, '', 7, 3, 0, 0),
(375, 596, 4, '', 5, 5, 0, 0),
(376, 428, 4, '', 11, 5, 0, 0),
(377, 436, 4, '', 11, 5, 0, 0),
(378, 472, 4, '', 4, 12, 0, 0),
(379, 476, 4, '', 0, 16, 0, 0),
(380, 514, 4, '', 8, 8, 0, 0),
(381, 562, 4, '', 5, 5, 0, 0),
(382, 570, 4, '', 6, 4, 0, 0),
(383, 516, 4, '', 0, 10, 0, 0),
(384, 488, 4, '', 9, 7, 0, 0),
(385, 536, 4, '', 3, 7, 0, 0),
(386, 600, 4, '', 5, 5, 0, 0),
(387, 432, 4, '', 6, 10, 0, 0),
(388, 448, 4, '', 15, 1, 0, 0),
(389, 500, 4, '', 12, 4, 0, 0),
(390, 550, 4, '', 10, 0, 0, 0),
(394, 584, 4, '', 5, 5, 0, 0),
(392, 568, 4, '', 8, 2, 0, 0),
(393, 532, 4, '', 9, 1, 0, 0),
(395, 602, 4, '', 9, 1, 0, 0),
(396, 426, 4, '', 11, 5, 0, 0),
(397, 446, 4, '', 6, 10, 0, 0),
(398, 468, 4, '', 10, 6, 0, 0),
(399, 478, 4, '', 7, 9, 0, 0),
(400, 508, 4, '', 0, 16, 0, 0),
(401, 524, 4, '', 3, 7, 0, 0),
(402, 548, 4, '', 6, 4, 0, 0),
(403, 554, 4, '', 5, 5, 0, 0),
(404, 574, 4, '', 0, 10, 0, 0),
(405, 464, 4, '', 12, 4, 0, 0),
(406, 502, 4, '', 12, 4, 0, 0),
(407, 594, 4, '', 3, 7, 0, 0),
(408, 480, 4, '', 4, 12, 0, 0),
(409, 430, 4, '', 10, 6, 0, 0),
(410, 454, 4, '', 13, 3, 0, 0),
(411, 540, 4, '', 4, 6, 0, 0),
(412, 566, 4, '', 5, 5, 0, 0),
(413, 582, 4, '', 8, 2, 0, 0),
(414, 588, 4, '', 6, 4, 0, 0),
(415, 530, 4, '', 6, 4, 0, 0),
(416, 560, 4, '', 3, 7, 0, 0),
(417, 578, 4, '', 6, 4, 0, 0),
(418, 522, 4, '', 1, 9, 0, 0),
(419, 538, 4, '', 6, 4, 0, 0),
(420, 442, 4, '', 10, 6, 0, 0),
(421, 418, 4, '', 10, 6, 0, 0),
(422, 470, 4, '', 9, 7, 0, 0),
(423, 510, 4, '', 14, 2, 0, 0),
(424, 484, 4, '', 11, 5, 0, 0),
(425, 526, 4, '', 0, 10, 0, 0),
(426, 542, 4, '', 4, 6, 0, 0),
(427, 564, 4, '', 6, 4, 0, 0),
(428, 576, 4, '', 4, 6, 0, 0),
(429, 420, 4, '', 15, 1, 0, 0),
(430, 452, 4, '', 12, 4, 0, 0),
(431, 460, 4, '', 5, 11, 0, 0),
(432, 544, 4, '', 4, 6, 0, 0),
(433, 604, 4, '', 3, 7, 0, 0),
(434, 504, 4, '', 11, 5, 0, 0),
(435, 580, 4, '', 1, 9, 0, 0),
(436, 590, 4, '', 5, 5, 0, 0),
(437, 528, 4, '', 10, 0, 0, 0),
(438, 558, 4, '', 2, 8, 0, 0),
(439, 434, 4, '', 10, 6, 0, 0),
(440, 474, 4, '', 4, 12, 0, 0),
(441, 494, 4, '', 13, 3, 0, 0),
(442, 534, 4, '', 6, 4, 0, 0),
(443, 450, 4, '', 6, 10, 0, 0),
(444, 586, 4, '', 7, 3, 0, 0),
(445, 556, 4, '', 4, 6, 0, 0),
(446, 518, 4, '', 4, 6, 0, 0),
(447, 414, 4, '', 6, 10, 0, 0),
(448, 438, 4, '', 6, 10, 0, 0),
(449, 462, 4, '', 10, 6, 0, 0),
(450, 492, 4, '', 14, 2, 0, 0),
(451, 506, 4, '', 9, 7, 0, 0),
(452, 496, 74, 'Uitwedstrijd tegen de nr 4 van de reeks, Flyer D. Echter een meer diepgaande voorbeschouwing laat blijken dat deze ploeg toch sterker is (de eerste jaarhelft niet met hun vaste E4/E4/E6/E6 ploeg kunnen spelen...). Flyer D stond dus met hun sterkste elftal klaar, ze maken immers nog kans om over te gaan dit seizoen... Langs onze kant lieten we niets aan het toeval over: Obi Wan Jorn Heyvaert was meegereisd om de nodige tactische ingrepen te kunnen doorvoeren en Thomas kon weer rekenen op zijn eigen team van mental coaches & verzorgers.\n\nHet verdict (15 - 1) klinkt zwaarder dan de realiteit. Kopman Thomas had het moeilijk tegen de twee E6 spelers. Na de wedstrijd via intieme bron echter vernomen dat de ene vroeger nog een C6 ranking had en de andere quasi geen enkele match verloren heeft dit jaar. De felblauwe tafels en de 500w spots langs zij maakten het er ook niet makkelijker op... In de tweede wedstrijdhelft kwam Thomas onder stoom en maakte de eerredder tegen de ene E4 en verloor nipt na een spannende belle van de andere. Van de andere matchen was Leo nog het dichtste bij een tweede punt. Met zijn gekende strategie liep hij al snel 2-0 uit tegen E4 nr2. Om een of andere onduidelijke reden zag ie echter net op tijd in hoe hij het wedstrijdje "dasjterbal" naar zijn hand kon zetten...Jammer want hier was Leo zeer dicht bij een overwinning. De matchen van Rudi & Dries mogen dan wel 8 verloren wedstrijden geven als resultaat, maar we speelden goed mee, wonnen hier en daar een setje en maakten de tegenstander knap lastig bij momenten. Naast de typische Rudi mokerslagen via backhand, kan ie meer en meer rekenen op zijn sterke forehand spin. Ver van tafel vertrekkend komen deze slagen hard aan met veel effect. Vooral E4 nr 1 had het er zeer lastig mee...\n\n15 - 1, de uitslag klinkt hard maar we hebben allen goed gespeeld. Geef ons nog een jaartje en we pakken hier een puntje misschien :-)', 15, 1, 0, 1),
(531, 802, 20, 'O la .. we kunnen terug onze verslagen beginnen ingeven op onze site... \n\nVandaag een moeilijke match tegen Leej C, met een E2 en 2 sterke E6''en ... Marnix was onze first man van dienst en heeft zich van zijn beste kan laten zien. 1 match gewonnen en sterk meegespeeld tegen de E2 van Leej. Rudi heeft een aantal sterke sets gespeeld amar deze keer geen match kunnen binnenhalen .. Dries 1 match gewonnen en 2 de boot in. 2 - 8 een harde uitslag maar het verschil was mss iets kleiner. \n\nvolgende keer 3 punten ...', 2, 8, 0, 1),
(523, 623, 20, '', 2, 14, 0, 0),
(457, 703, 74, '', 12, 4, 0, 0),
(458, 615, 74, '', 5, 11, 0, 0),
(459, 637, 74, '', 6, 10, 0, 0),
(460, 677, 74, '', 8, 8, 0, 0),
(461, 621, 74, '', 5, 11, 0, 0),
(462, 645, 74, '', 6, 10, 0, 0),
(463, 683, 74, '', 4, 12, 0, 0),
(464, 705, 74, '', 2, 14, 0, 0),
(465, 709, 74, '', 10, 6, 0, 0),
(466, 710, 74, '', 8, 8, 0, 0),
(467, 711, 74, '', 1, 15, 0, 0),
(491, 730, 74, '', 5, 5, 0, 0),
(469, 687, 74, '', 2, 14, 0, 0),
(470, 691, 74, '', 14, 2, 0, 0),
(471, 701, 74, '', 3, 13, 0, 0),
(475, 685, 74, '', 16, 0, 0, 0),
(474, 675, 74, '', NULL, NULL, 1, 0),
(476, 667, 74, '', 3, 13, 0, 0),
(477, 669, 74, '', 6, 10, 0, 0),
(478, 661, 74, '', 14, 2, 0, 0),
(479, 649, 74, '', 0, 16, 0, 0),
(480, 651, 74, '', 1, 15, 0, 0),
(481, 657, 74, '', 10, 6, 0, 0),
(482, 635, 74, '', 10, 6, 0, 0),
(483, 629, 74, '', 6, 10, 0, 0),
(484, 643, 74, '', 8, 8, 0, 0),
(485, 639, 74, '', 4, 12, 0, 0),
(486, 617, 74, '', 4, 12, 0, 0),
(487, 625, 74, '', NULL, NULL, 1, 0),
(488, 613, 74, '', 6, 10, 0, 0),
(492, 736, 74, '', 9, 1, 0, 0),
(520, 712, 20, '', 9, 7, 0, 0),
(493, 740, 74, '', 5, 5, 0, 0),
(494, 726, 74, '', 7, 3, 0, 0),
(495, 744, 74, '', 0, 10, 0, 0),
(496, 746, 74, '', 8, 2, 0, 0),
(497, 750, 74, '', 9, 1, 0, 0),
(498, 760, 74, '', 2, 8, 0, 0),
(499, 762, 74, '', 4, 6, 0, 0),
(500, 774, 74, '', 7, 3, 0, 0),
(501, 772, 74, '', 8, 2, 0, 0),
(502, 778, 74, '', 5, 5, 0, 0),
(503, 780, 74, '', 10, 0, 0, 0),
(504, 794, 74, '', 6, 4, 0, 0),
(505, 790, 74, '', 4, 6, 0, 0),
(507, 796, 74, '', 3, 7, 0, 0),
(508, 798, 74, '', 8, 2, 0, 0),
(509, 800, 74, '', 2, 8, 0, 0),
(510, 806, 74, '', 7, 3, 0, 0),
(518, 659, 74, '', 3, 13, 0, 0),
(513, 824, 74, '', 2, 8, 0, 0),
(514, 814, 74, '', 4, 6, 0, 0),
(515, 822, 74, '', 6, 4, 0, 0),
(516, 828, 74, '', 1, 9, 0, 0),
(517, 826, 74, '', 7, 3, 0, 0),
(519, 734, 74, '', NULL, NULL, 1, 0),
(521, 758, 74, '', 4, 6, 0, 0),
(522, 786, 74, '', 8, 2, 0, 0),
(532, 816, 4, '', 0, 10, 0, 0),
(533, 776, 4, '', 4, 6, 0, 0),
(538, 768, 74, 'Bart blijft ongeslagen in zowel 2de als 3de provinciale... Beginnersgeluk of is ie echt in de vorm van zijn leven?', 5, 5, 0, 1),
(537, 782, 74, '', 5, 5, 0, 0),
(536, 808, 74, '', 2, 8, 0, 0),
(539, 689, 74, '', 11, 5, 0, 0),
(540, 748, 74, '', 5, 5, 0, 0),
(541, 832, 74, '', 9, 1, 0, 0),
(550, 713, 20, '', 16, 0, 0, 0),
(556, 732, 36, '', 5, 5, 0, 0),
(544, 627, 20, '', 6, 10, 0, 0),
(545, 673, 20, '', 13, 3, 0, 0),
(553, 663, 58, '', 14, 2, 0, 0),
(555, 619, 36, '', 9, 7, 0, 0),
(557, 784, 74, 'De martin heeft zijn verantwoordelijkheid opgenomen als eerste man. We gaan hem vaker moeten opstellen als eerste man :-)...', 2, 8, 0, 1),
(562, 804, 74, 'Bij het vertek aan de lokalen had ik al een voorgevoel, vandaag gaan we onze eerste punten pakken en de rode lantaarn aan stekene doorgeven...Dit optimisme werd in de auto onderweg met enige sceptis ontvangen, maar een buikgevoel mag je nooit negeren... Speciaal met de leo wat opwarmen een uurke op voorhand. Ideale sparring partner om het kanon goed af te stellen :-)... De match begon pas om 20:30. Na de eerste spelronde 1-1: Gewonnentegen een zeer explosieve jonge snaak E6 ( tactiek was simpel : zien da ge voorstaat om hem gefrustreerd te maken). Anderzijds moest thierry de duimen leggen tegen een stevige E4. Vervolgens de doorbraak: rudi speelde super tegen de eerste man (E2) met zijn gekende backhand mokerslagen. Heb de match niet in detail kunnen volgen (moest scheidsrechteren in een andere trhiller van formaat), maar vanuit mijn ooghoeken zagen we soms flitsen van heerlijke backhand killers... Thierry speelde ook super tegen de E6. Blijven backhand spelen en hem frustreren.... Gewonnen in de belle met-17-15. Well done Thierry!! Toen wist ik het, hier pakken we 3 punten. 3-1 voor dus de rode loper lag open... De dubbel gewonnen met rudi (een 9-4 nog omgebogen in 9-11 :-)) en vervolgens eigen winst tegen E2. 1 punt binnen... Rudi bleef sterk spelen de ganse avonden maakte het netjes af tegen quinten, de E6 die na deze match direct zijn biezen pakte en naar huis ging... 4-6 winst en de eerste stap gezet richting behoud... Nu ene drinken aan de lokalen :-), en dat op een maandag :-(', 4, 6, 0, 1),
(559, 764, 74, '', 4, 6, 0, 0),
(566, 752, 58, 'Makkelijke overwinning waardoor de 2e plaats verstevigd wordt.\n\nPatrick en Jelle verliezen van een supergemotiveerde Mario, maar Geert speelt zijn ervaring uit en bestempelt elk gewonnen punt van Mario als een str**tbal waardoor die geen punt meer durft te maken :D\n\nKurt en Jo hadden zich de verre verplaatsing kunnen besparen en gaan driemaal kansloos ten order.\n\nHet dubbelspel wordt vooral gewonnen door een tactische zet van coach Jelle: hij laat namelijk Geert en Patrick spelen.', 8, 2, 0, 1),
(565, 653, 27, 'Op Sint-Maarten een wedstrijd spelen in Schendelbeke,wie bedenkt het in godsnaam ???\nDus in plaats van ''s morgens te gaan mountainbiken in Aspelare, geen risico op blessures maar platte rust want wij mochten geen punten verliezen bij zo''n ploegen.\n\nOnze mental coach, Dirk Beeckman, was ook van de partij: met wat pakjes chips met pickles trachtte hij Veerle aan te moedigen. De eerste 2 partijen moest ze de duimen leggen, maar de volgende twee partijen werden de tegenstanders van het kastje naar de muur gespeeld (niet zo moeilijk in het zaaltje van het Buurthuis). Vol ongeloof schudde de tegenpartij van "neen"...\n\nIk moest toch, als enige, een belle spelen. Maar gelukkig behoud ik mijn 100%: 6 op 6 belles... Bij Bart en Hugo, geen probleem en dus vlotte overwinningen.\n\nAl bij al, een makkelijke uitwedstrijd. Bij het verlaten van het lokaal maakten Bart, Hugo en ik het klassieke "Erpe-Mere"-gebaar... (inside joke en voor meer uitleg: Veerle of Dirk)', 2, 14, 0, 1),
(571, 714, 27, '', 15, 1, 0, 0),
(568, 820, 74, '', 7, 3, 0, 0),
(576, 728, 16, '', 6, 4, 0, 0),
(572, 699, 27, '', 11, 5, 0, 0),
(577, 641, 16, 'Meteor kwam naar Erembodegem afgezakt met 3 spelers, daar ze toch dachten dat zij niets konden oogsten in Erembodegem.\nEn niets was minder waar, met een klinkende overwinning tot gevolg\nBehalve 1 keer winst en 3 verloren belle''s van de bezoekers konden zij ons niet verontrusten.\n\n', 15, 1, 0, 1),
(574, 609, 16, '', 6, 10, 0, 0),
(581, 792, 62, '', 7, 3, 0, 0),
(582, 810, 62, '', 3, 7, 0, 0),
(594, 766, 27, 'Met een vertimmerde ploeg trokken wij naar de serres van Lebbeke. \nVoor Guy zat het deze avond niet mee: goed aanklampen maar toch geen wedstrijd naar zijn hand weten zetten. \nLuc verloor de eerste 2 partijen in de belle, Marc won zijn eerste 2 wedstrijden vrij vlot en beiden wonnen zij opnieuw de dubbel... Inderdaad Luc en Marc hebben nog geen enkele dubbel verloren - ok ze hebben ook nog niet dikwijls met mekaar gespeeld, maar toch... Het stond op dat moment 4-3.\nLuc kon zijn laatste partij winnen van Freddy (n van de eerste keren trouwens) en Marc moest bij een 5-4 stand proberen een gelijkspel uit de brand te slepen. Jammerlijk genoeg lukte dat niet: 3-1 verlies en net als de Rode Duivels met 0 punten terug naar huis...\n', 6, 4, 0, 1),
(606, 742, 4, '', 8, 2, 0, 0),
(604, 756, 58, 'Geert gaf uit sympathie een matchke weg om de tegenstand niet te vernederen. Voor de rest een vlotte overwinning en een consolidatie van de 2e plek.\n\nOpmerkelijk: Gerdo deed niet mee bij Teneramonda, maar kwam wel in volledige outfit, met wedstrijdtruitje, training, sportzak en pallet opdagen.... Sommige mensen zijn echt creatief om thuis eens te ontsnappen :D ', 2, 8, 0, 1),
(603, 818, 74, 'Na Leej B en C dit seizoen al eens bekampt te hebben, deze keer tijd voor Leej D... Ze kwamen helaas maar met 2 man opdagen ipv 3, dus al 3 in de pocket nog voor we startten...\n\nKapitein Daniel-San was er deze keer niet bij dus mocht ik hem ad interim vervangen in de Sporta F. Tim droeg deze keer de zware taak om de kapiteinsrol op te nemen...\n\nEerste match won Tim met 2 vingers in de neus tegen Marc. Ondertussen was Etienne alles aan het geven tegen Paul de meerleer. Mooi ping pong van Etienne: rustig spel, voldoende kappen om het tikkie takkie spel te breken en af en toe uithalen. Resultaat 3-1 en de eerste F verslagen door Etienne, well done! Nog voor ik maar een bal moest slaan dus al 5-0 voor en al een punt binnen. Hierna ging het snel: Tim, in vorm de laatste tijd, won opnieuw met 3-0 tegen Paul en ik kon Marc verslaan met iets meer moeite... 7-0 ... Ook de 2de wedstrijd wonnen Etienne en ik opnieuw met 3-1. De dubbel met Etienne was een formaliteit en opnieuw 3 -1 winst.\n\n10 - 0 een mooi resultaat. Hierna terug verbroederen met de mannen van Leej, wnat het zijn wel toffe gasten...', 10, 0, 0, 1),
(605, 697, 74, '', 4, 12, 0, 0),
(607, 715, 74, '', 9, 7, 0, 0),
(608, 671, 74, '', 16, 0, 0, 0),
(611, 647, 58, 'Makkelijke overwinning tegen de laatste in de stand, ondanks dat we met een invaller, Geert R., moesten aantreden. Ondanks de stress, heeft die dat zeer goed gedaan! :p\n\nWegens de bye van st niklaas en het verlies van zomergem tegen st pauwels, staan we alleen leider!!!!', 16, 0, 0, 1),
(612, 607, 4, '', 15, 1, 0, 0),
(613, 754, 16, 'Met de rode lantaarn op bezoek dachten we niet aan puntenverlies,Smash langs hun kant had hier wel een andere mening over.\nEn toch gezien de sterkte van de tegenstander zetten we een sterk resultaat neer met als echte uitschieter Patrick die zowel de eerste man als de 2 man het nakijken gaf.\nGeert stunt ook tegen de eerste man die niet zijn beste avond beleefde.\nBart daarentegen, ja? die speelde verdienstelijk maar amuseerde zich ook.\nAl bij al zeer sportieve wedstrijden met een terechte winaar en lekkere boterhammekes', 4, 6, 0, 1),
(614, 693, 74, '', 8, 8, 0, 0),
(615, 788, 74, '', 4, 6, 0, 0),
(616, 812, 74, '', 8, 2, 0, 0),
(617, 738, 20, '', 3, 7, 0, 0),
(618, 633, 16, 'Klinkende overwinning tegen weliswaar een verzwakte tegenstander.', 15, 1, 0, 1),
(621, 655, 27, 'De leidersplaats stond op het spel in Sint-Niklaas: onze tegenstanders hadden tot hiertoe enkel een puntje laten liggen tegen Zomergem, de andere titelkandidaat... Een vrij jonge ploeg trouwens, maar ze maakten tijdens de opwarming indruk met hun aanvallend spel.\nToch ging het verrassend vlot naar 1-5 en begonnen wij al wat te dromen. Bart en Hugo hadden het echter verrassend moeilijk in hun volgende 2 matchen. Gelukkig werd het 4-6, want op een bepaald moment zat er een 5-5 stand in... Hugo was ondertussen al een zool van zijn schoen kwijt geraakt: deze schoen kan hij enkel nog gebruiken om een wortel voor het paard van de Sint klaar te zetten en te hopen dat de goede Sint hem een nieuw paar brengt...\nJelle en Marc konden hun 3de match winnen en het eerste punt was binnen. Bart won uiteindelijk zijn laatste match waardoor de negende overwinning een feit was. Marc legde met zijn vierde winnende match de eindcijfers vast: 6-10!\nZoals Dirk, onze trouwe supporter voorspeld had aan Jelle, werd deze laatste bij het verlaten van de zaal getrakteerd op de "Erpe-Mere move", opnieuw schitterend uitgevoerd door Bart, Hugo en Marc \n\nEn nu Zomergem...', 6, 10, 0, 1),
(622, 679, 58, '', 3, 13, 0, 0),
(623, 770, 74, '', 8, 2, 0, 0),
(624, 611, 74, '', 2, 14, 0, 0),
(625, 716, 74, '', 8, 8, 0, 0),
(626, 830, 74, '', 5, 5, 0, 0),
(627, 695, 74, '', 6, 10, 0, 0),
(629, 665, 27, 'Om de D-ploeg te versterken, kwamen wij met een onuitgegeven team aan de start. Versterkt door Bart en Jan, sinds lang ook nog eens van de partij. Wat een spannende avond zou moeten worden, werd een wedstrijd zonder verhaal... Zomergem, tweede in de stand, kwam slechts met 3 spelers naar Erembodegem. Van een wedstrijd was er geen sprake - voor sommigen onder ons was het eerder een wedstrijd tegen zichzelf...\nZonder een wedstrijd te verliezen staan we nu autoritair leider. Hopelijk kunnen wij na de kerstvakantie Dirk recupereren - hij is in elk geval gestart met de training...\n\nDe C-ploeg wenst de lezers van dit verslag alvast fijne eindejaarsdagen toe!\n', 13, 3, 0, 1),
(630, 681, 74, '', 11, 5, 0, 0),
(631, 605, 74, '', 8, 8, 0, 0),
(639, 720, 74, '', 12, 4, 0, 0),
(634, 631, 27, '', 6, 10, 0, 0),
(641, 636, 16, 'Een omschrijving : De hel van Lede, en dan hebben we het niet over onze tegenstanders, maar over de Volleybal die er tegelijkertijd speelt en lawaai maakt\nvoor zot.\nWel een geluk dat dit zowel voor onze tegenstanders en onszelf even storend was.\nWel leuke en sportieve matchen met als hoogtepunt onze Patrick die Gunther na een spannende 5 setter het nakijken gaf.\n', 5, 11, 0, 1),
(642, 688, 17, 'leuke wedstrijd met overdreven cijfers', 16, 0, 0, 1),
(643, 650, 27, 'De eerste wedstrijd van de terugronde zit erop.\n\nEen versterkt Lede was naar Erembodegem afgezakt om de 0-16 nederlaag van de heenronde te doen vergeten. Bij ons moest Luc wel in laatste instantie afhaken: tendinitis aan de elleboog - sinds hij op pensioen is moet hij meer werken dan bij NMBS :-)Daardoor kwam Dirk, veel sneller dan voorzien na zijn operatie, terug in de ploeg.\n\nDe partij werd winnend afgesloten maar spannender dan wat de uitslag laat vermoeden want er werden 7 belles gespeeld, waarvan wij er 6 wonnen! Marc kwam in zijn derde match tegen Gilbert terug uit een verloren positie: 0-2 in de sets en in de derde set 6-10 achterstaan en de partij uiteindelijk winnen met 3-2... Lede werd er op den duur moedeloos van want in de heenronde hadden wij ook 8 belles gesppeeld en ze allemaal gewonnen...', 12, 4, 0, 1),
(644, 618, 4, '', 12, 4, 0, 0),
(645, 676, 4, '', 15, 1, 0, 0),
(646, 717, 4, '', 16, 0, 0, 0),
(647, 717, 4, '', 16, 0, 0, 0),
(648, 825, 58, '', 3, 7, 0, 0),
(649, 745, 58, '', 9, 1, 0, 0),
(650, 761, 58, '', 9, 1, 0, 0),
(651, 779, 74, '', 8, 2, 0, 0),
(652, 797, 74, 'Belangrijke match vandaag tegen aaigem E, een middenmoot. We staan echter 3 punten achter op de voorlaatste dus het zijn deze matchen die het verschil kunnen maken. Aaigem komt dan nog enigszins versterkt voor de dag met een E2, E6 en F... Eerste spelronde gelijkopgaand. Leo wint nipt van Arnold na een spannende belle, het iks is gebroken... Etienne verliest nipt van anthony. We zitten nog op schema. Volgende ronde een eerste tik uitgedeeld: etienne wint makkelijk van arnold en ik win zeer nipt na een spannende belle van Jan: 3-1. Volgende ronde geen schade: leo verliest nipt, weer een belle, ik win weer nipt opnieuw een belle:4-2. De verplichte dubbel verliezen we met 3-0. Mijn vizier stond niet goed, zij spelen sterk. Nog niets verloren. Nog een keer gas geven: van 4-3 naar 6-3... KASSA!! De laatste match is voor de statistieken... 3 belangrijke punten binnen\n\nHierna stoom afblazen in het oud hoefijzer... Gezellige club in leuke cafe en lekkere ename vant vat. Volgende week degradatieduel tegen bernardus. Alle supporters op post!', 4, 6, 0, 1),
(653, 815, 58, '', 10, 0, 0, 0),
(654, 686, 74, '', 0, 16, 0, 0),
(655, 630, 74, '', 10, 6, 0, 0),
(656, 626, 74, '', 1, 15, 0, 0),
(657, 718, 74, '', 6, 10, 0, 0),
(658, 731, 74, '', 5, 5, 0, 0),
(660, 781, 74, '', 2, 8, 0, 0),
(661, 799, 74, '', 9, 1, 0, 0),
(662, 737, 16, '', 1, 9, 0, 0),
(663, 747, 16, '', 6, 4, 0, 0),
(664, 719, 74, 'Pfffff....', 16, 0, 0, 1),
(666, 644, 16, '', 6, 10, 0, 0),
(667, 763, 58, '', 10, 0, 0, 0),
(668, 823, 58, '', 2, 8, 0, 0),
(669, 702, 58, '', 16, 0, 0, 0),
(672, 614, 58, 'tis eigenlijk 9-6 maar da spel pakt da hier nie aan :)', 9, 7, 0, 1),
(673, 668, 58, '', 16, 0, 0, 0),
(680, 652, 78, 'Twee (2) ega''s als supporter, een primeur. \nHugo daardoor wat ''softer'' en Bart net wat ''harder''?\n''Jelle The Wall'' zorgde voor de voorspelbare Maldegemse frustratie.\nDirk had aan een mini-handdoek nog te veel voor het zweet dan hij deze avond liet.\nGoede aanloop naar de topper volgende op week op St Pauwels, weliswaar met de terugkeer van Luc en een ''gastoptreden'' van Bart VD.\n\n', 14, 2, 0, 1),
(677, 662, 78, 'Chaotisch laat begonnen, Gemo geraakte maar niet uit zijn ploegopstelling...\nDe wedstrijd? Een bibbermatch.\nDe verrassende exploten van Gemo''s NG (niet dus...) verrasten mede- en tegenstander.\nHalfweg zouden we bijna getekend hebben voor een punt en begon Gemo er zowaar in te geloven.\nOp ervaring, teamspirit en ook mooi tafeltennis toch een overwinning tegen een Gemo dat we nog zien stunten.\n', 6, 10, 0, 1),
(681, 801, 74, '\nVerslag door martin:\nWe waren goed  begonnen . Marnix wint  \nzijn eerste match . Dies verliest wel tegen e2. \nMartin wint ook tegen e4 dries wint opnieuw. Maar het geluk keerde en spannende wedstrijden volgden elkaar op steeds in ons nadeel en verloren uiteindelijk met  een verdiende 6/4.', 6, 4, 0, 1),
(682, 751, 16, '', 1, 9, 0, 0),
(691, 795, 58, '\n\nVerslag door Dirk van Keymeulen:\n\nuiterst spannende match\nop bepaald moment stonden we 4-3 achter :\nPeter weerde zich als een duivel maar het was zijn avond niet en had ook geen geluk op het juiste moment. Bij 4-3 had Leo 2 maal gewonnen en dirk 1 maal.\nOnze leo ''de robot'' won gemakkelijk zijn laatste enkel maar ik stond 2-0 in het krijt. Ik win dan wel gemakkelijk de derde set en moeizaam de 4de stet met 11-9.\nIn de belle kom ik 6-8 achter maar ook de tegenstander had de bibber en faalde zodat ik 9-10 voorkom maar bij het elfde punt bleef het balletje 3 maal op het net vallen en dan al de verkeerde kant, een luide vloek (jezeken was boos)en dus verder spelen. Zeer spannend tot ik op 14-16 kon afmaken : 4-5 tussenstand.\nIn het dubbel speelden dirk en Leo het perfecte dubbel : Leo heeft een keer geslagen en Dirk niet. Prachtige overwinning, daarvoor doen we het .\n \n4-6\n', 4, 6, 0, 1),
(684, 775, 58, '', 8, 2, 0, 0),
(685, 741, 58, '', 4, 6, 0, 0),
(686, 692, 58, '', 4, 12, 0, 0),
(687, 640, 58, '', 13, 3, 0, 0),
(688, 624, 58, '', 9, 7, 0, 0),
(689, 658, 58, '', 6, 10, 0, 0),
(690, 670, 58, '', 2, 14, 0, 0),
(692, 829, 58, '', 2, 8, 0, 0),
(693, 807, 74, 'Tja, om de algemene regel in stand te houden: degene die de minste matchen gewonnen heij moet het verslagske schrijven. Eigenlijk kunnen we kort zoajn: finn doe mee dus 3 enkelspelen en de dubbel binnen. Dan over naar de normale spelers leo en dries... 3 madammen die tijdens de opwarming lekker liggen te kletsen op tafel ( niet aan tafel...) maar dan als de match begint kappen en kappen. Niks voor mij, enkel magda speelde meer mee, dus 1 match voor mij. De leo dan heeft het record de langste rallies verbroken met nicole, het zou zijn moeder kunnen zijn : 2 juist dezelfsten... Nicole trekt na een thriller voor het langste kappen aan het langste eind. De overige 2 dames hadden wat minder kilometers op hun teller en deze won ie vlot. 7-3, de 3 punten zijn binnen maar we staan nog altij voorlaatste. Grrrr... Onze sympatieke dames gaan nu wel met lege handen naar huis. Ik zal ze sebiet maar drie beeskes geven dan. Van zone knappe jonge snaak als ik dat maakt hun dag wel goed... Op naar volgende week...', 7, 3, 0, 1),
(694, 791, 74, '', 5, 5, 0, 0),
(695, 727, 58, '', 4, 6, 0, 0),
(696, 684, 4, 'FF van Ronse G', 16, 0, 0, 1),
(697, 773, 4, '', 3, 7, 0, 0),
(698, 827, 4, '', 2, 8, 0, 0),
(699, 704, 4, '', 6, 10, 0, 0),
(700, 622, 4, '', 11, 5, 0, 0),
(701, 646, 4, '', 13, 3, 0, 0),
(702, 777, 58, '', 6, 4, 0, 0),
(703, 817, 58, '', 9, 1, 0, 0),
(704, 735, 58, 'algemeen forfait kruibeke B', NULL, NULL, 1, 1),
(705, 803, 74, '', 3, 7, 0, 0),
(712, 660, 78, 'Gezien vanop tafel 1 en 2....\n\nOnverhoopt spannende match tegen een versterkt Sterke Stut (twee E0 spelers met ettelijke decennia ervaring die kwamen om te winnen)\n\nEen nog uitziekende Jelle en een rustige Patrick stonden er als een muur: samen 8 op 8... Chapeau!\n\nDries ontbrak het op de cruciale momenten aan de nodige portie geluk en rust om waar hij telkens zou hard voor gewerkt had af te maken. Hier zat veeeeeel meer in...\n\nLuc herpakte zich na een wijfelende start, vond zichzelf opnieuw uit en maakte uiteindelijk het verschil.\n\nVerloop van de wedstrijd: 0-2, 2-2, 2-4, 4-4, 5-5, 7-5, 8-6, 9-6 (Jelle!), 10-6. Oef!\n\nDe C-ploeg blijft ongeslagen. De titel binnen handbereik.\n', 10, 6, 0, 1),
(707, 787, 58, '', 5, 5, 0, 0),
(711, 678, 78, '\nZoveelste match van de waarheid in de lange ''restauratie'' om alsnog de promotie af te dwingen, en dit tegen competitieleider Grimminge B.\n\nNiettegenstaande de einduitslag anders doet vermoeden, diende er in meerdere matchen tot het uiterste gespeeld te worden om telkens de overwinning binnen te halen.\n\nBij een 3-1 tussenstand was het Guy die - gesteund door talrijke aanwezigen - met veel adrenaline op karakter, enthousiasme en met zijn momenten flitsend en verbluffend tafeltennis het verschil maakte en Grimminge mentaal een bepalende tik toediende die zij niet meer te boven kwamen.\n\nOnder ons gezegd: als leider met 14-2 de boot in gaan.... je zou voor minder blozen.\n\nEn hoe moet het nu verder? De D-ploeg heeft geen alternatief, alles winnen blijft de boodschap. Enkel zo kan de laatste speeldag (op de nieuwe leider Ronse)nog de verhoopte ontlading met zich meebrengen.\n', 14, 2, 0, 1),
(709, 759, 58, '', 9, 1, 0, 0),
(710, 721, 58, '', 11, 5, 0, 0),
(713, 638, 58, '', 7, 9, 0, 0),
(714, 616, 58, '', 9, 7, 0, 0),
(715, 733, 58, '', 10, 0, 0, 0),
(716, 749, 16, '', 3, 7, 0, 0),
(717, 783, 74, '', 9, 1, 0, 0),
(718, 809, 74, '', 2, 8, 0, 0),
(719, 769, 58, '', 1, 9, 0, 0),
(720, 833, 58, '', 2, 8, 0, 0),
(721, 722, 58, '', 4, 12, 0, 0),
(722, 628, 16, '', 12, 4, 0, 0),
(723, 620, 58, 'algemeen forfait st niklase A', NULL, NULL, 1, 1),
(724, 664, 58, '', 4, 12, 0, 0),
(725, 690, 74, 'Verslag van de leo; ik heb nog nooit een verslag gemokt. Met de carnaval on de benen voor de zekerheid toch maar wat doping gepakt, dubbele portie deze keer... Weeral te vroeg gearriveerd en dirk onderweg opgepikt aan zijn stamcafe de victorie, een voorteken. Veel te veel ingespeeld want dirk wilde perse 45 inkloppen... Efkes later 3-13. Ik heb een set verloren, ben kwaad op mijn eigen.  Prachtige ploegprestatie, dirk en ik een lovegame... Dan was er cola en fanta, en veel boterhammen. Goed in orde zoals altijd. Dries een een heel brood op en van armoej met confituur, de rest was op. Nog een paar bierkes van de maand en van vorige maand... Peter zal de volgende keer niet rijden... Nu nog wat trainen sebiet voor maandag...', 3, 13, 0, 1),
(727, 805, 74, '', 7, 3, 0, 0),
(728, 785, 74, '', 7, 3, 0, 0),
(729, 753, 16, '', 0, 10, 0, 0),
(730, 700, 74, 'Dikke overwinning. De leo weeral 4 matchen, alles 3-0, de peter met zijn nief pallet tikt alles uit. Tuur had wat last van zenuwen: eerste man en dus verplicht om alles te winnen. En hij mag de volgende keer terug meedoen... Dus ja ik eentje verloren en dus weeral het verslag schrijven...\n\nZal er sebiet ene geven: kan zelfs dat tempo hier niet meer volgen. Den tuur staat weer scherp...', 15, 1, 0, 1),
(731, 729, 74, 'Walkover', 10, 0, 0, 1),
(737, 765, 58, '', 6, 4, 0, 0),
(733, 642, 58, '', 3, 13, 0, 0),
(735, 674, 78, 'Op de vooravond van ''Carnaval Ninove'' betaalde de D-ploeg veel bibbergeld om de noodzakelijke 3 punten mee naar Erembodegem te nemen.\n3 jonge, veel spelende en gedreven snaken die zich op een 5-tal maanden ontpopten tot Giantkillers in 5e, 4e en 3e provinciale, traden onze spelers zonder angst tegemoet. Hun vierde speler (senior) had (gelukkig) net een dag autorijden achter de rug.\nHet werd een lange avond met veel gewonnen en verloren matchpunten voor beide ploegen, verwenste ''pietballen'', onbegrijpelijke opslagmissers, mateloze inzet, ondraaglijke spanning... Niet gezond voor het hart.\nOnder het alziend oog van mental coach Jelle, kon Erembodegem pas dankzij een fel bevochten overwinning van Veerle een 6-8 voorsprong nemen en dit uiteindelijk bestendigen tot een 6-10 zege.\nEen grote ''OEF''. We mogen nog steeds de ambitie koesteren op de laatste speeldag nog voor promotie te spelen.\n', 6, 10, 0, 1),
(736, 654, 58, '', 15, 1, 0, 0),
(738, 821, 58, '', 5, 5, 0, 0),
(739, 610, 4, '', 11, 5, 0, 0),
(740, 723, 4, '', 5, 11, 0, 0),
(742, 757, 16, '', 8, 2, 0, 0),
(743, 743, 58, '', 3, 7, 0, 0),
(744, 811, 58, '', 5, 5, 0, 0),
(745, 793, 58, '', 3, 7, 0, 0),
(746, 767, 58, '', 6, 4, 0, 0),
(747, 724, 58, '', 5, 11, 0, 0),
(748, 698, 74, '', 9, 7, 0, 0),
(753, 672, 78, 'Wat onthouden we van deze wedstrijd?\n- Hugo won nipt ''de match in de match'': slechts 9 tegenpunten in een wedstrijd\n- er was 1 mooie match maar met ''nen lelijken mens'', dixit Bart\n- van 4-6 naar 0-12... ''t kan verkeren, stelde Bredero''\n- Roman Cola.... euh... how to poison myself with 20cl\n- Guy was er de helft van de avond bij (begrijpe wie begrijpe kan)\n- " ''t was in den auto veel plezanter ", stelde Thomas (Playlist: The Bee Gees, Liaisons Dangereuses, Daan, Visage, Elvis,The three degrees, Daft Punk....)\n- ''We schakelen nu rechtstreeks over naar Eikenlo....'' Yes, de C-ploeg kampioen!\n- Geeuwen is naar ''t schijnt erotisch, dixit Hugo. Waar slaapverwekkend tafeltennis een mens al niet toe brengt...\n\n', 0, 16, 0, 1),
(754, 608, 4, '', 2, 14, 0, 0),
(755, 648, 4, '', 0, 16, 0, 0),
(756, 755, 16, '', 1, 9, 0, 0),
(757, 813, 74, 'TTC Erembodegem E is kampioen... van de terugronde...\n\nvan de laatste plaatst naar plaats 4. Tja Finn wint gewoon alles waarin een E of D in voorkomt... Volgend jaar weer wroeten voor behoud :-)', 8, 2, 0, 1),
(758, 739, 58, 'algemeen forfait st niklase', NULL, NULL, 1, 1),
(759, 771, 58, '', 5, 5, 0, 0),
(760, 819, 58, '', 3, 7, 0, 0),
(761, 789, 58, '', 3, 7, 0, 0),
(762, 634, 16, '', 10, 6, 0, 0),
(763, 694, 74, '', 11, 5, 0, 0),
(764, 831, 74, 'De rudi heeft vroeger dan verwacht zijn comeback gemaakt na een afwezigheid van meerdere maanden. Direct een love game en alle matchen gewonnen. \n\nHe is back in the game!!', 6, 4, 0, 1),
(765, 656, 58, '', 8, 8, 0, 0),
(769, 680, 78, '\nHet mysterie ''Tuur''...\nPoogde tot 2x toe de scheidsrechterplaats van een tegenstander in te nemen. Gunde de bezoekers n winstmatch.\nHet paard van Troje, pure compassie met de tegenstander of een boontje voor de vrouw in het gezelschap?\nWe will never know....\n\nLos van dit mysterie wonnen we ''easy'' en waren alweer meer betrokken op de C-ploeg naast ons.', 15, 1, 0, 1),
(767, 612, 58, '', 7, 9, 0, 0),
(768, 725, 58, '', 4, 12, 0, 0),
(770, 696, 74, '', 11, 5, 0, 0),
(775, 682, 78, 'Het is gelukt!\n\nAchtervolging sedert match 1 van de competitie, onderweg n pijnlijke uitschuiver op Denderleeuw maar op de slotdag door winst op een onnavolgbaar versterkt leider Ronse toch de promotie afgedwongen... ''Mooi parcours'' heet dat dan.\n\nEen ''uit'' match? Vergeet het... nooit meegemaakt dat zoveel supporters de verplaatsing meemaakten en voor een onwezenlijke sfeer zorgden. Super dank aan hen! Een opkikker voor Erembodegem, een bij wijlen onthutsend effect op Ronse. Ook mede-titelkandidaat Grimminge was met de voltallige ploeg aanwezig.\n\nDe wedstrijd? Dirk een rots in de branding (oa een match van 40''), Bart na een desastreuze start en rugtroubles door een dubbele val in match 2 toch nog het juiste elan gevonden, Hugo verpletterend superieur in de aanval, Thomas Master of Ceremony... \nDixit Dirk: ''dit was een match op het niveau van 3e''. \nScore verloop: van 1-3, 2-4, 3-5 naar een ontnuchterende 5-5 en dan de beslissende jump naar 5-7, 6-8 en uiteindelijk zonder pardon 6-10.\n\nPittig detail: voor de match signaleerde Hugo reeds dat hij ''een goed gevoel'' had. Je wil niet weten wat hij daar mee bedoelde...\n\nTe onthouden: een rond punt dient om rond te rijden. 1x is toevallig, 2x opmerkelijk, 3x is t er over...\n\nSoundtrack: you win again, when will i see you again, in t Oilsjters, ''t was mijn madam, under pressure..\n\n', 6, 10, 0, 1),
(776, 606, 4, '', 16, 0, 0, 0),
(777, 632, 4, '', 14, 2, 0, 0),
(778, 666, 4, '', 1, 15, 0, 0),
(779, 930, 74, '', 8, 8, 0, 0),
(781, 1004, 58, '', 6, 4, 0, 0),
(782, 1020, 58, '', 4, 6, 0, 0),
(783, 966, 58, '', 4, 6, 0, 0),
(784, 982, 58, '', 7, 3, 0, 0),
(785, 1042, 74, '', 8, 2, 0, 0),
(786, 952, 58, '', 13, 3, 0, 0),
(787, 842, 58, '', 2, 14, 0, 0),
(788, 866, 58, '', 2, 14, 0, 0),
(789, 902, 58, '', 11, 5, 0, 0),
(790, 1006, 74, '', 6, 4, 0, 0),
(791, 1060, 74, '', 1, 9, 0, 0),
(792, 974, 58, '', 3, 7, 0, 0),
(793, 964, 74, '', 2, 8, 0, 0),
(794, 1040, 74, '', 0, 10, 0, 0),
(795, 918, 74, 'Pffff...', 6, 10, 0, 1),
(796, 900, 74, '', 13, 3, 0, 0),
(797, 1012, 74, '', 7, 3, 0, 0),
(798, 884, 16, '', 8, 8, 0, 0),
(799, 854, 74, '', 14, 2, 0, 0),
(800, 942, 74, '', 7, 9, 0, 0),
(801, 960, 16, '', 5, 5, 0, 0),
(802, 988, 16, '', 5, 5, 0, 0),
(803, 1016, 74, '', 5, 5, 0, 0),
(804, 1066, 74, '', 8, 2, 0, 0),
(805, 990, 74, '', 8, 2, 0, 0),
(812, 904, 58, '', 13, 3, 0, 0),
(808, 876, 74, '', 5, 11, 0, 0),
(809, 928, 74, '', 12, 4, 0, 0),
(810, 944, 74, '', 11, 5, 0, 0),
(811, 862, 58, '', 2, 14, 0, 0),
(813, 892, 74, '', 8, 8, 0, 0),
(814, 912, 74, '', 8, 8, 0, 0),
(815, 856, 16, '', 7, 9, 0, 0),
(816, 878, 16, '', 13, 3, 0, 0),
(817, 934, 58, '', 10, 6, 0, 0),
(818, 978, 16, '', 3, 7, 0, 0),
(819, 998, 16, '', 5, 5, 0, 0),
(820, 926, 74, '', 6, 10, 0, 0),
(821, 948, 58, '', 5, 11, 0, 0),
(822, 844, 58, '', 5, 11, 0, 0),
(823, 868, 58, '', 1, 15, 0, 0),
(824, 908, 58, '', 2, 14, 0, 0),
(825, 1054, 58, '', 5, 5, 0, 0),
(826, 958, 58, '', 5, 5, 0, 0),
(827, 1008, 58, '', 8, 2, 0, 0),
(828, 1048, 58, '', 6, 4, 0, 0),
(829, 992, 74, '', 9, 1, 0, 0),
(830, 954, 74, '', 4, 6, 0, 0),
(831, 972, 74, '', 1, 9, 0, 0),
(832, 1052, 58, '', 7, 3, 0, 0),
(833, 1062, 58, '', 3, 7, 0, 0),
(834, 1000, 74, '', 6, 4, 0, 0),
(835, 956, 74, '', 4, 6, 0, 0),
(836, 1010, 74, '', 9, 1, 0, 0),
(837, 980, 16, '', 3, 7, 0, 0),
(838, 924, 74, '', 2, 14, 0, 0),
(839, 938, 74, '', 1, 15, 0, 0),
(840, 896, 74, '', 15, 1, 0, 0),
(841, 880, 16, '', 2, 14, 0, 0),
(842, 976, 16, '', 9, 1, 0, 0),
(843, 996, 74, '', 4, 6, 0, 0),
(844, 1014, 74, '', 2, 8, 0, 0),
(845, 940, 74, '', 7, 9, 0, 0),
(846, 910, 74, '', 11, 5, 0, 0),
(847, 1022, 74, '', 9, 1, 0, 0),
(848, 1002, 74, '', 7, 3, 0, 0),
(849, 922, 74, '', 3, 13, 0, 0),
(850, 898, 74, '', 8, 8, 0, 0),
(851, 994, 74, '', 9, 1, 0, 0),
(852, 916, 74, '', 12, 4, 0, 0),
(853, 916, 74, '', 12, 4, 0, 0),
(854, 860, 20, '', 14, 2, 0, 0),
(855, 858, 20, '', 3, 13, 0, 0),
(856, 848, 20, '', 12, 4, 0, 0),
(857, 846, 20, '', 2, 14, 0, 0),
(858, 946, 20, '', 3, 13, 0, 0),
(859, 932, 20, '', 14, 2, 0, 0),
(860, 950, 20, '', 12, 4, 0, 0),
(861, 914, 20, '', 8, 8, 0, 0),
(862, 890, 20, '', 4, 12, 0, 0),
(863, 894, 20, '', 14, 2, 0, 0),
(864, 906, 20, '', 11, 5, 0, 0),
(865, 872, 20, '', 3, 13, 0, 0),
(866, 882, 20, '', 4, 12, 0, 0),
(867, 870, 20, '', 11, 5, 0, 0),
(868, 864, 20, '', 4, 12, 0, 0),
(869, 1050, 20, '', 3, 7, 0, 0),
(870, 1046, 20, '', 10, 0, 0, 0),
(871, 1044, 20, '', 3, 7, 0, 0),
(872, 1064, 20, '', 4, 6, 0, 0),
(873, 1058, 20, '', 3, 7, 0, 0),
(874, 1018, 20, '', 10, 0, 0, 0),
(875, 984, 20, '', 3, 7, 0, 0),
(876, 986, 20, '', 2, 8, 0, 0),
(877, 970, 20, '', 4, 6, 0, 0),
(878, 968, 20, '', 8, 2, 0, 0),
(879, 962, 20, '', 3, 7, 0, 0),
(889, 850, 20, '', NULL, NULL, 1, 0),
(881, 874, 74, '', 5, 11, 0, 0),
(882, 888, 74, '', 11, 5, 0, 0),
(883, 920, 74, '', 7, 9, 0, 0),
(884, 936, 74, '', 14, 2, 0, 0),
(891, 843, 4, 'Sterke prestatie van Wouter, Sami en Jurgen.\nHelaas door uitvallen van Dirk in wedstrijd 1 was er geen kans op puntenwinst.', 10, 6, 0, 1),
(892, 867, 4, '', 10, 6, 0, 0),
(893, 903, 4, '', 6, 10, 0, 0),
(894, 931, 4, '', 7, 9, 0, 0),
(904, 1043, 77, 'Erembodegem E neemt een zeer goede start van de terugronde. Misschien op weg naar een kampioenstitel in 5de?\n\nDaniel kon de eer redden tegen Dirk met een knappe 3-2. Thierry heeft laten zien dat hij master of de belles is. Zowel tegen Daniel als Etienne bleef hij het kalmste en trok hij het laken naar zich toe in de 5de set.\n\nRudi was ongenaakbaar vandaag. Hij verkeerd in bloedvorm.\n\nDe F-ploeg heeft toch laten zien dat ze verbeteren. Blijven trainen zou ik zeggen. Dat is wat ik toch ga doen!', 1, 9, 0, 1),
(899, 1005, 77, 'Zeer spannende match die beslist werd in een 5-setter bij het dubbelspel. Daar trokken Veerle en Jan aan het langste eind. Veerle was vandaag niet te kloppen!\nKnap gespeeld allemaal!\n', 6, 4, 0, 1),
(900, 953, 77, 'Zeer ruime en toch wel vrij gemakkelijke overwinning voor de E-ploeg. Ik was er getuige van, als het ware als supporter en als speler (bij Sint-Niklase)\n\nDirk, volgende keer wat meer geluk met de netjes en die ene verloren match ging jij gewonnen hebben. Part of the game!', 2, 14, 0, 1),
(906, 943, 4, 'forfait van St-Niklase', 16, 0, 0, 1),
(925, 1007, 77, '', 7, 3, 0, 0),
(908, 1013, 74, '', 3, 7, 0, 0),
(909, 855, 77, '', 2, 14, 0, 0),
(910, 885, 77, '', 4, 12, 0, 0),
(911, 901, 77, '', 2, 14, 0, 0),
(914, 919, 77, '', 2, 14, 0, 0),
(915, 983, 77, '', 3, 7, 0, 0),
(924, 975, 77, '', 7, 3, 0, 0),
(923, 965, 77, '', 5, 5, 0, 0),
(922, 967, 77, '', 3, 7, 0, 0),
(921, 1021, 77, '', 8, 2, 0, 0),
(926, 1061, 77, 'Cleansheet voor Tim Vinck (3-0, 3-1 en 3-2). Laatste match tegen Peter was enorm spannend en kon evengoed andere uitslag zijn.\n\nEtienne heeft zijn goede vorm kunnen doorzetten en het de tegenstanders knap lastig gemaakt. Net niet dat tikkeltje "geluk" aan zijn kant.\n\nVoor Myriam was het een leerschool. Ze heeft schone dingen laten zien en heeft de tegenstanders haar kwaliteiten laten ontdekken.\n\nDaarna hebben we dit allemaal weggespoeld met een frisse pint en een lekkere croque-monsieur.\n', 7, 3, 0, 1),
(927, 863, 20, '', 13, 3, 0, 0),
(928, 877, 20, '', 15, 1, 0, 0),
(929, 905, 77, '', 4, 12, 0, 0),
(930, 929, 77, '', 6, 10, 0, 0),
(945, 935, 77, '', 6, 10, 0, 0),
(944, 945, 77, '', 6, 10, 0, 0),
(933, 1041, 77, '', 9, 1, 0, 0),
(943, 1067, 77, '', 2, 8, 0, 0),
(946, 1017, 62, 'Leo en Patrick winnen vlot hun 3 enkelspelen alsook het dubbel.\nPeter heeft het moeilijk in zijn eerste match tegen Harry maar wint in de belle.\n\nVlotte overwinning na het puntenverlies in de heenronde', 10, 0, 0, 1),
(947, 879, 20, '', 4, 12, 0, 0),
(948, 852, 20, '', NULL, NULL, 1, 0),
(949, 857, 20, '', NULL, NULL, 1, 0),
(950, 961, 20, '', 7, 3, 0, 0),
(951, 893, 58, '', 11, 5, 0, 0),
(952, 913, 58, 'Jammer genoeg voor de derde maal dit seizoen dat onze D ploeg na 6-4 voorsprong, nipt met 7-9 verliest. Tegenstander Ninove stond zeer sterk opgesteld en aan de inzet en motivatie van onze jongens zal het zeker niet gelegen hebben!\n\nPrestatie van de avond kwam zonder twijfel van kapitein Leo die zwaar geblesseerd toch nog verder speelde, met de tranen in zijn ogen van de pijn, en zelfs nog een match kon winnen!\n\nNiet opgeven D ploeg! Er komen nog haalbare matchen en zolang de 9e plek mogelijk is, is er hoop! Deze plek geeft recht op eindronde om ons te redden! ', 9, 7, 0, 1),
(953, 1009, 74, '', 1, 9, 0, 0),
(954, 991, 74, '', 8, 2, 0, 0),
(955, 1055, 77, 'Spannende match die nipt verloren werd met 6-4. Het dubbelspel was zeer goed van Etienne en Myriam, chapeau. Het wordt beter en beter elke week.\n\nVolgende week thuis tegen Orix met Daniel, Patrick De Smet en Etienne C. \n\nSucces!', 6, 4, 0, 1),
(962, 1049, 77, '', 7, 3, 0, 0),
(957, 989, 77, '', 8, 2, 0, 0),
(958, 959, 77, '', 5, 5, 0, 0),
(959, 979, 77, '', 9, 1, 0, 0),
(960, 999, 77, '', 7, 3, 0, 0);
INSERT INTO `verslag` (`ID`, `KalenderID`, `SpelerID`, `Beschrijving`, `UitslagThuis`, `UitslagUit`, `WO`, `Details`) VALUES
(964, 1063, 77, 'Na het nipte verlies van vorige week hebben we eindelijk een overwinning kunnen behalen. Een duel voor nog een eventuele wisseling van rode lantaarn werd gewonnen door Daniel, Etienne en Tim M. Het werd 7-3.\n\nUitslagen volgen nog.', 7, 3, 0, 1),
(965, 949, 74, 'De leo zijn verhaal: oilsjt carnaval zat nog in de benen... Vandaag snelheid te kort, mijn reflexen waren vandaag niet aanwezig. De peter heeft een draak van een 5 setter gespeeld, maar die laatste set zo uit handen gegeven... Ochere die scheidsrechter...En dries 3 gewonnen. De rudy een paar super punten gemaakt. We zien het werk van jorn en charmis renderen. Volgend jaar gaat die nogal van jetje geven! En niks te bikken. Zijt ne keer serieus\n\nAl bij al spelen me carnaval, allez serieus manne....', 11, 5, 0, 1),
(966, 927, 74, '', 13, 3, 0, 0),
(967, 957, 36, '', 10, 0, 0, 0),
(968, 1051, 77, 'Kampioenschap is nog niet binnen jongens.\n\nZal nog spannend worden tussen Orix D en Erembodegem E. ', 4, 6, 0, 1),
(971, 1065, 77, 'Daniel had een totale off-day. Tegen Nieuwerkerken, zijn home-town, was hij tot voor deze match nog ongeslagen.\nHet dubbelspel hebben Daniel en Patrick dan wel naar zich toe getrokken.\n\n\nVolgende week laatste wedstrijd van het seizoen met Tim, Etienne en Tim M.\n', 6, 4, 0, 1),
(972, 1001, 74, '', 6, 4, 0, 0),
(973, 1011, 74, '', 3, 7, 0, 0),
(974, 997, 74, '', 4, 6, 0, 0),
(976, 1059, 77, 'Na het enorm late forfait van Tim Meesters (19:55!) hebben we er toch een sportieve en faire laatste match van gemaakt.\n\nOm het seizoen af te sluiten mochten we optreden tegen Lede, waarmee we het altijd zeer leutig hebben.\n\nOndanks de forfait hebben we alles gegeven en daarna weggespoeld met een blue''ke.\n\nVoorlaatste plaats in 5de provinciale is onze plaats voor dit jaar, tenzij dat Orix C zich nog gaat moeien.\n\n1 plaatsje lager als vorig jaar maar toch zie ik verbeteringen in de teamprestatie.', 3, 7, 0, 1),
(977, 925, 74, 'De maarten pakt hier weer ne E4, E0 en D6... Patrick red zijn eer...\n\nVeerle en dries mogen de belles in de kerstboom hangen.\n\nTsjow...', 12, 4, 0, 1),
(978, 861, 74, '', 3, 13, 0, 0),
(979, 881, 74, '', 16, 0, 0, 0),
(980, 971, 36, '', 3, 7, 0, 0),
(981, 977, 36, '', 5, 5, 0, 0),
(982, 1015, 36, '', 8, 2, 0, 0),
(983, 1047, 36, '', 5, 5, 0, 0),
(984, 897, 36, '', 0, 16, 0, 0),
(985, 939, 36, '', 13, 3, 0, 0),
(986, 969, 36, '', 3, 7, 0, 0),
(987, 1003, 74, '', 3, 7, 0, 0),
(988, 1023, 74, '', 1, 9, 0, 0),
(989, 923, 74, 'Love game!', 16, 0, 0, 1),
(990, 995, 74, '', 1, 9, 0, 0),
(991, 963, 20, '', 5, 5, 0, 0),
(992, 987, 20, '', 7, 3, 0, 0),
(993, 873, 77, '', 11, 5, 0, 0),
(994, 891, 77, '', 14, 2, 0, 0),
(995, 911, 77, '', 8, 8, 0, 0),
(996, 941, 77, '', 8, 8, 0, 0),
(997, 859, 77, '', 15, 1, 0, 0),
(998, 947, 77, '', 4, 12, 0, 0),
(999, 883, 77, '', 15, 1, 0, 0),
(1000, 899, 77, '', 10, 6, 0, 0);

-- --------------------------------------------------------

--
-- Table structure for table `verslagspeler`
--

CREATE TABLE IF NOT EXISTS `verslagspeler` (
  `ID` int(3) unsigned NOT NULL AUTO_INCREMENT,
  `VerslagID` int(10) unsigned NOT NULL DEFAULT '0',
  `SpelerID` int(10) unsigned DEFAULT '0',
  `Winst` tinyint(3) unsigned DEFAULT NULL,
  `SpelerNaam` varchar(50) DEFAULT NULL,
  `Thuis` tinyint(3) unsigned NOT NULL DEFAULT '1',
  `Klassement` varchar(5) DEFAULT NULL,
  PRIMARY KEY (`ID`)
) ENGINE=MyISAM  DEFAULT CHARSET=latin1 AUTO_INCREMENT=1293 ;

--
-- Dumping data for table `verslagspeler`
--

INSERT INTO `verslagspeler` (`ID`, `VerslagID`, `SpelerID`, `Winst`, `SpelerNaam`, `Thuis`, `Klassement`) VALUES
(27, 37, NULL, 1, 'Paul', 0, 'C6'),
(26, 37, NULL, 2, 'Gert', 0, 'C6'),
(25, 37, 2, 3, 'Patrick', 1, 'C6'),
(24, 37, 12, 1, 'Geert', 1, 'D0'),
(23, 37, 20, 2, 'Wouter', 1, 'D0'),
(28, 37, NULL, 0, 'Guido', 0, 'D2'),
(29, 39, 33, 3, 'Jurgen M.', 1, 'C4'),
(30, 39, 32, 3, 'Stijn', 1, 'C4'),
(31, 39, 4, 2, 'Dirk DS.', 1, 'D0'),
(32, 39, 2, 3, 'Patrick', 1, 'D2'),
(33, 39, NULL, 4, 'Brecht', 0, 'C2'),
(34, 39, NULL, 1, 'Stefan', 0, 'C6'),
(35, 39, NULL, 0, 'Marc', 0, 'D2'),
(36, 39, NULL, 0, '?', 0, 'D6'),
(37, 41, 33, 2, 'Jurgen M.', 1, 'C4'),
(38, 41, 4, 3, 'Dirk DS.', 1, 'D0'),
(39, 41, 7, 0, 'Dimitri', 1, 'D2'),
(40, 41, 16, 0, 'Bart', 1, 'D4'),
(41, 41, NULL, 3, 'steven', 0, 'C6'),
(42, 41, NULL, 2, 'davy', 0, 'D0'),
(43, 41, NULL, 2, 'johan', 0, 'D0'),
(44, 41, NULL, 4, 'matthias', 0, 'D2'),
(45, 42, 26, 3, 'Jurgen L.', 1, 'D2'),
(46, 42, 2, 3, 'Patrick', 1, 'D2'),
(47, 42, 20, 4, 'Wouter', 1, 'D2'),
(48, 42, 12, 2, 'Geert', 1, 'D4'),
(49, 42, NULL, 1, 'frank', 0, 'D4'),
(50, 42, NULL, 2, 'steven', 0, 'D4'),
(51, 42, NULL, 0, 'roger', 0, 'E0'),
(52, 42, NULL, 1, 'jan', 0, 'E0'),
(53, 43, 17, 1, 'Dirk K.', 1, 'E6'),
(54, 43, 31, 2, 'Veerle', 1, 'E6'),
(55, 43, NULL, NULL, '?', 0, '0'),
(56, 43, NULL, NULL, '?', 0, '0'),
(57, 43, NULL, NULL, '?', 0, '0'),
(58, 44, 2, 1, 'Patrick', 1, 'C6'),
(59, 44, 20, 2, 'Wouter', 1, 'D0'),
(60, 44, 12, 3, 'Geert', 1, 'D0'),
(61, 44, NULL, NULL, 'Koen', 0, '0'),
(62, 44, NULL, NULL, 'Evert', 0, '0'),
(63, 44, NULL, NULL, 'Geert', 0, '0'),
(64, 48, 26, 1, 'Jurgen L.', 1, 'D2'),
(65, 48, 2, 1, 'Patrick', 1, 'D2'),
(66, 48, 5, 1, 'Gerdo', 1, 'D2'),
(67, 48, 16, 1, 'Bart', 1, 'D4'),
(68, 49, 33, 2, 'Jurgen M.', 1, 'C4'),
(69, 49, 32, 2, 'Stijn', 1, 'C4'),
(70, 49, 4, 3, 'Dirk DS.', 1, 'D0'),
(71, 49, 8, 1, 'Jurgen E.', 1, 'D0'),
(72, 51, 22, 4, 'Thuur', 1, 'E6'),
(73, 51, 17, 3, 'Dirk K.', 1, 'E6'),
(74, 51, 11, 3, 'Etienne', 1, 'E6'),
(75, 51, 31, 4, 'Veerle', 1, 'NG'),
(108, 63, 16, 2, 'Bart', 1, 'D2'),
(107, 63, 25, 2, 'Klaas', 1, 'E0'),
(106, 63, 1, 0, 'Jan', 1, 'D6'),
(91, 58, 20, 2, 'Wouter', 1, 'D0'),
(92, 58, 4, 2, 'Dirk DS.', 1, 'C4'),
(93, 58, 2, 0, 'Patrick', 1, 'C6'),
(94, 61, 33, 4, 'Jurgen M.', 1, 'C4'),
(95, 61, 32, 2, 'Stijn', 1, 'C4'),
(96, 61, 4, 1, 'Dirk DS.', 1, 'D0'),
(97, 61, 7, 2, 'Dimitri', 1, 'D2'),
(98, 61, NULL, 3, 'Chris', 0, 'C6'),
(99, 61, NULL, 1, 'Jan', 0, 'C6'),
(100, 61, NULL, 3, 'Kristof', 0, 'C6'),
(101, 61, NULL, 0, 'Ludwig', 0, 'D0'),
(102, 62, 2, 4, 'Patrick', 1, 'D2'),
(103, 62, 26, 3, 'Jurgen L.', 1, 'D2'),
(104, 62, 5, 4, 'Gerdo', 1, 'D2'),
(105, 62, 12, 2, 'Geert', 1, 'D4'),
(109, 64, 2, 4, 'Patrick', 1, 'D2'),
(110, 64, 20, 3, 'Wouter', 1, 'D2'),
(111, 64, 16, 3, 'Bart', 1, 'D4'),
(112, 64, 12, 3, 'Geert', 1, 'D4'),
(113, 64, NULL, 1, 'Bert', 0, 'D2'),
(114, 64, NULL, 2, 'Wouter', 0, 'D6'),
(115, 64, NULL, 0, 'Luc', 0, 'D6'),
(116, 64, NULL, 0, 'Hans', 0, 'D6'),
(117, 65, 33, 3, 'Jurgen M.', 1, 'C4'),
(118, 65, 4, 2, 'Dirk DS.', 1, 'D0'),
(119, 65, 26, 0, 'Jurgen L.', 1, 'D2'),
(120, 65, 5, 0, 'Gerdo', 1, 'D2'),
(125, 70, 16, 2, 'Bart', 1, 'D2'),
(124, 70, 26, 3, 'Jurgen L.', 1, 'D0'),
(126, 70, 25, 3, 'Klaas', 1, 'E0'),
(127, 71, NULL, 4, 'Gerdo', 0, '0'),
(128, 71, NULL, 2, 'Jan', 0, '0'),
(129, 71, NULL, 3, 'Klaas', 0, '0'),
(130, 71, NULL, 0, 'Guy', 0, '0'),
(138, 76, 28, 0, 'Guy', 1, 'E4'),
(137, 76, 14, 1, 'Luc', 1, 'E0'),
(136, 76, 25, 3, 'Klaas', 1, 'E0'),
(135, 76, 16, 2, 'Bart', 1, 'D4'),
(139, 80, 25, 3, 'Klaas', 1, 'E0'),
(140, 80, 22, 0, 'Thuur', 1, 'E2'),
(141, 80, 28, 0, 'Guy', 1, 'E2'),
(142, 80, NULL, 2, 'Ivan', 0, 'E2'),
(143, 80, NULL, 2, 'Xavier', 0, 'E2'),
(144, 80, NULL, 2, 'Kristof', 0, 'E4'),
(145, 81, 12, 4, 'Geert', 1, 'D4'),
(146, 81, 27, 3, 'Marc', 1, 'D6'),
(147, 81, 25, 3, 'Klaas', 1, 'E0'),
(148, 81, 31, 1, 'Veerle', 1, 'NG'),
(149, 81, NULL, 1, 'Marc', 0, 'E4'),
(150, 81, NULL, 3, 'Olaf', 0, 'E4'),
(151, 81, NULL, 0, 'Timothy', 0, 'E6'),
(152, 81, NULL, 1, 'Patrick', 0, 'E6'),
(153, 87, 14, 2, 'Luc', 1, 'D6'),
(154, 87, 25, 3, 'Klaas', 1, 'E0'),
(155, 87, 22, 3, 'Thuur', 1, 'E2'),
(156, 87, NULL, 1, 'Wim ', 0, 'E0'),
(157, 87, NULL, 0, 'Hugo', 0, 'E6'),
(158, 87, NULL, 0, 'Rik', 0, 'F'),
(159, 92, 20, NULL, 'Wouter', 1, 'D2'),
(160, 92, 26, NULL, 'Jurgen L.', 1, 'D2'),
(161, 92, 5, NULL, 'Gerdo', 1, 'D2'),
(162, 92, 12, NULL, 'Geert', 1, 'D4'),
(182, 107, 26, NULL, 'Jurgen L.', 1, 'D0'),
(181, 107, 20, NULL, 'Wouter', 1, 'D0'),
(180, 107, 2, NULL, 'Patrick', 1, 'C6'),
(169, 102, 12, NULL, 'Geert', 1, 'D0'),
(170, 102, 16, NULL, 'Bart', 1, 'D2'),
(171, 102, 25, NULL, 'Klaas', 1, 'E0'),
(178, 106, 20, NULL, 'Wouter', 1, 'D2'),
(177, 106, 5, NULL, 'Gerdo', 1, 'D2'),
(176, 106, 26, NULL, 'Jurgen L.', 1, 'D2'),
(179, 106, 12, NULL, 'Geert', 1, 'D4'),
(183, 107, NULL, NULL, 'Jorn', 0, 'C6'),
(184, 107, NULL, NULL, 'Gunter', 0, 'D2'),
(185, 107, NULL, NULL, 'Tessa', 0, 'D2'),
(186, 113, 33, NULL, 'Jurgen M.', 1, 'C4'),
(187, 113, 32, NULL, 'Stijn', 1, 'C4'),
(188, 113, 8, NULL, 'Jurgen E.', 1, 'D0'),
(189, 113, 26, NULL, 'Jurgen L.', 1, 'D2'),
(190, 114, 2, NULL, 'Patrick', 1, 'D2'),
(191, 114, 12, NULL, 'Geert', 1, 'D4'),
(192, 114, 20, NULL, 'Wouter', 1, 'D2'),
(193, 114, NULL, NULL, 'Gunter', 0, 'D0'),
(194, 114, NULL, NULL, 'Erik', 0, 'D2'),
(195, 114, NULL, NULL, 'Jurgen', 0, 'D6'),
(196, 114, NULL, NULL, 'Gilbert', 0, 'D6'),
(197, 129, 2, 1, 'Patrick', 1, 'C6'),
(198, 129, 7, 3, 'Dimitri', 1, 'D0'),
(199, 129, 20, 3, 'Wouter', 1, 'D0'),
(200, 129, NULL, 1, 'Gert', 0, 'C6'),
(201, 129, NULL, 1, 'Paul', 0, 'D0'),
(202, 129, NULL, 0, 'Guido', 0, 'D2'),
(203, 150, 20, 3, 'Wouter', 1, 'D2'),
(204, 150, 5, 2, 'Gerdo', 1, 'D2'),
(205, 150, 14, 0, 'Luc', 1, 'E0'),
(206, 153, 2, NULL, 'Patrick', 1, 'C6'),
(207, 153, 20, NULL, 'Wouter', 1, 'D0'),
(208, 153, 7, NULL, 'Dimitri', 1, 'D0'),
(209, 153, NULL, NULL, 'Remi', 0, '0'),
(210, 153, NULL, NULL, 'Chris', 0, '0'),
(211, 153, NULL, NULL, 'Frank', 0, '0'),
(212, 218, 33, 3, 'Jurgen M.', 1, 'C4'),
(213, 218, 32, 4, 'Stijn', 1, 'C4'),
(214, 218, 4, 2, 'Dirk DS.', 1, 'D0'),
(215, 218, 7, 3, 'Dimitri', 1, 'D2'),
(216, 218, NULL, 0, 'hannes', 0, 'D2'),
(217, 218, NULL, 3, 'kris', 0, 'D4'),
(218, 218, NULL, 1, 'lars', 0, 'D4'),
(219, 218, NULL, 0, 'wouter', 0, 'D4'),
(220, 225, 25, 2, 'Klaas', 1, 'D4'),
(221, 225, 14, 0, 'Luc', 1, 'D6'),
(222, 225, 1, 1, 'Jan', 1, 'E0'),
(223, 225, NULL, 2, 'Gerdo', 0, 'C4'),
(224, 225, NULL, 3, 'Jozef', 0, 'D2'),
(225, 225, NULL, 1, 'Gustaaf', 0, 'D2'),
(226, 452, NULL, 1, 'Thomas', 0, 'E6'),
(227, 452, NULL, 0, 'Leo', 0, 'NG'),
(228, 452, NULL, 0, 'Rudi', 0, 'NG'),
(229, 452, NULL, 0, 'Dries', 0, 'NG'),
(281, 523, NULL, 1, 'Rogiers Edward', 0, 'C2'),
(280, 523, NULL, 1, 'Hoogerwijs Bart', 0, 'C4'),
(279, 523, NULL, 0, 'Melkebeke Philip', 0, 'D2'),
(278, 523, NULL, 0, 'Gurny Patrick', 0, 'D4'),
(277, 523, 36, 4, 'Jorn', 1, 'C4'),
(276, 523, 75, 3, 'Sami', 1, 'C4'),
(275, 523, 8, 4, 'Jurgen E.', 1, 'C4'),
(274, 523, 7, 3, 'Dimitri', 1, 'D0'),
(273, 518, 58, 4, 'Jelle', 1, 'D4'),
(272, 518, 27, 4, 'Marc', 1, 'D6'),
(271, 518, 14, 4, 'Luc', 1, 'E0'),
(270, 518, 65, 1, 'Leo', 1, 'E6'),
(282, 537, 28, 3, 'Guy', 1, 'E2'),
(283, 537, 17, 0, 'Dirk K.', 1, 'E6'),
(284, 537, 74, 2, 'Dries', 1, 'NG'),
(285, 537, NULL, 2, 'Denis De Mol', 0, 'D6'),
(286, 537, NULL, 1, 'Tom De Munter', 0, 'E0'),
(287, 537, NULL, 1, 'Franky De Meerleer', 0, 'E2'),
(288, 538, 16, 3, 'Bart', 1, 'D0'),
(289, 538, 14, 1, 'Luc', 1, 'D6'),
(290, 538, 65, 0, 'Leo', 1, 'F'),
(291, 538, NULL, 2, 'Etienne Van Goethem', 0, 'D4'),
(292, 538, NULL, 2, 'Jannes Sarens', 0, 'D4'),
(293, 538, NULL, 1, 'Kurt De Hertogh', 0, 'D6'),
(307, 555, 75, 2, 'Sami', 1, 'C4'),
(306, 555, 36, 2, 'Jorn', 1, 'C4'),
(305, 553, 78, 4, 'Bart VDE', 1, 'E2'),
(304, 553, 14, 3, 'Luc', 1, 'E0'),
(303, 553, 1, 3, 'Jan', 1, 'E0'),
(302, 553, 58, 4, 'Jelle', 1, 'D4'),
(308, 555, 4, 3, 'Dirk DS.', 1, 'C6'),
(309, 555, 5, 0, 'Gerdo', 1, 'D0'),
(310, 555, NULL, 4, 'Heyninck Michael', 0, 'B4'),
(311, 555, NULL, 1, 'Klomp Theo', 0, 'C2'),
(312, 555, NULL, 3, 'Van De Voorde Nele', 0, 'C4'),
(313, 555, NULL, 1, 'Colpaert Eli', 0, 'C4'),
(314, 556, 36, 2, 'Jorn', 1, 'C0'),
(315, 556, 7, 1, 'Dimitri', 1, 'C4'),
(316, 556, 12, 1, 'Geert', 1, 'D0'),
(317, 556, NULL, 3, 'Vergeylen Nico', 0, 'C4'),
(318, 556, NULL, 2, 'Van Eeckhout Walter', 0, 'C6'),
(319, 556, NULL, 0, 'Janssens Gnter', 0, 'D0'),
(320, 557, 29, 3, 'Martin', 1, 'E6'),
(321, 557, 17, 2, 'Dirk K.', 1, 'E6'),
(322, 557, 65, 3, 'Leo', 1, 'F'),
(323, 557, NULL, 0, '1', 0, 'E6'),
(324, 557, NULL, 1, '2', 0, 'F'),
(325, 557, NULL, 0, '3', 0, 'F'),
(335, 562, NULL, 1, 'Pol', 0, 'E2'),
(334, 562, 64, 2, 'Rudi', 1, 'NG'),
(333, 562, 74, 2, 'Dries', 1, 'NG'),
(332, 562, 6, 1, 'Thierry', 1, 'F'),
(336, 562, NULL, 3, 'Francois', 0, 'E4'),
(337, 562, NULL, 0, 'Quinten', 0, 'E6'),
(349, 565, 27, 4, 'Marc', 1, 'D6'),
(348, 565, 78, 4, 'Bart VDE', 1, 'E2'),
(347, 565, 31, 2, 'Veerle', 1, 'E4'),
(346, 565, 79, 4, 'Hugo', 1, 'E6'),
(350, 565, NULL, 1, 'Sabine', 0, 'E2'),
(351, 565, NULL, 1, 'Johan', 0, 'E2'),
(352, 565, NULL, 0, 'Peter', 0, 'E4'),
(353, 565, NULL, 0, 'Clery', 0, 'E6'),
(354, 566, 12, 3, 'Geert', 1, 'D0'),
(355, 566, 2, 2, 'Patrick', 1, 'C6'),
(356, 566, 58, 2, 'Jelle', 1, 'D0'),
(357, 566, NULL, 0, 'Kurt', 0, 'D0'),
(358, 566, NULL, 0, 'Johan', 0, 'D4'),
(359, 566, NULL, 2, 'Mario', 0, 'D6'),
(374, 571, NULL, 0, 'Gunther de pessemier', 0, 'NG'),
(373, 571, NULL, 0, 'Patrick Buelens', 0, 'E6'),
(372, 571, NULL, 1, 'Gunter machtelinckx', 0, 'E6'),
(371, 571, 74, 4, 'Dries', 1, 'NG'),
(370, 571, 63, 4, 'Marnix', 1, 'E6'),
(369, 571, 61, 4, 'Peter N', 1, 'E6'),
(368, 571, 29, 3, 'Martin', 1, 'E6'),
(375, 571, NULL, 0, 'Robin de pessemier', 0, 'NG'),
(376, 572, 11, 2, 'Etienne', 1, 'E6'),
(377, 572, 17, 1, 'Dirk K.', 1, 'E6'),
(378, 572, 64, 1, 'Rudi', 1, 'E6'),
(379, 572, 62, 1, 'Peter V', 1, 'E6'),
(380, 572, NULL, 4, 'Wouter', 0, 'E6'),
(381, 572, NULL, 4, 'Jonas', 0, 'E6'),
(382, 572, NULL, 2, 'Fabrice', 0, 'E6'),
(383, 572, NULL, 1, 'Katleen', 0, 'E6'),
(402, 577, 2, 4, 'Patrick', 1, 'D4'),
(401, 577, 5, 4, 'Gerdo', 1, 'D0'),
(400, 577, 16, 4, 'Bart', 1, 'D2'),
(388, 574, 36, 2, 'Jorn', 1, 'C4'),
(389, 574, 75, 0, 'Sami', 1, 'C4'),
(390, 574, 8, 2, 'Jurgen E.', 1, 'C4'),
(391, 574, 4, 2, 'Dirk DS.', 1, 'C6'),
(399, 577, 20, 3, 'Wouter', 1, 'D2'),
(396, 576, 13, 3, 'Pascal', 1, 'B2'),
(397, 576, 7, 0, 'Dimitri', 1, 'C4'),
(398, 576, 16, 1, 'Bart', 1, 'D0'),
(403, 577, NULL, 0, 'Wouter desmet', 0, 'D4'),
(404, 577, NULL, 1, 'Claude Vanderdonckt', 0, 'D4'),
(405, 577, NULL, 0, 'Timothy Divilbiss', 0, 'E0'),
(406, 577, NULL, 0, 'Camille Demeester', 0, 'NG'),
(412, 581, 62, 2, 'Peter V', 1, 'F'),
(411, 581, 17, 1, 'Dirk K.', 1, 'E6'),
(410, 581, 22, 3, 'Tuur', 1, 'E2'),
(413, 581, NULL, 2, 'Willy Geets', 0, 'F'),
(414, 581, NULL, 0, 'Sebastiaan Van Hoecke', 0, 'F'),
(415, 581, NULL, 1, 'Koen Pieters', 0, 'NG'),
(416, 582, 29, 1, 'Martin', 1, 'E6'),
(417, 582, 63, 1, 'Marnix', 1, 'F'),
(418, 582, 64, 1, 'Rudi', 1, 'NG'),
(435, 594, NULL, 3, 'Lorenzo', 0, 'D0'),
(434, 594, NULL, 1, 'Freddy', 0, 'D4'),
(433, 594, 14, 1, 'Luc', 1, 'D6'),
(432, 594, 27, 2, 'Marc', 1, 'D6'),
(431, 594, 28, 0, 'Guy', 1, 'E2'),
(436, 594, NULL, 2, 'Roel', 0, 'E2'),
(462, 604, NULL, 0, 'DE PROFT GUSTAAF', 0, 'D4'),
(461, 604, NULL, 1, 'LERMYTTE LUC', 0, 'D2'),
(455, 603, NULL, 0, 'Paul de meerleer', 0, 'F'),
(454, 603, 77, 3, 'Tim', 1, 'NG'),
(453, 603, 30, 3, 'Etienne C.', 1, 'NG'),
(452, 603, 74, 3, 'Dries', 1, 'NG'),
(460, 604, 58, 3, 'Jelle', 1, 'D0'),
(459, 604, 12, 2, 'Geert', 1, 'D0'),
(458, 604, 16, 3, 'Bart', 1, 'D0'),
(456, 603, NULL, 0, 'Marc', 0, 'NG'),
(457, 603, NULL, 0, 'Forfait', 0, '0'),
(463, 604, NULL, 0, 'DE BATSELIER SEPPE', 0, 'D6'),
(464, 606, 4, 2, 'Dirk DS.', 1, 'C6'),
(465, 606, 20, 0, 'Wouter', 1, 'C6'),
(466, 606, 2, 0, 'Patrick', 1, 'C6'),
(467, 606, NULL, 3, 'Wesley', 0, 'B6'),
(468, 606, NULL, 2, 'Kurt', 0, 'C4'),
(469, 606, NULL, 2, 'Gianni', 0, 'D6'),
(470, 607, 17, 1, 'Dirk K.', 1, 'E6'),
(471, 607, 63, 2, 'Marnix', 1, 'E6'),
(472, 607, 74, 3, 'Dries', 1, 'NG'),
(473, 607, 72, 1, 'Daniel', 1, 'NG'),
(474, 607, NULL, 3, 'Gerrit barbe', 0, 'E4'),
(475, 607, NULL, 4, 'Ruben van peephingen', 0, 'E6'),
(476, 607, NULL, 2, 'Francis warrand', 0, 'E6'),
(477, 607, NULL, 0, 'Peter marquebroeck', 0, 'NG'),
(478, 611, 12, 4, 'Geert', 1, 'D2'),
(479, 611, 58, 4, 'Jelle', 1, 'D4'),
(480, 611, 14, 4, 'Luc', 1, 'E0'),
(481, 611, 79, 4, 'Hugo', 1, 'E6'),
(482, 611, NULL, 0, 'Eddy De Vos', 0, 'E4'),
(483, 611, NULL, 0, 'Stefan Haverbeke', 0, 'E4'),
(484, 611, NULL, 0, 'Wouter Standaert', 0, 'E6'),
(485, 611, NULL, 0, 'Joeri De Vos', 0, 'E6'),
(486, 612, 36, 0, 'Jorn', 1, 'C4'),
(487, 612, 75, 1, 'Sami', 1, 'C4'),
(488, 612, 4, 0, 'Dirk DS.', 1, 'C6'),
(489, 612, 7, 0, 'Dimitri', 1, 'D0'),
(490, 612, NULL, 4, 'Kurt', 0, 'C0'),
(491, 612, NULL, 4, 'Wim', 0, 'C0'),
(492, 612, NULL, 4, 'Jurgen', 0, 'C4'),
(493, 612, NULL, 3, 'Stijn', 0, 'C4'),
(494, 613, 2, 2, 'Patrick', 1, 'C6'),
(495, 613, 12, 1, 'Geert', 1, 'D0'),
(496, 613, 16, 0, 'Bart', 1, 'D0'),
(497, 613, NULL, 1, 'David', 0, 'B6'),
(498, 613, NULL, 2, 'Klaas', 0, 'C2'),
(499, 613, NULL, 3, 'Filip', 0, 'C4'),
(500, 614, 65, 3, 'Leo', 1, 'E6'),
(501, 614, 29, 1, 'Martin', 1, 'E6'),
(502, 614, 63, 0, 'Marnix', 1, 'E6'),
(503, 614, 74, 4, 'Dries', 1, 'NG'),
(504, 614, NULL, 2, 'Claudio debaroso', 0, 'E6'),
(505, 614, NULL, 3, 'Pieter de bleeckere', 0, 'E6'),
(506, 614, NULL, 2, 'Marc', 0, 'E6'),
(507, 614, NULL, 1, 'Philip somers', 0, 'E6'),
(508, 618, 12, NULL, 'Geert', 1, 'D2'),
(509, 618, 16, NULL, 'Bart', 1, 'D2'),
(510, 618, 20, NULL, 'Wouter', 1, 'D2'),
(511, 618, 2, NULL, 'Patrick', 1, 'D4'),
(533, 621, NULL, 1, 'Jordy', 0, 'E2'),
(532, 621, NULL, 3, 'Jens', 0, 'E0'),
(531, 621, 58, 3, 'Jelle', 1, 'D4'),
(530, 621, 27, 4, 'Marc', 1, 'D6'),
(529, 621, 78, 1, 'Bart VDE', 1, 'E2'),
(528, 621, 79, 2, 'Hugo', 1, 'E6'),
(534, 621, NULL, 0, 'Jelle', 0, 'E2'),
(535, 621, NULL, 2, 'Lucca', 0, 'E4'),
(548, 629, NULL, 0, 'Didier', 0, 'E0'),
(547, 629, NULL, 2, 'Marc', 0, 'E0'),
(546, 629, 1, 3, 'Jan', 1, 'E0'),
(545, 629, 27, 2, 'Marc', 1, 'D6'),
(544, 629, 58, 1, 'Jelle', 1, 'D4'),
(543, 629, 16, 3, 'Bart', 1, 'D2'),
(549, 629, NULL, 1, 'Matthias', 0, 'E4'),
(585, 639, 30, 0, 'Etienne C.', 1, 'NG'),
(586, 639, 74, 4, 'Dries', 1, 'NG'),
(587, 639, 72, 0, 'Daniel', 1, 'NG'),
(557, 634, 12, 4, 'Geert', 1, 'D2'),
(558, 634, 20, 3, 'Wouter', 1, 'D2'),
(559, 634, 2, 3, 'Patrick', 1, 'D4'),
(560, 634, NULL, 2, 'Dirk', 0, 'D6'),
(561, 634, NULL, 0, 'Hans', 0, 'E2'),
(562, 634, NULL, 0, 'Tim', 0, 'E2'),
(563, 634, NULL, 0, 'Martijn', 0, 'E2'),
(588, 639, NULL, 3, 'Kathleen naessens', 0, 'E4'),
(584, 639, 6, 0, 'Thierry', 1, 'E6'),
(589, 639, NULL, 3, 'Guillaume', 0, 'E4'),
(590, 639, NULL, 3, 'Luc van cauwenberghe', 0, 'E6'),
(591, 639, NULL, 3, 'Gino malego', 0, 'E6'),
(592, 641, 12, 3, 'Geert', 1, 'D2'),
(593, 641, 16, 2, 'Bart', 1, 'D2'),
(594, 641, 20, 3, 'Wouter', 1, 'D2'),
(595, 641, 2, 3, 'Patrick', 1, 'D4'),
(596, 641, NULL, 3, 'De Mol Gunther', 0, 'D2'),
(597, 641, NULL, 1, 'Vereecken Geert', 0, 'D2'),
(598, 641, NULL, 1, 'De Mol Jurgen', 0, 'D4'),
(599, 641, NULL, 0, 'Van Melckebeke Guy', 0, 'E0'),
(600, 642, 17, NULL, 'Dirk K.', 1, 'E6'),
(601, 642, 61, NULL, 'Peter N', 1, 'E6'),
(602, 642, 11, NULL, 'Etienne', 1, 'E6'),
(603, 642, 65, NULL, 'Leo', 1, 'E6'),
(604, 642, NULL, NULL, 'Martin', 0, '0'),
(605, 642, NULL, NULL, 'Marnix', 0, '0'),
(606, 642, NULL, NULL, 'Daniel', 0, '0'),
(607, 642, NULL, NULL, 'EtienneC', 0, '0'),
(608, 643, 58, 3, 'Jelle', 1, 'D4'),
(609, 643, 59, 2, 'Dirk B', 1, 'D6'),
(610, 643, 27, 4, 'Marc', 1, 'D6'),
(611, 643, 79, 3, 'Hugo', 1, 'E6'),
(612, 643, NULL, 2, 'Nathan', 0, 'D6'),
(613, 643, NULL, 1, 'Koen', 0, 'E0'),
(614, 643, NULL, 0, 'Denis', 0, 'E0'),
(615, 643, NULL, 1, 'Gilbert', 0, 'E0'),
(616, 644, 8, 0, 'Jurgen E.', 1, 'C4'),
(617, 644, 4, 3, 'Dirk DS.', 1, 'C6'),
(618, 644, 7, 0, 'Dimitri', 1, 'D0'),
(619, 644, 5, 1, 'Gerdo', 1, 'D0'),
(620, 644, NULL, 2, 'Kevin Boone', 0, 'C0'),
(621, 644, NULL, 3, 'Mano Cocquyt', 0, 'C0'),
(622, 644, NULL, 4, 'Elie Verbeelen', 0, 'C2'),
(623, 644, NULL, 3, 'Nico Vandeputte', 0, 'C4'),
(624, 649, 2, 3, 'Patrick', 1, 'C6'),
(625, 649, 16, 3, 'Bart', 1, 'D0'),
(626, 649, 58, 2, 'Jelle', 1, 'D0'),
(627, 649, NULL, 1, 'Jens', 0, 'D2'),
(628, 649, NULL, 0, 'Jurgen', 0, 'D2'),
(629, 649, NULL, 0, 'Jean-Paul', 0, 'D4'),
(630, 650, 59, 3, 'Dirk B', 1, 'D2'),
(631, 650, 1, 2, 'Jan', 1, 'D6'),
(632, 650, 66, 3, 'Finn', 1, 'NG'),
(633, 650, NULL, 0, 'Jean-Marie', 0, 'D4'),
(634, 650, NULL, 1, 'Ilse', 0, 'E0'),
(635, 650, NULL, 0, 'Maarten', 0, 'E2'),
(636, 652, 11, 1, 'Etienne', 1, 'E6'),
(637, 652, 65, 2, 'Leo', 1, 'F'),
(638, 652, 74, 3, 'Dries', 1, 'NG'),
(639, 652, NULL, 2, 'Jan desmedt', 0, 'E2'),
(640, 652, NULL, 1, 'Anthony', 0, 'E6'),
(641, 652, NULL, 0, 'Arnold deschepper', 0, 'F'),
(642, 662, 13, 3, 'Pascal', 1, 'B2'),
(643, 662, 4, 3, 'Dirk DS.', 1, 'C6'),
(644, 662, 16, 2, 'Bart', 1, 'D0'),
(645, 663, 12, NULL, 'Geert', 1, 'D0'),
(646, 663, 2, NULL, 'Patrick', 1, 'C6'),
(647, 663, 59, NULL, 'Dirk B', 1, 'D2'),
(655, 666, 2, 2, 'Patrick', 1, 'D4'),
(654, 666, 16, 3, 'Bart', 1, 'D2'),
(653, 666, 12, 2, 'Geert', 1, 'D2'),
(652, 666, 5, 2, 'Gerdo', 1, 'D0'),
(671, 680, 79, 2, 'Hugo', 1, 'E6'),
(670, 680, 78, 4, 'Bart VDE', 1, 'E2'),
(669, 680, 59, 4, 'Dirk B', 1, 'D6'),
(668, 680, 58, 4, 'Jelle', 1, 'D4'),
(672, 681, 29, 1, 'Martin', 1, 'E6'),
(673, 681, 63, 1, 'Marnix', 1, 'F'),
(674, 681, 74, 2, 'Dries', 1, 'NG'),
(675, 681, NULL, 3, 'Chris everaert', 0, 'E2'),
(676, 681, NULL, 1, 'Frank heitens', 0, 'E4'),
(677, 681, NULL, 1, 'David engelem', 0, 'F'),
(678, 682, 2, 1, 'Patrick', 1, 'C6'),
(679, 682, 12, 0, 'Geert', 1, 'D0'),
(680, 682, 16, 0, 'Bart', 1, 'D0'),
(681, 693, 66, 3, 'Finn', 1, 'NG'),
(682, 693, 65, 2, 'Leo', 1, 'F'),
(683, 693, 74, 1, 'Dries', 1, 'NG'),
(684, 693, NULL, 1, 'Ann kiekemans', 0, 'E4'),
(685, 693, NULL, 2, 'Nicole', 0, 'E4'),
(686, 693, NULL, 0, 'Magda', 0, 'E6'),
(687, 711, 78, 4, 'Bart VDE', 1, 'E2'),
(688, 711, 34, 4, 'Thomas', 1, 'E4'),
(689, 711, 28, 2, 'Guy', 1, 'E4'),
(690, 711, 79, 4, 'Hugo', 1, 'E6'),
(691, 712, 2, 4, 'Patrick', 1, 'D4'),
(692, 712, 58, 4, 'Jelle', 1, 'D4'),
(693, 712, 14, 2, 'Luc', 1, 'E0'),
(694, 712, 74, 0, 'Dries', 1, 'NG'),
(695, 716, 2, NULL, 'Patrick', 1, 'C6'),
(696, 716, 12, NULL, 'Geert', 1, 'D0'),
(697, 716, 16, NULL, 'Bart', 1, 'D0'),
(698, 718, 66, 3, 'Finn', 1, 'NG'),
(699, 718, 65, 2, 'Leo', 1, 'F'),
(700, 718, 74, 2, 'Dries', 1, 'NG'),
(701, 718, NULL, 1, 'Yoeri', 0, 'E2'),
(702, 718, NULL, 1, 'Ferdi', 0, 'E2'),
(703, 718, NULL, 0, 'Luc', 0, 'F'),
(704, 721, 6, 0, 'Thierry', 1, 'E6'),
(705, 721, 29, 2, 'Martin', 1, 'E6'),
(706, 721, 63, 2, 'Marnix', 1, 'E6'),
(707, 721, 72, 0, 'Daniel', 1, 'NG'),
(708, 722, 5, 3, 'Gerdo', 1, 'D0'),
(709, 722, 12, 4, 'Geert', 1, 'D2'),
(710, 722, 16, 2, 'Bart', 1, 'D2'),
(711, 722, 20, 3, 'Wouter', 1, 'D2'),
(712, 725, 62, 2, 'Peter V', 1, 'E6'),
(713, 725, 17, 4, 'Dirk K.', 1, 'E6'),
(714, 725, 65, 4, 'Leo', 1, 'E6'),
(715, 725, 74, 3, 'Dries', 1, 'NG'),
(716, 725, NULL, 0, 'Jan', 0, 'E6'),
(717, 725, NULL, 2, 'Francis', 0, 'E6'),
(718, 725, NULL, 0, 'Antoon', 0, 'NG'),
(719, 725, NULL, 1, 'Marc', 0, 'E6'),
(720, 729, 2, NULL, 'Patrick', 1, 'C6'),
(721, 729, 12, NULL, 'Geert', 1, 'D0'),
(722, 729, 16, NULL, 'Bart', 1, 'D0'),
(723, 730, 22, 4, 'Tuur', 1, 'E4'),
(724, 730, 61, 4, 'Peter N', 1, 'E6'),
(725, 730, 65, 4, 'Leo', 1, 'E6'),
(726, 730, 74, 3, 'Dries', 1, 'NG'),
(727, 730, NULL, 1, 'Wouter lavereys', 0, 'E6'),
(728, 730, NULL, 0, 'Fabrice', 0, 'E6'),
(729, 730, NULL, 0, 'Nicolas', 0, 'E6'),
(730, 730, NULL, 0, 'Gilles emery', 0, 'NG'),
(745, 735, NULL, 0, 'Gert Uvin', 0, '0'),
(744, 735, NULL, 3, 'Stiens Tibo', 0, '0'),
(743, 735, NULL, 1, 'Jordi Walckiers', 0, '0'),
(742, 735, 79, 2, 'Hugo', 1, 'E6'),
(741, 735, 31, 1, 'Veerle', 1, 'E4'),
(740, 735, 34, 4, 'Thomas', 1, 'E4'),
(739, 735, 78, 3, 'Bart VDE', 1, 'E2'),
(746, 735, NULL, 2, 'Van Nieuwenhove Jens', 0, '0'),
(756, 742, NULL, 2, 'Gerdo De Vilder', 0, 'C4'),
(755, 742, 16, 2, 'Bart', 1, 'D0'),
(754, 742, 12, 2, 'Geert', 1, 'D0'),
(753, 742, 2, 3, 'Patrick', 1, 'C6'),
(757, 742, NULL, 0, 'Luc Lermytte', 0, 'D2'),
(758, 742, NULL, 0, 'Gustaaf De Proft', 0, 'D4'),
(759, 748, 31, 2, 'Veerle', 1, 'E4'),
(760, 748, 17, 1, 'Dirk K.', 1, 'E6'),
(761, 748, 65, 1, 'Leo', 1, 'E6'),
(762, 748, 74, 3, 'Dries', 1, 'NG'),
(763, 748, NULL, 3, 'Rene', 0, 'E4'),
(764, 748, NULL, 4, 'Patrick', 0, 'E6'),
(765, 748, NULL, 2, 'Stijn', 0, 'E6'),
(766, 748, NULL, 0, 'Axel troch', 0, 'NG'),
(785, 753, 28, 4, 'Guy', 1, 'E4'),
(784, 753, 34, 4, 'Thomas', 1, 'E4'),
(783, 753, 78, 4, 'Bart VDE', 1, 'E2'),
(786, 753, 79, 4, 'Hugo', 1, 'E6'),
(787, 756, 2, 2, 'Patrick', 1, 'C6'),
(788, 756, 12, 3, 'Geert', 1, 'D0'),
(789, 756, 16, 3, 'Bart', 1, 'D0'),
(790, 762, 5, 1, 'Gerdo', 1, 'D0'),
(791, 762, 12, 1, 'Geert', 1, 'D2'),
(792, 762, 16, 3, 'Bart', 1, 'D2'),
(793, 762, 20, 1, 'Wouter', 1, 'D2'),
(794, 763, 29, 3, 'Martin', 1, 'E6'),
(795, 763, 65, 3, 'Leo', 1, 'E6'),
(796, 763, 62, 1, 'Peter V', 1, 'E6'),
(797, 763, 74, 4, 'Dries', 1, 'NG'),
(798, 763, NULL, 2, 'Matthias Van Damme', 0, 'E2'),
(799, 763, NULL, 1, 'Philippe Somers', 0, 'E6'),
(800, 763, NULL, 2, 'Marc dewaele', 0, 'E6'),
(801, 763, NULL, 0, 'Patrick Declercq', 0, 'E6'),
(802, 765, 58, 2, 'Jelle', 1, 'D4'),
(803, 765, 59, 3, 'Dirk B', 1, 'D6'),
(804, 765, 14, 2, 'Luc', 1, 'E0'),
(805, 765, 31, 1, 'Veerle', 1, 'E4'),
(806, 769, 78, 4, 'Bart VDE', 1, 'E2'),
(807, 769, 34, 4, 'Thomas', 1, 'E4'),
(808, 769, 22, 3, 'Tuur', 1, 'E4'),
(809, 769, 79, 1, 'Hugo', 1, 'E6'),
(827, 775, 79, 3, 'Hugo', 1, 'E6'),
(828, 775, 59, 4, 'Dirk B', 1, 'D6'),
(829, 775, 34, 1, 'Thomas', 1, 'E4'),
(826, 775, 78, 2, 'Bart VDE', 1, 'E2'),
(830, 779, 34, 4, 'Thomas', 1, 'E2'),
(831, 779, 28, 2, 'Guy', 1, 'E4'),
(832, 779, 74, 2, 'Dries', 1, 'E4'),
(833, 779, 84, 0, 'Maarten', 1, 'E4'),
(834, 779, NULL, 3, 'Axel de bruyn', 0, 'E0'),
(835, 779, NULL, 3, 'Tim baeyens', 0, 'E2'),
(836, 779, NULL, 1, 'Tim lammens', 0, 'E4'),
(837, 779, NULL, 1, 'Sander bauwens', 0, 'E6'),
(838, 780, 34, 4, 'Thomas', 1, 'E2'),
(839, 780, 28, 2, 'Guy', 1, 'E4'),
(840, 780, 74, 2, 'Dries', 1, 'E4'),
(841, 780, 84, 0, 'Maarten', 1, 'E4'),
(842, 780, NULL, 3, 'Axel de bruyn', 0, 'E0'),
(843, 780, NULL, 3, 'Tim baeyens', 0, 'E2'),
(844, 780, NULL, 1, 'Tim lammens', 0, 'E4'),
(845, 780, NULL, 1, 'Sander bauwens', 0, 'E6'),
(846, 785, 17, 2, 'Dirk K.', 1, 'E6'),
(847, 785, 63, 3, 'Marnix', 1, 'F'),
(848, 785, 6, 2, 'Thierry', 1, 'F'),
(849, 785, NULL, 1, 'Daniel Petit', 0, 'F'),
(850, 785, NULL, 1, 'Tim Meesters', 0, 'NG'),
(851, 785, NULL, 0, 'Etienne Cornut', 0, 'NG'),
(852, 795, 1, 2, 'Jan', 1, 'E0'),
(853, 795, 74, 2, 'Dries', 1, 'E4'),
(854, 795, 28, 1, 'Guy', 1, 'E4'),
(855, 795, 31, 1, 'Veerle', 1, 'E4'),
(856, 795, NULL, 4, 'Jonas', 0, 'E2'),
(857, 795, NULL, 3, 'X', 0, 'E2'),
(858, 795, NULL, 0, 'Ludwig', 0, 'E4'),
(859, 795, NULL, 3, 'John', 0, 'E4'),
(860, 801, 75, 3, 'Sami', 1, 'C2'),
(861, 801, 4, 2, 'Dirk DS.', 1, 'C2'),
(862, 801, 12, 0, 'Geert', 1, 'C6'),
(863, 802, 2, 1, 'Patrick', 1, 'C6'),
(864, 802, 16, 2, 'Bart', 1, 'C6'),
(865, 802, 59, 2, 'Dirk B', 1, 'D0'),
(876, 815, 8, 2, 'Jurgen E.', 1, 'C6'),
(875, 815, 4, 3, 'Dirk DS.', 1, 'C4'),
(874, 815, 75, 2, 'Sami', 1, 'C4'),
(877, 815, 7, 2, 'Dimitri', 1, 'D0'),
(878, 816, 80, 0, 'Arne', 1, 'D2'),
(879, 816, 16, 2, 'Bart', 1, 'D2'),
(880, 816, 58, 1, 'Jelle', 1, 'D2'),
(881, 816, 12, 0, 'Geert', 1, 'D4'),
(882, 837, 2, 3, 'Patrick', 1, 'C6'),
(883, 837, 12, 2, 'Geert', 1, 'C6'),
(884, 837, 16, 2, 'Bart', 1, 'C6'),
(885, 841, 80, NULL, 'Arne', 1, 'D2'),
(886, 841, 2, NULL, 'Patrick', 1, 'D2'),
(887, 841, 5, NULL, 'Gerdo', 1, 'D2'),
(888, 841, 16, NULL, 'Bart', 1, 'D2'),
(889, 842, 2, 3, 'Patrick', 1, 'C6'),
(890, 842, 16, 3, 'Bart', 1, 'C6'),
(891, 842, 59, 3, 'Dirk B', 1, 'D0'),
(899, 891, 20, 2, 'Wouter', 1, 'D2'),
(898, 891, 8, 1, 'Jurgen E.', 1, 'C6'),
(897, 891, 4, 0, 'Dirk DS.', 1, 'C4'),
(896, 891, 75, 2, 'Sami', 1, 'C4'),
(960, 904, NULL, 1, 'Daniel', 0, 'F'),
(959, 904, NULL, 0, 'Etienne C', 0, 'NG'),
(958, 904, NULL, 0, 'Tim M', 0, 'NG'),
(957, 904, 17, 2, 'Dirk K.', 1, 'E6'),
(956, 904, 6, 3, 'Thierry', 1, 'F'),
(955, 904, 64, 3, 'Rudi', 1, 'F'),
(926, 899, NULL, 1, 'Filip Wittockx', 0, 'E0'),
(925, 899, 31, 3, 'Veerle', 1, 'E2'),
(924, 899, 28, 1, 'Guy', 1, 'E0'),
(923, 899, 1, 1, 'Jan', 1, 'D6'),
(927, 899, NULL, 1, 'Herman Stassijns', 0, 'E0'),
(928, 899, NULL, 2, 'Antoine De Burggrave', 0, 'E0'),
(929, 900, 65, 4, 'Leo', 1, 'E4'),
(930, 900, 17, 3, 'Dirk K.', 1, 'E4'),
(931, 900, 62, 4, 'Peter V', 1, 'E6'),
(932, 900, 6, 3, 'Thierry', 1, 'E6'),
(933, 900, NULL, 0, 'Franois De Proft', 0, 'NG'),
(934, 900, NULL, 1, 'Wout De Vylder', 0, 'NG'),
(935, 900, NULL, 0, 'Kimberley Schaetsaert', 0, 'NG'),
(936, 900, NULL, 1, 'Stef Van Daele', 0, 'NG'),
(961, 909, 75, 1, 'Sami', 1, 'C4'),
(962, 909, 8, 1, 'Jurgen E.', 1, 'C6'),
(963, 909, 7, NULL, 'Dimitri', 1, 'D0'),
(964, 909, 20, NULL, 'Wouter', 1, 'D2'),
(965, 909, NULL, 4, 'Snellinckx Stefan', 0, 'C0'),
(966, 909, NULL, 3, 'Beghyn Kurt', 0, 'C2'),
(967, 909, NULL, 3, 'De Boom Ronny', 0, 'C2'),
(968, 909, NULL, 4, 'Klomp Theo', 0, 'C2'),
(969, 910, 80, 0, 'Arne', 1, 'D2'),
(970, 910, 16, 2, 'Bart', 1, 'D2'),
(971, 910, 5, 2, 'Gerdo', 1, 'D2'),
(972, 910, 12, 0, 'Geert', 1, 'D4'),
(973, 910, NULL, 4, 'Creel Kristof', 0, 'C4'),
(974, 910, NULL, 4, 'Ongenae Didier', 0, 'C4'),
(975, 910, NULL, 2, 'Verspeeten Franky', 0, 'C6'),
(976, 910, NULL, 2, 'De Craene Peter', 0, 'D2'),
(977, 911, 58, 4, 'Jelle', 1, 'D2'),
(978, 911, 83, 4, 'Laurens', 1, 'D4'),
(979, 911, 59, 2, 'Dirk B', 1, 'D6'),
(980, 911, 34, 4, 'Thomas', 1, 'E2'),
(981, 911, NULL, 0, 'De Bruyne Tim', 0, 'D2'),
(982, 911, NULL, 1, 'Vanderdonckt Olivier', 0, 'D4'),
(983, 911, NULL, 0, 'Dellisse Cedric', 0, 'D6'),
(984, 911, NULL, 1, 'Verdonckt Frank', 0, 'E0'),
(1008, 914, NULL, 1, 'Aerts Johan', 0, 'E4'),
(1007, 914, NULL, 0, 'Decaluwe Ludwig', 0, 'E4'),
(1006, 914, NULL, 0, 'Hautekeete Jonas', 0, 'E2'),
(1005, 914, NULL, 1, 'Verleye Pascal', 0, 'E4'),
(1004, 914, 1, 3, 'Jan', 1, 'E0'),
(1002, 914, 84, 4, 'Maarten', 1, 'E4'),
(1003, 914, 79, 3, 'Hugo', 1, 'E0'),
(1001, 914, 81, 4, 'Patrick DS', 1, 'NG'),
(1009, 915, 12, 2, 'Geert', 1, 'C6'),
(1010, 915, 16, 1, 'Bart', 1, 'C6'),
(1011, 915, 59, 3, 'Dirk B', 1, 'D0'),
(1012, 915, NULL, 2, 'Durant Filip', 0, 'C4'),
(1013, 915, NULL, 1, 'Custers Philippe', 0, 'D4'),
(1014, 915, NULL, 0, 'Warrand Francis', 0, 'E6'),
(1043, 921, 65, 3, 'Leo', 1, 'E2'),
(1042, 921, 84, 2, 'Maarten', 1, 'E2'),
(1041, 921, 81, 3, 'Patrick DS', 1, 'NG'),
(1020, 917, 65, 3, 'Leo', 1, 'E2'),
(1021, 917, 84, 2, 'Maarten', 1, 'E2'),
(1022, 917, 81, 3, 'Patrick DS', 1, 'NG'),
(1023, 917, NULL, 0, 'Roelandt Ranald', 0, 'E4'),
(1024, 917, NULL, 1, 'Merchiers Koen', 0, 'E4'),
(1025, 918, 65, 3, 'Leo', 1, 'E2'),
(1026, 918, 84, 2, 'Maarten', 1, 'E2'),
(1027, 918, 81, 3, 'Patrick DS', 1, 'NG'),
(1028, 918, NULL, 0, 'Roelandt Ranald', 0, 'E4'),
(1029, 918, NULL, 1, 'Merchiers Koen', 0, 'E4'),
(1030, 919, 65, 3, 'Leo', 1, 'E2'),
(1031, 919, 84, 2, 'Maarten', 1, 'E2'),
(1032, 919, 81, 3, 'Patrick DS', 1, 'NG'),
(1033, 919, NULL, 0, 'Roelandt Ranald', 0, 'E4'),
(1034, 919, NULL, 1, 'Merchiers Koen', 0, 'E4'),
(1035, 919, NULL, 0, 'Wuytack Pierre', 0, 'E4'),
(1044, 921, NULL, 1, 'Merchiers Koen', 0, 'E4'),
(1045, 921, NULL, 0, 'Roelandt Ranald', 0, 'E4'),
(1046, 922, 36, 3, 'Jorn', 1, 'C0'),
(1047, 922, 20, 1, 'Wouter', 1, 'C4'),
(1048, 922, 58, 2, 'Jelle', 1, 'D0'),
(1049, 922, NULL, 2, 'Beghyn Kurt', 0, 'B6'),
(1050, 922, NULL, 1, 'De Boeck Stijn', 0, 'C4'),
(1051, 922, NULL, 0, 'Depre Yves', 0, 'C6'),
(1052, 923, 86, 2, 'Kharmis', 1, 'C0'),
(1053, 923, 4, 1, 'Dirk DS.', 1, 'C2'),
(1054, 923, 66, 1, 'Finn', 1, 'D2'),
(1055, 923, NULL, 3, 'Maes Gunther', 0, 'B6'),
(1056, 923, NULL, 1, 'Luyckx Steve', 0, 'C4'),
(1057, 923, NULL, 1, 'Trappers Mario', 0, 'D0'),
(1058, 925, 1, 2, 'Jan', 1, 'D6'),
(1059, 925, 28, 0, 'Guy', 1, 'E0'),
(1060, 925, 74, 1, 'Dries', 1, 'E2'),
(1061, 925, NULL, 3, 'De Nul Lars', 0, 'C6'),
(1062, 925, NULL, 2, 'De Mey Frank', 0, 'D6'),
(1063, 925, NULL, 1, 'De Schuyter Joris', 0, 'E0'),
(1064, 926, 77, 3, 'Tim', 1, 'F'),
(1065, 926, 30, 0, 'Etienne C.', 1, 'NG'),
(1066, 926, 71, 0, 'Myriam', 1, 'NG'),
(1067, 926, NULL, 2, 'Van Mele Peter', 0, 'NG'),
(1068, 926, NULL, 2, 'Dierick Koen', 0, 'NG'),
(1069, 926, NULL, 2, 'Noppe Jan', 0, 'NG'),
(1070, 929, 58, 1, 'Jelle', 1, 'D2'),
(1071, 929, 83, 1, 'Laurens', 1, 'D4'),
(1072, 929, 59, 1, 'Dirk B', 1, 'D6'),
(1073, 929, 14, 1, 'Luc', 1, 'E0'),
(1074, 929, NULL, 4, 'Oosters Bruno', 0, 'C6'),
(1075, 929, NULL, 3, 'Cornelis Johan', 0, 'C6'),
(1076, 929, NULL, 2, 'Buyck Lien', 0, 'D0'),
(1077, 929, NULL, 2, 'Kluskens Dick', 0, 'D4'),
(1078, 930, 79, 1, 'Hugo', 1, 'E0'),
(1079, 930, 34, 3, 'Thomas', 1, 'E2'),
(1080, 930, 65, 0, 'Leo', 1, 'E4'),
(1081, 930, 84, 2, 'Maarten', 1, 'E4'),
(1082, 930, NULL, 2, 'Symens Michiel', 0, 'E2'),
(1083, 930, NULL, 2, 'Thielens Arno', 0, 'E2'),
(1084, 930, NULL, 3, 'Masijn Luc', 0, 'E2'),
(1085, 930, NULL, 3, 'Van Tomme Yves', 0, 'E2'),
(1169, 944, NULL, 3, 'Verbeke Cato', 0, 'E6'),
(1168, 944, 6, 3, 'Thierry', 1, 'E6'),
(1167, 944, 64, 1, 'Rudi', 1, 'E6'),
(1166, 944, 62, 1, 'Peter V', 1, 'E6'),
(1165, 944, 17, 1, 'Dirk K.', 1, 'E4'),
(1092, 932, 17, 1, 'Dirk K.', 1, 'E4'),
(1093, 932, 62, 1, 'Peter V', 1, 'E6'),
(1094, 932, 64, 1, 'Rudi', 1, 'E6'),
(1095, 932, 6, 3, 'Thierry', 1, 'E6'),
(1096, 932, NULL, 3, 'Verbeke Cato', 0, 'E6'),
(1097, 932, NULL, 3, 'Megroedt Lise', 0, 'E6'),
(1098, 932, NULL, 0, 'Van Hoye Sofie', 0, 'E6'),
(1099, 932, NULL, 0, 'Heyse Sarah', 0, 'NG'),
(1100, 933, 17, 3, 'Dirk K.', 1, 'E6'),
(1101, 933, 6, 2, 'Thierry', 1, 'F'),
(1102, 933, 63, 3, 'Marnix', 1, 'F'),
(1103, 933, NULL, 0, 'Eeckhout Bart', 0, 'F'),
(1104, 933, NULL, 1, 'De Clippeleir Andries', 0, 'NG'),
(1105, 933, NULL, 0, 'Guns Evi', 0, 'NG'),
(1170, 944, NULL, 3, 'Megroedt Lise', 0, 'E6'),
(1164, 943, NULL, 2, 'An Simoens', 0, 'F'),
(1163, 943, NULL, 2, 'Franky D''hondt', 0, 'F'),
(1162, 943, NULL, 3, 'Soltani Afshin', 0, 'NG'),
(1161, 943, 72, 2, 'Daniel', 1, 'F'),
(1160, 943, 82, 0, 'Tim M', 1, 'NG'),
(1159, 943, 30, 0, 'Etienne C.', 1, 'NG'),
(1171, 944, NULL, 0, 'Van hoye Sofie', 0, 'NG'),
(1172, 946, 65, 3, 'Leo', 1, 'E2'),
(1173, 946, 62, 3, 'Peter V', 1, 'E4'),
(1174, 946, 2, 3, 'Patrick', 1, 'C6'),
(1175, 946, NULL, 0, 'Van Hove Harry', 0, 'E6'),
(1176, 946, NULL, 0, 'Thieleman Frederik', 0, 'F'),
(1177, 946, NULL, 0, 'Ryckaert Anouck', 0, 'NG'),
(1178, 955, 77, 3, 'Tim', 1, 'F'),
(1179, 955, 30, 1, 'Etienne C.', 1, 'NG'),
(1180, 955, 71, 0, 'Myriam', 1, 'NG'),
(1181, 955, NULL, 2, 'Andries De Clippeleir', 0, 'NG'),
(1182, 955, NULL, 2, 'Guns Evi', 0, 'NG'),
(1183, 955, NULL, 1, 'Kim Andrew', 0, 'NG'),
(1222, 962, NULL, 0, 'De Muyter Gunther', 0, 'NG'),
(1221, 962, NULL, 1, 'Gaytant Wesley', 0, 'NG'),
(1220, 962, NULL, 2, 'Poelman Wesley', 0, 'NG'),
(1187, 957, 16, 1, 'Bart', 1, 'C6'),
(1188, 957, 12, 0, 'Geert', 1, 'C6'),
(1189, 957, 2, 1, 'Patrick', 1, 'C6'),
(1190, 957, NULL, 3, 'Van Praet Frederic', 0, 'C2'),
(1191, 957, NULL, 3, 'Lazou Rutger', 0, 'C6'),
(1192, 957, NULL, 1, 'Dheedene Jozeph', 0, 'D0'),
(1193, 958, 36, 1, 'Jorn', 1, 'C0'),
(1194, 958, 86, 2, 'Kharmis', 1, 'C0'),
(1195, 958, 66, 1, 'Finn', 1, 'D2'),
(1196, 958, NULL, 3, 'Waegeman Ken', 0, 'A'),
(1197, 958, NULL, 0, 'Goossens Lorenzo', 0, 'C4'),
(1198, 958, NULL, 2, 'Van Der Plas Patrick', 0, 'C4'),
(1199, 959, 12, 3, 'Geert', 1, 'C6'),
(1200, 959, 16, 3, 'Bart', 1, 'C6'),
(1201, 959, 59, 3, 'Dirk B', 1, 'D0'),
(1202, 959, NULL, 0, 'Bombeeck Dirk', 0, 'D4'),
(1203, 959, NULL, 0, 'Verhoeven Dirk', 0, 'D4'),
(1204, 959, NULL, 0, 'Van Goethem Etienne', 0, 'D4'),
(1205, 960, 58, 1, 'Jelle', 1, 'D0'),
(1206, 960, 14, 1, 'Luc', 1, 'D4'),
(1207, 960, 28, 0, 'Guy', 1, 'E0'),
(1208, 960, NULL, 3, 'De Hertogh Kurt', 0, 'D4'),
(1209, 960, NULL, 2, 'De Hertogh Luc', 0, 'D4'),
(1210, 960, NULL, 2, 'Van Rossem Pascal', 0, 'D4'),
(1219, 962, 17, 2, 'Dirk K.', 1, 'E6'),
(1218, 962, 64, 1, 'Rudi', 1, 'F'),
(1217, 962, 81, 3, 'Patrick DS', 1, 'NG'),
(1223, 964, 72, 2, 'Daniel', 1, 'F'),
(1224, 964, 30, 2, 'Etienne C.', 1, 'NG'),
(1225, 964, 82, 2, 'Tim M', 1, 'NG'),
(1226, 967, 36, 3, 'Jorn', 1, 'C0'),
(1227, 967, 86, 3, 'Kharmis', 1, 'C0'),
(1228, 967, 66, 3, 'Finn', 1, 'D2'),
(1229, 967, NULL, 0, 'Neerinckx Laurens', 0, 'D2'),
(1230, 967, NULL, 0, 'Cassiman Benjamin', 0, 'D4'),
(1231, 967, NULL, 0, 'De Geyndt Dimitri', 0, 'D6'),
(1248, 971, NULL, 2, 'De Muyter Gunther', 0, 'NG'),
(1247, 971, NULL, 2, 'Van Keymeulen Jean-Pierre', 0, 'NG'),
(1246, 971, 72, 0, 'Daniel', 1, 'F'),
(1245, 971, 81, 3, 'Patrick DS', 1, 'NG'),
(1244, 971, 30, 0, 'Etienne C.', 1, 'NG'),
(1249, 971, NULL, 2, 'Gaytant Wesley', 0, 'NG'),
(1250, 976, 77, 2, 'Tim', 1, 'F'),
(1251, 976, 30, 1, 'Etienne C.', 1, 'NG'),
(1252, 976, NULL, 3, 'Geets Willy', 0, 'F'),
(1253, 976, NULL, 2, 'De Meerleer Paul', 0, 'F'),
(1254, 976, NULL, 1, 'Rottiers Marc', 0, 'NG'),
(1255, 986, 36, 2, 'Jorn', 1, 'C0'),
(1256, 986, 20, 0, 'Wouter', 1, 'C4'),
(1257, 986, 66, 0, 'Finn', 1, 'D2'),
(1258, 986, NULL, 3, 'De Smedt Sven', 0, 'A'),
(1259, 986, NULL, 2, 'Amelinckx Hedwig', 0, 'C2'),
(1260, 986, NULL, 2, 'Vermeulen Nick', 0, 'C6'),
(1261, 993, 2, 2, 'Patrick', 1, 'D2'),
(1262, 993, 80, 0, 'Arne', 1, 'D2'),
(1263, 993, 16, 1, 'Bart', 1, 'D2'),
(1264, 993, 71, 0, 'Myriam', 1, 'NG'),
(1265, 994, 58, 3, 'Jelle', 1, 'D2'),
(1266, 994, 12, 4, 'Geert', 1, 'D4'),
(1267, 994, 59, 3, 'Dirk B', 1, 'D6'),
(1268, 994, 34, 4, 'Thomas', 1, 'E2'),
(1269, 995, 14, 2, 'Luc', 1, 'E0'),
(1270, 995, 84, 2, 'Maarten', 1, 'E4'),
(1271, 995, 28, 1, 'Guy', 1, 'E4'),
(1272, 995, 65, 3, 'Leo', 1, 'E4'),
(1273, 996, 17, 3, 'Dirk K.', 1, 'E4'),
(1274, 996, 62, 3, 'Peter V', 1, 'E6'),
(1275, 996, 6, 1, 'Thierry', 1, 'E6'),
(1276, 996, 64, 1, 'Rudi', 1, 'E6'),
(1277, 997, 8, 1, 'Jurgen E.', 1, 'C6'),
(1278, 997, 7, 0, 'Dimitri', 1, 'D0'),
(1279, 997, 20, 0, 'Wouter', 1, 'D2'),
(1280, 997, 5, 0, 'Gerdo', 1, 'D2'),
(1281, 998, 64, 2, 'Rudi', 1, 'E6'),
(1282, 998, 62, 1, 'Peter V', 1, 'E6'),
(1283, 998, 6, 1, 'Thierry', 1, 'E6'),
(1284, 998, 72, 0, 'Daniel', 1, 'NG'),
(1285, 999, 80, 0, 'Arne', 1, 'D2'),
(1286, 999, 16, 0, 'Bart', 1, 'D2'),
(1287, 999, 5, 1, 'Gerdo', 1, 'D2'),
(1288, 999, 12, 0, 'Geert', 1, 'D4'),
(1289, 1000, 58, 2, 'Jelle', 1, 'D2'),
(1290, 1000, 83, 3, 'Laurens', 1, 'D4'),
(1291, 1000, 59, 4, 'Dirk B', 1, 'D6'),
(1292, 1000, 79, 1, 'Hugo', 1, 'E0');

/*!40101 SET CHARACTER_SET_CLIENT=@OLD_CHARACTER_SET_CLIENT */;
/*!40101 SET CHARACTER_SET_RESULTS=@OLD_CHARACTER_SET_RESULTS */;
/*!40101 SET COLLATION_CONNECTION=@OLD_COLLATION_CONNECTION */;
